Symbol,Company,Weight,WeightPct,Source,SourceUrl,FetchedAtIST,MappingStatus
RELIANCE,RELIANCE INDUSTRIES LTD,9.18,9.18,Smart-Investing NIFTY weightage table,https://www.smart-investing.in/indices-bse-nse.php?index=NIFTY,2026-07-03T14:04:51.745795+05:30,mapped_to_official_nifty_constituent
HDFCBANK,HDFC BANK LTD,6.38,6.38,Smart-Investing NIFTY weightage table,https://www.smart-investing.in/indices-bse-nse.php?index=NIFTY,2026-07-03T14:04:51.745795+05:30,mapped_to_official_nifty_constituent
BHARTIARTL,BHARTI AIRTEL LTD,5.95,5.95,Smart-Investing NIFTY weightage table,https://www.smart-investing.in/indices-bse-nse.php?index=NIFTY,2026-07-03T14:04:51.745795+05:30,mapped_to_official_nifty_constituent
ICICIBANK,ICICI BANK LTD,5.23,5.23,Smart-Investing NIFTY weightage table,https://www.smart-investing.in/indices-bse-nse.php?index=NIFTY,2026-07-03T14:04:51.745795+05:30,mapped_to_official_nifty_constituent
SBIN,STATE BANK OF INDIA,5.05,5.05,Smart-Investing NIFTY weightage table,https://www.smart-investing.in/indices-bse-nse.php?index=NIFTY,2026-07-03T14:04:51.745795+05:30,mapped_to_official_nifty_constituent
TCS,TATA CONSULTANCY SERVICES LTD,3.89,3.89,Smart-Investing NIFTY weightage table,https://www.smart-investing.in/indices-bse-nse.php?index=NIFTY,2026-07-03T14:04:51.745795+05:30,mapped_to_official_nifty_constituent
BAJFINANCE,BAJAJ FINANCE LTD,3.3,3.3,Smart-Investing NIFTY weightage table,https://www.smart-investing.in/indices-bse-nse.php?index=NIFTY,2026-07-03T14:04:51.745795+05:30,mapped_to_official_nifty_constituent
LT,LARSEN & TOUBRO LTD,2.91,2.91,Smart-Investing NIFTY weightage table,https://www.smart-investing.in/indices-bse-nse.php?index=NIFTY,2026-07-03T14:04:51.745795+05:30,mapped_to_official_nifty_constituent
HINDUNILVR,HINDUSTAN UNILEVER LTD,2.7,2.7,Smart-Investing NIFTY weightage table,https://www.smart-investing.in/indices-bse-nse.php?index=NIFTY,2026-07-03T14:04:51.745795+05:30,mapped_to_official_nifty_constituent
MARUTI,MARUTI SUZUKI INDIA LTD,2.35,2.35,Smart-Investing NIFTY weightage table,https://www.smart-investing.in/indices-bse-nse.php?index=NIFTY,2026-07-03T14:04:51.745795+05:30,mapped_to_official_nifty_constituent
SUNPHARMA,SUN PHARMACEUTICAL INDUSTRIES LTD,2.34,2.34,Smart-Investing NIFTY weightage table,https://www.smart-investing.in/indices-bse-nse.php?index=NIFTY,2026-07-03T14:04:51.745795+05:30,mapped_to_official_nifty_constituent
ADANIPORTS,ADANI PORTS AND SPECIAL ECONOMIC ZONE LTD,2.26,2.26,Smart-Investing NIFTY weightage table,https://www.smart-investing.in/indices-bse-nse.php?index=NIFTY,2026-07-03T14:04:51.745795+05:30,mapped_to_official_nifty_constituent
AXISBANK,AXIS BANK LTD,2.21,2.21,Smart-Investing NIFTY weightage table,https://www.smart-investing.in/indices-bse-nse.php?index=NIFTY,2026-07-03T14:04:51.745795+05:30,mapped_to_official_nifty_constituent
INFY,INFOSYS LTD,2.2,2.2,Smart-Investing NIFTY weightage table,https://www.smart-investing.in/indices-bse-nse.php?index=NIFTY,2026-07-03T14:04:51.745795+05:30,mapped_to_official_nifty_constituent
ADANIENT,ADANI ENTERPRISES LTD,2.15,2.15,Smart-Investing NIFTY weightage table,https://www.smart-investing.in/indices-bse-nse.php?index=NIFTY,2026-07-03T14:04:51.745795+05:30,mapped_to_official_nifty_constituent
TITAN,TITAN COMPANY LTD,2.07,2.07,Smart-Investing NIFTY weightage table,https://www.smart-investing.in/indices-bse-nse.php?index=NIFTY,2026-07-03T14:04:51.745795+05:30,mapped_to_official_nifty_constituent
KOTAKBANK,KOTAK MAHINDRA BANK LTD,2.07,2.07,Smart-Investing NIFTY weightage table,https://www.smart-investing.in/indices-bse-nse.php?index=NIFTY,2026-07-03T14:04:51.745795+05:30,mapped_to_official_nifty_constituent
M&M,MAHINDRA & MAHINDRA LTD,2.05,2.05,Smart-Investing NIFTY weightage table,https://www.smart-investing.in/indices-bse-nse.php?index=NIFTY,2026-07-03T14:04:51.745795+05:30,mapped_to_official_nifty_constituent
ITC,ITC LTD,1.89,1.89,Smart-Investing NIFTY weightage table,https://www.smart-investing.in/indices-bse-nse.php?index=NIFTY,2026-07-03T14:04:51.745795+05:30,mapped_to_official_nifty_constituent
NTPC,NTPC LTD,1.81,1.81,Smart-Investing NIFTY weightage table,https://www.smart-investing.in/indices-bse-nse.php?index=NIFTY,2026-07-03T14:04:51.745795+05:30,mapped_to_official_nifty_constituent
ULTRACEMCO,ULTRATECH CEMENT LTD,1.77,1.77,Smart-Investing NIFTY weightage table,https://www.smart-investing.in/indices-bse-nse.php?index=NIFTY,2026-07-03T14:04:51.745795+05:30,mapped_to_official_nifty_constituent
BEL,BHARAT ELECTRONICS LTD,1.58,1.58,Smart-Investing NIFTY weightage table,https://www.smart-investing.in/indices-bse-nse.php?index=NIFTY,2026-07-03T14:04:51.745795+05:30,mapped_to_official_nifty_constituent
JSWSTEEL,JSW STEEL LTD,1.56,1.56,Smart-Investing NIFTY weightage table,https://www.smart-investing.in/indices-bse-nse.php?index=NIFTY,2026-07-03T14:04:51.745795+05:30,mapped_to_official_nifty_constituent
BAJAJFINSV,BAJAJ FINSERV LTD,1.55,1.55,Smart-Investing NIFTY weightage table,https://www.smart-investing.in/indices-bse-nse.php?index=NIFTY,2026-07-03T14:04:51.745795+05:30,mapped_to_official_nifty_constituent
ONGC,OIL & NATURAL GAS CORPORATION LTD,1.54,1.54,Smart-Investing NIFTY weightage table,https://www.smart-investing.in/indices-bse-nse.php?index=NIFTY,2026-07-03T14:04:51.745795+05:30,mapped_to_official_nifty_constituent
HCLTECH,HCL TECHNOLOGIES LTD,1.52,1.52,Smart-Investing NIFTY weightage table,https://www.smart-investing.in/indices-bse-nse.php?index=NIFTY,2026-07-03T14:04:51.745795+05:30,mapped_to_official_nifty_constituent
BAJAJ-AUTO,BAJAJ AUTO LTD,1.43,1.43,Smart-Investing NIFTY weightage table,https://www.smart-investing.in/indices-bse-nse.php?index=NIFTY,2026-07-03T14:04:51.745795+05:30,mapped_to_official_nifty_constituent
COALINDIA,COAL INDIA LTD,1.41,1.41,Smart-Investing NIFTY weightage table,https://www.smart-investing.in/indices-bse-nse.php?index=NIFTY,2026-07-03T14:04:51.745795+05:30,mapped_to_official_nifty_constituent
ETERNAL,ETERNAL LTD,1.41,1.41,Smart-Investing NIFTY weightage table,https://www.smart-investing.in/indices-bse-nse.php?index=NIFTY,2026-07-03T14:04:51.745795+05:30,mapped_to_official_nifty_constituent
POWERGRID,POWER GRID CORPORATION OF INDIA LTD,1.39,1.39,Smart-Investing NIFTY weightage table,https://www.smart-investing.in/indices-bse-nse.php?index=NIFTY,2026-07-03T14:04:51.745795+05:30,mapped_to_official_nifty_constituent
ASIANPAINT,ASIAN PAINTS LTD,1.37,1.37,Smart-Investing NIFTY weightage table,https://www.smart-investing.in/indices-bse-nse.php?index=NIFTY,2026-07-03T14:04:51.745795+05:30,mapped_to_official_nifty_constituent
SHRIRAMFIN,SHRIRAM FINANCE LTD,1.31,1.31,Smart-Investing NIFTY weightage table,https://www.smart-investing.in/indices-bse-nse.php?index=NIFTY,2026-07-03T14:04:51.745795+05:30,mapped_to_official_nifty_constituent
TATASTEEL,TATA STEEL LTD,1.22,1.22,Smart-Investing NIFTY weightage table,https://www.smart-investing.in/indices-bse-nse.php?index=NIFTY,2026-07-03T14:04:51.745795+05:30,mapped_to_official_nifty_constituent
GRASIM,GRASIM INDUSTRIES LTD,1.12,1.12,Smart-Investing NIFTY weightage table,https://www.smart-investing.in/indices-bse-nse.php?index=NIFTY,2026-07-03T14:04:51.745795+05:30,mapped_to_official_nifty_constituent
HINDALCO,HINDALCO INDUSTRIES LTD,1.11,1.11,Smart-Investing NIFTY weightage table,https://www.smart-investing.in/indices-bse-nse.php?index=NIFTY,2026-07-03T14:04:51.745795+05:30,mapped_to_official_nifty_constituent
INDIGO,INTERGLOBE AVIATION LTD,1.1,1.1,Smart-Investing NIFTY weightage table,https://www.smart-investing.in/indices-bse-nse.php?index=NIFTY,2026-07-03T14:04:51.745795+05:30,mapped_to_official_nifty_constituent
EICHERMOT,EICHER MOTORS LTD,1.04,1.04,Smart-Investing NIFTY weightage table,https://www.smart-investing.in/indices-bse-nse.php?index=NIFTY,2026-07-03T14:04:51.745795+05:30,mapped_to_official_nifty_constituent
SBILIFE,SBI LIFE INSURANCE COMPANY LTD,0.93,0.93,Smart-Investing NIFTY weightage table,https://www.smart-investing.in/indices-bse-nse.php?index=NIFTY,2026-07-03T14:04:51.745795+05:30,mapped_to_official_nifty_constituent
TRENT,TRENT LTD,0.92,0.92,Smart-Investing NIFTY weightage table,https://www.smart-investing.in/indices-bse-nse.php?index=NIFTY,2026-07-03T14:04:51.745795+05:30,mapped_to_official_nifty_constituent
WIPRO,WIPRO LTD,0.9,0.9,Smart-Investing NIFTY weightage table,https://www.smart-investing.in/indices-bse-nse.php?index=NIFTY,2026-07-03T14:04:51.745795+05:30,mapped_to_official_nifty_constituent
JIOFIN,JIO FINANCIAL SERVICES LTD,0.82,0.82,Smart-Investing NIFTY weightage table,https://www.smart-investing.in/indices-bse-nse.php?index=NIFTY,2026-07-03T14:04:51.745795+05:30,mapped_to_official_nifty_constituent
TECHM,TECH MAHINDRA LTD,0.72,0.72,Smart-Investing NIFTY weightage table,https://www.smart-investing.in/indices-bse-nse.php?index=NIFTY,2026-07-03T14:04:51.745795+05:30,mapped_to_official_nifty_constituent
TMPV,TATA MOTORS PASSENGER VEHICLES LTD,0.66,0.66,Smart-Investing NIFTY weightage table,https://www.smart-investing.in/indices-bse-nse.php?index=NIFTY,2026-07-03T14:04:51.745795+05:30,mapped_to_official_nifty_constituent
APOLLOHOSP,APOLLO HOSPITALS ENTERPRISE LTD,0.65,0.65,Smart-Investing NIFTY weightage table,https://www.smart-investing.in/indices-bse-nse.php?index=NIFTY,2026-07-03T14:04:51.745795+05:30,mapped_to_official_nifty_constituent
HDFCLIFE,HDFC LIFE INSURANCE CO LTD,0.65,0.65,Smart-Investing NIFTY weightage table,https://www.smart-investing.in/indices-bse-nse.php?index=NIFTY,2026-07-03T14:04:51.745795+05:30,mapped_to_official_nifty_constituent
CIPLA,CIPLA LTD,0.61,0.61,Smart-Investing NIFTY weightage table,https://www.smart-investing.in/indices-bse-nse.php?index=NIFTY,2026-07-03T14:04:51.745795+05:30,mapped_to_official_nifty_constituent
DRREDDY,DR REDDYS LABORATORIES LTD,0.58,0.58,Smart-Investing NIFTY weightage table,https://www.smart-investing.in/indices-bse-nse.php?index=NIFTY,2026-07-03T14:04:51.745795+05:30,mapped_to_official_nifty_constituent
MAXHEALTH,MAX HEALTHCARE INSTITUTE LTD,0.57,0.57,Smart-Investing NIFTY weightage table,https://www.smart-investing.in/indices-bse-nse.php?index=NIFTY,2026-07-03T14:04:51.745795+05:30,mapped_to_official_nifty_constituent
TATACONSUM,TATA CONSUMER PRODUCTS LTD,0.57,0.57,Smart-Investing NIFTY weightage table,https://www.smart-investing.in/indices-bse-nse.php?index=NIFTY,2026-07-03T14:04:51.745795+05:30,mapped_to_official_nifty_constituent
