ticker,cycle,policy,cost_profile_label,cost_profile,slippage_rate,disable_costs,test_return,test_drawdown,test_sharpe,test_turnover,test_trades
HDFCBANK,1,SIGNAL_E211_BANDED_68,cash_equity_realistic,cash_equity,0.001,False,-0.0006767960760271086,0.0006767960760271308,-0.14504427434015685,1.999999999,4
HDFCBANK,1,SIGNAL_E801_BANDED_70,cash_equity_realistic,cash_equity,0.001,False,-0.0003991106243471654,0.0003991106243471222,-0.10272482447304875,1.9999999979999998,2
HDFCBANK,1,SIGNAL_E1102_BANDED_70,cash_equity_realistic,cash_equity,0.001,False,-0.0002348095884797674,0.0002348095884797658,-0.09365341958858055,0.9999999995,2
HDFCBANK,1,FLAT,cash_equity_realistic,cash_equity,0.001,False,0.0,0.0,-10.0,0.0,0
HDFCBANK,1,SIGNAL_E211_BANDED_68,cash_equity_half_slippage,cash_equity,0.0005,False,-0.0004948660587137388,0.0004948660587137056,-0.14062779012238605,1.999999999,4
HDFCBANK,1,SIGNAL_E801_BANDED_70,cash_equity_half_slippage,cash_equity,0.0005,False,-0.0003079106256336228,0.0003079106256336672,-0.1006912725148688,1.9999999979999998,2
HDFCBANK,1,SIGNAL_E1102_BANDED_70,cash_equity_half_slippage,cash_equity,0.0005,False,-0.00014338715798489776,0.00014338715798494376,-0.08577150990380587,0.9999999995,2
HDFCBANK,1,FLAT,cash_equity_half_slippage,cash_equity,0.0005,False,0.0,0.0,-10.0,0.0,0
HDFCBANK,1,SIGNAL_E211_BANDED_68,stock_futures_realistic,stock_futures,0.001,False,-0.0007155059990129331,0.0007155059990129303,-0.14634679086282001,1.999999999,4
HDFCBANK,1,SIGNAL_E801_BANDED_70,stock_futures_realistic,stock_futures,0.001,False,-0.00041850780869301385,0.0004185078086929934,-0.10420347000481398,1.9999999979999998,2
HDFCBANK,1,SIGNAL_E1102_BANDED_70,stock_futures_realistic,stock_futures,0.001,False,-0.00025427556125501294,0.0002542755612550536,-0.09319673866780406,0.9999999995,2
HDFCBANK,1,FLAT,stock_futures_realistic,stock_futures,0.001,False,0.0,0.0,-10.0,0.0,0
HDFCBANK,1,SIGNAL_E211_BANDED_68,stock_futures_half_slippage,stock_futures,0.0005,False,-0.0005335996288066136,0.0005335996288065871,-0.14314403303455592,1.999999999,4
HDFCBANK,1,SIGNAL_E801_BANDED_70,stock_futures_half_slippage,stock_futures,0.0005,False,-0.00032731966088650477,0.0003273196608864964,-0.10313438266267821,1.9999999979999998,2
HDFCBANK,1,SIGNAL_E1102_BANDED_70,stock_futures_half_slippage,stock_futures,0.0005,False,-0.00016286501938267417,0.00016286501938266157,-0.0854052538759904,0.9999999995,2
HDFCBANK,1,FLAT,stock_futures_half_slippage,stock_futures,0.0005,False,0.0,0.0,-10.0,0.0,0
HDFCBANK,1,SIGNAL_E211_BANDED_68,stock_futures_fees_only,stock_futures,0.0,False,-0.00035169325859985,0.0003516932585998802,-0.1348665453076353,1.999999999,4
HDFCBANK,1,SIGNAL_E801_BANDED_70,stock_futures_fees_only,stock_futures,0.0,False,-0.0002361315130799957,0.00023613151307999943,-0.10073340896515068,1.9999999979999998,2
HDFCBANK,1,SIGNAL_E1102_BANDED_70,stock_futures_fees_only,stock_futures,0.0,False,-7.145447751011336e-05,8.018536617000791e-05,-0.06227401246144038,0.9999999995,2
HDFCBANK,1,FLAT,stock_futures_fees_only,stock_futures,0.0,False,0.0,0.0,-10.0,0.0,0
HDFCBANK,1,SIGNAL_E211_BANDED_68,stock_futures_frictionless,stock_futures,0.0,True,-0.00012000000000012001,0.00012000000000007275,-0.07465980423863476,1.999999999,4
HDFCBANK,1,SIGNAL_E801_BANDED_70,stock_futures_frictionless,stock_futures,0.0,True,-0.00012000000000012001,0.00012000000000007275,-0.07465980423863476,1.9999999979999998,2
HDFCBANK,1,SIGNAL_E1102_BANDED_70,stock_futures_frictionless,stock_futures,0.0,True,4.4999999999850715e-05,0.0,0.10490206627284293,0.9999999995,2
HDFCBANK,1,FLAT,stock_futures_frictionless,stock_futures,0.0,True,0.0,0.0,-10.0,0.0,0
ICICIBANK,1,SIGNAL_E211_BANDED_68,cash_equity_realistic,cash_equity,0.001,False,0.0005333654060142301,0.0006072237524876982,0.033331997363870866,1.999999999,4
ICICIBANK,1,SIGNAL_E801_BANDED_70,cash_equity_realistic,cash_equity,0.001,False,0.0,0.0,-10.0,0.0,0
ICICIBANK,1,SIGNAL_E1102_BANDED_70,cash_equity_realistic,cash_equity,0.001,False,-0.0015660125104576261,0.0015660125104575854,-0.09886040809892573,0.9999999995,2
ICICIBANK,1,FLAT,cash_equity_realistic,cash_equity,0.001,False,0.0,0.0,-10.0,0.0,0
ICICIBANK,1,SIGNAL_E211_BANDED_68,cash_equity_half_slippage,cash_equity,0.0005,False,0.0008132092512571631,0.0003972951170339002,0.04923666128550999,1.999999999,4
ICICIBANK,1,SIGNAL_E801_BANDED_70,cash_equity_half_slippage,cash_equity,0.0005,False,0.0,0.0,-10.0,0.0,0
ICICIBANK,1,SIGNAL_E1102_BANDED_70,cash_equity_half_slippage,cash_equity,0.0005,False,-0.0014267775257289506,0.001426777525728903,-0.0965270647597243,0.9999999995,2
ICICIBANK,1,FLAT,cash_equity_half_slippage,cash_equity,0.0005,False,0.0,0.0,-10.0,0.0,0
ICICIBANK,1,SIGNAL_E211_BANDED_68,stock_futures_realistic,stock_futures,0.001,False,0.0004736173786161757,0.0006339070815220111,0.03024588182314637,1.999999999,4
ICICIBANK,1,SIGNAL_E801_BANDED_70,stock_futures_realistic,stock_futures,0.001,False,0.0,0.0,-10.0,0.0,0
ICICIBANK,1,SIGNAL_E1102_BANDED_70,stock_futures_realistic,stock_futures,0.001,False,-0.001595501844922409,0.0015955018449223643,-0.1004360864384902,0.9999999995,2
ICICIBANK,1,FLAT,stock_futures_realistic,stock_futures,0.001,False,0.0,0.0,-10.0,0.0,0
ICICIBANK,1,SIGNAL_E211_BANDED_68,stock_futures_half_slippage,stock_futures,0.0005,False,0.0007534247660581084,0.0004239983549710814,0.04668143126893821,1.999999999,4
ICICIBANK,1,SIGNAL_E801_BANDED_70,stock_futures_half_slippage,stock_futures,0.0005,False,0.0,0.0,-10.0,0.0,0
ICICIBANK,1,SIGNAL_E1102_BANDED_70,stock_futures_half_slippage,stock_futures,0.0005,False,-0.0014562849019610358,0.001456284901961044,-0.0983646766236597,0.9999999995,2
ICICIBANK,1,FLAT,stock_futures_half_slippage,stock_futures,0.0005,False,0.0,0.0,-10.0,0.0,0
ICICIBANK,1,SIGNAL_E211_BANDED_68,stock_futures_fees_only,stock_futures,0.0,False,0.001033232153499819,0.0002140896284201517,0.06147014795258759,1.999999999,4
ICICIBANK,1,SIGNAL_E801_BANDED_70,stock_futures_fees_only,stock_futures,0.0,False,0.0,0.0,-10.0,0.0,0
ICICIBANK,1,SIGNAL_E1102_BANDED_70,stock_futures_fees_only,stock_futures,0.0,False,-0.0013170679590001066,0.0013170679590000873,-0.09568407683390709,0.9999999995,2
ICICIBANK,1,FLAT,stock_futures_fees_only,stock_futures,0.0,False,0.0,0.0,-10.0,0.0,0
ICICIBANK,1,SIGNAL_E211_BANDED_68,stock_futures_frictionless,stock_futures,0.0,True,0.0013900000000002244,0.0,0.0758253347771124,1.999999999,4
ICICIBANK,1,SIGNAL_E801_BANDED_70,stock_futures_frictionless,stock_futures,0.0,True,0.0,0.0,-10.0,0.0,0
ICICIBANK,1,SIGNAL_E1102_BANDED_70,stock_futures_frictionless,stock_futures,0.0,True,-0.001140000000000141,0.0011400000000001455,-0.08803069358204813,0.9999999995,2
ICICIBANK,1,FLAT,stock_futures_frictionless,stock_futures,0.0,True,0.0,0.0,-10.0,0.0,0
SBIN,1,SIGNAL_E211_BANDED_68,cash_equity_realistic,cash_equity,0.001,False,0.0,0.0,-10.0,0.0,0
SBIN,1,SIGNAL_E801_BANDED_70,cash_equity_realistic,cash_equity,0.001,False,0.00048332256492766845,0.00016030572014187782,0.0543847727657572,1.9999999979999998,2
SBIN,1,SIGNAL_E1102_BANDED_70,cash_equity_realistic,cash_equity,0.001,False,0.0031863030521745994,0.0004995304479946022,0.10058383201597328,0.5714285713469388,4
SBIN,1,FLAT,cash_equity_realistic,cash_equity,0.001,False,0.0,0.0,-10.0,0.0,0
SBIN,1,SIGNAL_E211_BANDED_68,cash_equity_half_slippage,cash_equity,0.0005,False,0.0,0.0,-10.0,0.0,0
SBIN,1,SIGNAL_E801_BANDED_70,cash_equity_half_slippage,cash_equity,0.0005,False,0.0005965648868337947,0.00010386201099099708,0.06291006231388273,1.9999999979999998,2
SBIN,1,SIGNAL_E1102_BANDED_70,cash_equity_half_slippage,cash_equity,0.0005,False,0.0034095524659374377,0.00043934049055142265,0.1074686836866542,0.5714285713469388,4
SBIN,1,FLAT,cash_equity_half_slippage,cash_equity,0.0005,False,0.0,0.0,-10.0,0.0,0
SBIN,1,SIGNAL_E211_BANDED_68,stock_futures_realistic,stock_futures,0.001,False,0.0,0.0,-10.0,0.0,0
SBIN,1,SIGNAL_E801_BANDED_70,stock_futures_realistic,stock_futures,0.001,False,0.00045911001218224,0.00015765675013826696,0.05382447814061585,1.9999999979999998,2
SBIN,1,SIGNAL_E1102_BANDED_70,stock_futures_realistic,stock_futures,0.001,False,0.003138279406615485,0.0004967341776175665,0.09884520160990068,0.5714285713469388,4
SBIN,1,FLAT,stock_futures_realistic,stock_futures,0.001,False,0.0,0.0,-10.0,0.0,0
SBIN,1,SIGNAL_E211_BANDED_68,stock_futures_half_slippage,stock_futures,0.0005,False,0.0,0.0,-10.0,0.0,0
SBIN,1,SIGNAL_E801_BANDED_70,stock_futures_half_slippage,stock_futures,0.0005,False,0.0005723375667210373,0.00010121436414920027,0.06274406328756632,1.9999999979999998,2
SBIN,1,SIGNAL_E1102_BANDED_70,stock_futures_half_slippage,stock_futures,0.0005,False,0.0033614995884576615,0.00043654304583557656,0.10576626843305595,0.5714285713469388,4
SBIN,1,FLAT,stock_futures_half_slippage,stock_futures,0.0005,False,0.0,0.0,-10.0,0.0,0
SBIN,1,SIGNAL_E211_BANDED_68,stock_futures_fees_only,stock_futures,0.0,False,0.0,0.0,-10.0,0.0,0
SBIN,1,SIGNAL_E801_BANDED_70,stock_futures_fees_only,stock_futures,0.0,False,0.0006855651212600566,4.4771978159951687e-05,0.06999350082178894,1.9999999979999998,2
SBIN,1,SIGNAL_E1102_BANDED_70,stock_futures_fees_only,stock_futures,0.0,False,0.003584719770299838,0.00037637144467550125,0.1124299311148465,0.5714285713469388,4
SBIN,1,FLAT,stock_futures_fees_only,stock_futures,0.0,False,0.0,0.0,-10.0,0.0,0
SBIN,1,SIGNAL_E211_BANDED_68,stock_futures_frictionless,stock_futures,0.0,True,0.0,0.0,-10.0,0.0,0
SBIN,1,SIGNAL_E801_BANDED_70,stock_futures_frictionless,stock_futures,0.0,True,0.0008300000000001084,0.0,0.0747313957376191,1.9999999979999998,2
SBIN,1,SIGNAL_E1102_BANDED_70,stock_futures_frictionless,stock_futures,0.0,True,0.003869999999999818,0.0003286197968531441,0.12099573938922616,0.5714285713469388,4
SBIN,1,FLAT,stock_futures_frictionless,stock_futures,0.0,True,0.0,0.0,-10.0,0.0,0
AXISBANK,1,SIGNAL_E211_BANDED_68,cash_equity_realistic,cash_equity,0.001,False,0.0,0.0,-10.0,0.0,0
AXISBANK,1,SIGNAL_E801_BANDED_70,cash_equity_realistic,cash_equity,0.001,False,0.0,0.0,-10.0,0.0,0
AXISBANK,1,SIGNAL_E1102_BANDED_70,cash_equity_realistic,cash_equity,0.001,False,0.0,0.0,-10.0,0.0,0
AXISBANK,1,FLAT,cash_equity_realistic,cash_equity,0.001,False,0.0,0.0,-10.0,0.0,0
AXISBANK,1,SIGNAL_E211_BANDED_68,cash_equity_half_slippage,cash_equity,0.0005,False,0.0,0.0,-10.0,0.0,0
AXISBANK,1,SIGNAL_E801_BANDED_70,cash_equity_half_slippage,cash_equity,0.0005,False,0.0,0.0,-10.0,0.0,0
AXISBANK,1,SIGNAL_E1102_BANDED_70,cash_equity_half_slippage,cash_equity,0.0005,False,0.0,0.0,-10.0,0.0,0
AXISBANK,1,FLAT,cash_equity_half_slippage,cash_equity,0.0005,False,0.0,0.0,-10.0,0.0,0
AXISBANK,1,SIGNAL_E211_BANDED_68,stock_futures_realistic,stock_futures,0.001,False,0.0,0.0,-10.0,0.0,0
AXISBANK,1,SIGNAL_E801_BANDED_70,stock_futures_realistic,stock_futures,0.001,False,0.0,0.0,-10.0,0.0,0
AXISBANK,1,SIGNAL_E1102_BANDED_70,stock_futures_realistic,stock_futures,0.001,False,0.0,0.0,-10.0,0.0,0
AXISBANK,1,FLAT,stock_futures_realistic,stock_futures,0.001,False,0.0,0.0,-10.0,0.0,0
AXISBANK,1,SIGNAL_E211_BANDED_68,stock_futures_half_slippage,stock_futures,0.0005,False,0.0,0.0,-10.0,0.0,0
AXISBANK,1,SIGNAL_E801_BANDED_70,stock_futures_half_slippage,stock_futures,0.0005,False,0.0,0.0,-10.0,0.0,0
AXISBANK,1,SIGNAL_E1102_BANDED_70,stock_futures_half_slippage,stock_futures,0.0005,False,0.0,0.0,-10.0,0.0,0
AXISBANK,1,FLAT,stock_futures_half_slippage,stock_futures,0.0005,False,0.0,0.0,-10.0,0.0,0
AXISBANK,1,SIGNAL_E211_BANDED_68,stock_futures_fees_only,stock_futures,0.0,False,0.0,0.0,-10.0,0.0,0
AXISBANK,1,SIGNAL_E801_BANDED_70,stock_futures_fees_only,stock_futures,0.0,False,0.0,0.0,-10.0,0.0,0
AXISBANK,1,SIGNAL_E1102_BANDED_70,stock_futures_fees_only,stock_futures,0.0,False,0.0,0.0,-10.0,0.0,0
AXISBANK,1,FLAT,stock_futures_fees_only,stock_futures,0.0,False,0.0,0.0,-10.0,0.0,0
AXISBANK,1,SIGNAL_E211_BANDED_68,stock_futures_frictionless,stock_futures,0.0,True,0.0,0.0,-10.0,0.0,0
AXISBANK,1,SIGNAL_E801_BANDED_70,stock_futures_frictionless,stock_futures,0.0,True,0.0,0.0,-10.0,0.0,0
AXISBANK,1,SIGNAL_E1102_BANDED_70,stock_futures_frictionless,stock_futures,0.0,True,0.0,0.0,-10.0,0.0,0
AXISBANK,1,FLAT,stock_futures_frictionless,stock_futures,0.0,True,0.0,0.0,-10.0,0.0,0
KOTAKBANK,1,SIGNAL_E211_BANDED_68,cash_equity_realistic,cash_equity,0.001,False,-0.00020404097041704095,0.00021126062697985617,-0.0681883160084885,0.9999999998333333,4
KOTAKBANK,1,SIGNAL_E801_BANDED_70,cash_equity_realistic,cash_equity,0.001,False,0.0,0.0,-10.0,0.0,0
KOTAKBANK,1,SIGNAL_E1102_BANDED_70,cash_equity_realistic,cash_equity,0.001,False,-0.0036085901189993885,0.004170740091930899,-0.16074379969793465,0.7857142856862245,12
KOTAKBANK,1,FLAT,cash_equity_realistic,cash_equity,0.001,False,0.0,0.0,-10.0,0.0,0
KOTAKBANK,1,SIGNAL_E211_BANDED_68,cash_equity_half_slippage,cash_equity,0.0005,False,-7.530018383861137e-05,0.00014687687353998627,-0.03320541191349814,0.9999999998333333,4
KOTAKBANK,1,SIGNAL_E801_BANDED_70,cash_equity_half_slippage,cash_equity,0.0005,False,0.0,0.0,-10.0,0.0,0
KOTAKBANK,1,SIGNAL_E1102_BANDED_70,cash_equity_half_slippage,cash_equity,0.0005,False,-0.0031515398140996576,0.003877359394220848,-0.14482288622628575,0.7857142856862245,12
KOTAKBANK,1,FLAT,cash_equity_half_slippage,cash_equity,0.0005,False,0.0,0.0,-10.0,0.0,0
KOTAKBANK,1,SIGNAL_E211_BANDED_68,stock_futures_realistic,stock_futures,0.001,False,-0.0002314693493528086,0.0002417093575701074,-0.06846706082190014,0.9999999998333333,4
KOTAKBANK,1,SIGNAL_E801_BANDED_70,stock_futures_realistic,stock_futures,0.001,False,0.0,0.0,-10.0,0.0,0
KOTAKBANK,1,SIGNAL_E1102_BANDED_70,stock_futures_realistic,stock_futures,0.001,False,-0.003705590390070568,0.004233382656740806,-0.16360996683654505,0.7857142856862245,12
KOTAKBANK,1,FLAT,stock_futures_realistic,stock_futures,0.001,False,0.0,0.0,-10.0,0.0,0
KOTAKBANK,1,SIGNAL_E211_BANDED_68,stock_futures_half_slippage,stock_futures,0.0005,False,-0.00010274531104637052,0.00017734084373496444,-0.03899121073693146,0.9999999998333333,4
KOTAKBANK,1,SIGNAL_E801_BANDED_70,stock_futures_half_slippage,stock_futures,0.0005,False,0.0,0.0,-10.0,0.0,0
KOTAKBANK,1,SIGNAL_E1102_BANDED_70,stock_futures_half_slippage,stock_futures,0.0005,False,-0.003248599390435314,0.003940021856979047,-0.14831254825173523,0.7857142856862245,12
KOTAKBANK,1,FLAT,stock_futures_half_slippage,stock_futures,0.0005,False,0.0,0.0,-10.0,0.0,0
KOTAKBANK,1,SIGNAL_E211_BANDED_68,stock_futures_fees_only,stock_futures,0.0,False,2.5978727259845513e-05,0.00011297232990000338,0.01237525499106084,0.9999999998333333,4
KOTAKBANK,1,SIGNAL_E801_BANDED_70,stock_futures_fees_only,stock_futures,0.0,False,0.0,0.0,-10.0,0.0,0
KOTAKBANK,1,SIGNAL_E1102_BANDED_70,stock_futures_fees_only,stock_futures,0.0,False,-0.002791608390799949,0.003646732378071426,-0.13090002262213626,0.7857142856862245,12
KOTAKBANK,1,FLAT,stock_futures_fees_only,stock_futures,0.0,False,0.0,0.0,-10.0,0.0,0
KOTAKBANK,1,SIGNAL_E211_BANDED_68,stock_futures_frictionless,stock_futures,0.0,True,0.00018999999999991246,0.0,0.10818557392326576,0.9999999998333333,4
KOTAKBANK,1,SIGNAL_E801_BANDED_70,stock_futures_frictionless,stock_futures,0.0,True,0.0,0.0,-10.0,0.0,0
KOTAKBANK,1,SIGNAL_E1102_BANDED_70,stock_futures_frictionless,stock_futures,0.0,True,-0.0022099999999998232,0.0032729053405818457,-0.10548034548797307,0.7857142856862245,12
KOTAKBANK,1,FLAT,stock_futures_frictionless,stock_futures,0.0,True,0.0,0.0,-10.0,0.0,0
TCS,1,SIGNAL_E211_BANDED_68,cash_equity_realistic,cash_equity,0.001,False,0.00025028509079483285,0.00042389850600993667,0.023447204484107483,1.9999999979999998,2
TCS,1,SIGNAL_E801_BANDED_70,cash_equity_realistic,cash_equity,0.001,False,0.0,0.0,-10.0,0.0,0
TCS,1,SIGNAL_E1102_BANDED_70,cash_equity_realistic,cash_equity,0.001,False,-0.0014598272967845105,0.0014598272967845333,-0.0904239321421278,0.9999999995,2
TCS,1,FLAT,cash_equity_realistic,cash_equity,0.001,False,0.0,0.0,-10.0,0.0,0
TCS,1,SIGNAL_E211_BANDED_68,cash_equity_half_slippage,cash_equity,0.0005,False,0.0005082764328776523,0.00029471126802491196,0.04433652199656497,1.9999999979999998,2
TCS,1,SIGNAL_E801_BANDED_70,cash_equity_half_slippage,cash_equity,0.0005,False,0.0,0.0,-10.0,0.0,0
TCS,1,SIGNAL_E1102_BANDED_70,cash_equity_half_slippage,cash_equity,0.0005,False,-0.0011919365983121821,0.0011919365983121678,-0.08590677769793963,0.9999999995,2
TCS,1,FLAT,cash_equity_half_slippage,cash_equity,0.0005,False,0.0,0.0,-10.0,0.0,0
TCS,1,SIGNAL_E211_BANDED_68,stock_futures_realistic,stock_futures,0.001,False,0.00019523405688515183,0.00048499446880996403,0.01744228982567143,1.9999999979999998,2
TCS,1,SIGNAL_E801_BANDED_70,stock_futures_realistic,stock_futures,0.001,False,0.0,0.0,-10.0,0.0,0
TCS,1,SIGNAL_E1102_BANDED_70,stock_futures_realistic,stock_futures,0.001,False,-0.0015167671860952803,0.0015167671860952395,-0.09253950822659562,0.9999999995,2
TCS,1,FLAT,stock_futures_realistic,stock_futures,0.001,False,0.0,0.0,-10.0,0.0,0
TCS,1,SIGNAL_E211_BANDED_68,stock_futures_half_slippage,stock_futures,0.0005,False,0.0004531918009627045,0.000355837809384866,0.03825399316797037,1.9999999979999998,2
TCS,1,SIGNAL_E801_BANDED_70,stock_futures_half_slippage,stock_futures,0.0005,False,0.0,0.0,-10.0,0.0,0
TCS,1,SIGNAL_E1102_BANDED_70,stock_futures_half_slippage,stock_futures,0.0005,False,-0.0012489112831275406,0.0012489112831275634,-0.08879775140510075,0.9999999995,2
TCS,1,FLAT,stock_futures_half_slippage,stock_futures,0.0005,False,0.0,0.0,-10.0,0.0,0
TCS,1,SIGNAL_E211_BANDED_68,stock_futures_fees_only,stock_futures,0.0,False,0.0007111495450400351,0.00022668114995994985,0.055017834679670176,1.9999999979999998,2
TCS,1,SIGNAL_E801_BANDED_70,stock_futures_fees_only,stock_futures,0.0,False,0.0,0.0,-10.0,0.0,0
TCS,1,SIGNAL_E1102_BANDED_70,stock_futures_fees_only,stock_futures,0.0,False,-0.000981055380159912,0.000981055380159887,-0.08298590341454604,0.9999999995,2
TCS,1,FLAT,stock_futures_fees_only,stock_futures,0.0,False,0.0,0.0,-10.0,0.0,0
TCS,1,SIGNAL_E211_BANDED_68,stock_futures_frictionless,stock_futures,0.0,True,0.0010399999999999299,0.0,0.07473384142401535,1.9999999979999998,2
TCS,1,SIGNAL_E801_BANDED_70,stock_futures_frictionless,stock_futures,0.0,True,0.0,0.0,-10.0,0.0,0
TCS,1,SIGNAL_E1102_BANDED_70,stock_futures_frictionless,stock_futures,0.0,True,-0.0006399999999999739,0.0007399260073992237,-0.06400067292388753,0.9999999995,2
TCS,1,FLAT,stock_futures_frictionless,stock_futures,0.0,True,0.0,0.0,-10.0,0.0,0
INFY,1,SIGNAL_E211_BANDED_68,cash_equity_realistic,cash_equity,0.001,False,0.0032716376196775254,0.0007819534540121822,0.06436752079411048,1.3333333328888888,3
INFY,1,SIGNAL_E801_BANDED_70,cash_equity_realistic,cash_equity,0.001,False,0.0,0.0,-10.0,0.0,0
INFY,1,SIGNAL_E1102_BANDED_70,cash_equity_realistic,cash_equity,0.001,False,-0.0019944908993888566,0.0030619649228412526,-0.07215779532808908,1.499999999625,6
INFY,1,FLAT,cash_equity_realistic,cash_equity,0.001,False,0.0,0.0,-10.0,0.0,0
INFY,1,SIGNAL_E211_BANDED_68,cash_equity_half_slippage,cash_equity,0.0005,False,0.003529078221618631,0.0005904656003560376,0.06863381012777373,1.3333333328888888,3
INFY,1,SIGNAL_E801_BANDED_70,cash_equity_half_slippage,cash_equity,0.0005,False,0.0,0.0,-10.0,0.0,0
INFY,1,SIGNAL_E1102_BANDED_70,cash_equity_half_slippage,cash_equity,0.0005,False,-0.0015290369538244475,0.0026642994517906116,-0.057542812512509714,1.499999999625,6
INFY,1,FLAT,cash_equity_half_slippage,cash_equity,0.0005,False,0.0,0.0,-10.0,0.0,0
INFY,1,SIGNAL_E211_BANDED_68,stock_futures_realistic,stock_futures,0.001,False,0.0032163113673424615,0.0008060889577976922,0.06377735507352959,1.3333333328888888,3
INFY,1,SIGNAL_E801_BANDED_70,stock_futures_realistic,stock_futures,0.001,False,0.0,0.0,-10.0,0.0,0
INFY,1,SIGNAL_E1102_BANDED_70,stock_futures_realistic,stock_futures,0.001,False,-0.002093493082301001,0.003164148499008479,-0.07399638346034734,1.499999999625,6
INFY,1,FLAT,stock_futures_realistic,stock_futures,0.001,False,0.0,0.0,-10.0,0.0,0
INFY,1,SIGNAL_E211_BANDED_68,stock_futures_half_slippage,stock_futures,0.0005,False,0.003473718281891136,0.0006146191805488343,0.06809174056276956,1.3333333328888888,3
INFY,1,SIGNAL_E801_BANDED_70,stock_futures_half_slippage,stock_futures,0.0005,False,0.0,0.0,-10.0,0.0,0
INFY,1,SIGNAL_E1102_BANDED_70,stock_futures_half_slippage,stock_futures,0.0005,False,-0.0016280996220205957,0.0027665419241342535,-0.059857534932723375,1.499999999625,6
INFY,1,FLAT,stock_futures_half_slippage,stock_futures,0.0005,False,0.0,0.0,-10.0,0.0,0
INFY,1,SIGNAL_E211_BANDED_68,stock_futures_fees_only,stock_futures,0.0,False,0.0037311251964400327,0.00042314940329997626,0.07220042686477708,1.3333333328888888,3
INFY,1,SIGNAL_E801_BANDED_70,stock_futures_fees_only,stock_futures,0.0,False,0.0,0.0,-10.0,0.0,0
INFY,1,SIGNAL_E1102_BANDED_70,stock_futures_fees_only,stock_futures,0.0,False,-0.001162706161739857,0.002368935349259846,-0.04419638688945044,1.499999999625,6
INFY,1,FLAT,stock_futures_fees_only,stock_futures,0.0,False,0.0,0.0,-10.0,0.0,0
INFY,1,SIGNAL_E211_BANDED_68,stock_futures_frictionless,stock_futures,0.0,True,0.0040599999999999525,0.00020999999999985448,0.07647551017471965,1.3333333328888888,3
INFY,1,SIGNAL_E801_BANDED_70,stock_futures_frictionless,stock_futures,0.0,True,0.0,0.0,-10.0,0.0,0
INFY,1,SIGNAL_E1102_BANDED_70,stock_futures_frictionless,stock_futures,0.0,True,-0.0005700000000002925,0.001830000000000109,-0.02308427766539816,1.499999999625,6
INFY,1,FLAT,stock_futures_frictionless,stock_futures,0.0,True,0.0,0.0,-10.0,0.0,0
WIPRO,1,SIGNAL_E211_BANDED_68,cash_equity_realistic,cash_equity,0.001,False,0.0,0.0,-10.0,0.0,0
WIPRO,1,SIGNAL_E801_BANDED_70,cash_equity_realistic,cash_equity,0.001,False,0.0,0.0,-10.0,0.0,0
WIPRO,1,SIGNAL_E1102_BANDED_70,cash_equity_realistic,cash_equity,0.001,False,-0.002151318682521164,0.002301088961293863,-0.08414255554630218,1.1304347825595462,9
WIPRO,1,FLAT,cash_equity_realistic,cash_equity,0.001,False,0.0,0.0,-10.0,0.0,0
WIPRO,1,SIGNAL_E211_BANDED_68,cash_equity_half_slippage,cash_equity,0.0005,False,0.0,0.0,-10.0,0.0,0
WIPRO,1,SIGNAL_E801_BANDED_70,cash_equity_half_slippage,cash_equity,0.0005,False,0.0,0.0,-10.0,0.0,0
WIPRO,1,SIGNAL_E1102_BANDED_70,cash_equity_half_slippage,cash_equity,0.0005,False,-0.0018636404936077655,0.002097643654359126,-0.07446784355958602,1.1304347825595462,9
WIPRO,1,FLAT,cash_equity_half_slippage,cash_equity,0.0005,False,0.0,0.0,-10.0,0.0,0
WIPRO,1,SIGNAL_E211_BANDED_68,stock_futures_realistic,stock_futures,0.001,False,0.0,0.0,-10.0,0.0,0
WIPRO,1,SIGNAL_E801_BANDED_70,stock_futures_realistic,stock_futures,0.001,False,0.0,0.0,-10.0,0.0,0
WIPRO,1,SIGNAL_E1102_BANDED_70,stock_futures_realistic,stock_futures,0.001,False,-0.002212388527085718,0.002366111954597909,-0.08554958903841392,1.1304347825595462,9
WIPRO,1,FLAT,stock_futures_realistic,stock_futures,0.001,False,0.0,0.0,-10.0,0.0,0
WIPRO,1,SIGNAL_E211_BANDED_68,stock_futures_half_slippage,stock_futures,0.0005,False,0.0,0.0,-10.0,0.0,0
WIPRO,1,SIGNAL_E801_BANDED_70,stock_futures_half_slippage,stock_futures,0.0005,False,0.0,0.0,-10.0,0.0,0
WIPRO,1,SIGNAL_E1102_BANDED_70,stock_futures_half_slippage,stock_futures,0.0005,False,-0.0019247476726955703,0.002162702007586995,-0.07607881140164843,1.1304347825595462,9
WIPRO,1,FLAT,stock_futures_half_slippage,stock_futures,0.0005,False,0.0,0.0,-10.0,0.0,0
WIPRO,1,SIGNAL_E211_BANDED_68,stock_futures_fees_only,stock_futures,0.0,False,0.0,0.0,-10.0,0.0,0
WIPRO,1,SIGNAL_E801_BANDED_70,stock_futures_fees_only,stock_futures,0.0,False,0.0,0.0,-10.0,0.0,0
WIPRO,1,SIGNAL_E1102_BANDED_70,stock_futures_fees_only,stock_futures,0.0,False,-0.0016371068183061999,0.001959292060576263,-0.06593444347225692,1.1304347825595462,9
WIPRO,1,FLAT,stock_futures_fees_only,stock_futures,0.0,False,0.0,0.0,-10.0,0.0,0
WIPRO,1,SIGNAL_E211_BANDED_68,stock_futures_frictionless,stock_futures,0.0,True,0.0,0.0,-10.0,0.0,0
WIPRO,1,SIGNAL_E801_BANDED_70,stock_futures_frictionless,stock_futures,0.0,True,0.0,0.0,-10.0,0.0,0
WIPRO,1,SIGNAL_E1102_BANDED_70,stock_futures_frictionless,stock_futures,0.0,True,-0.0012710000000001331,0.0017,-0.05278211833415444,1.1304347825595462,9
WIPRO,1,FLAT,stock_futures_frictionless,stock_futures,0.0,True,0.0,0.0,-10.0,0.0,0
HCLTECH,1,SIGNAL_E211_BANDED_68,cash_equity_realistic,cash_equity,0.001,False,-0.0007328329497074959,0.0007328329497075174,-0.10310708200085715,1.9999999979999998,2
HCLTECH,1,SIGNAL_E801_BANDED_70,cash_equity_realistic,cash_equity,0.001,False,0.00022651433961140555,0.00023811704195795755,0.03235614243087343,1.9999999979999998,2
HCLTECH,1,SIGNAL_E1102_BANDED_70,cash_equity_realistic,cash_equity,0.001,False,0.00032539123922981084,0.00027635218220766546,0.036654582142371384,1.9999999979999998,2
HCLTECH,1,FLAT,cash_equity_realistic,cash_equity,0.001,False,0.0,0.0,-10.0,0.0,0
HCLTECH,1,SIGNAL_E211_BANDED_68,cash_equity_half_slippage,cash_equity,0.0005,False,-0.0005619966880836547,0.0005619966880836728,-0.10123821096380876,1.9999999979999998,2
HCLTECH,1,SIGNAL_E801_BANDED_70,cash_equity_half_slippage,cash_equity,0.0005,False,0.0003713932235356321,0.00016554853196903423,0.0493189626391498,1.9999999979999998,2
HCLTECH,1,SIGNAL_E1102_BANDED_70,cash_equity_half_slippage,cash_equity,0.0005,False,0.000493502522235012,0.00019213113725381845,0.05172288907106182,1.9999999979999998,2
HCLTECH,1,FLAT,cash_equity_half_slippage,cash_equity,0.0005,False,0.0,0.0,-10.0,0.0,0
HCLTECH,1,SIGNAL_E211_BANDED_68,stock_futures_realistic,stock_futures,0.001,False,-0.0007691697668625874,0.0007691697668626147,-0.10450549873643569,1.9999999979999998,2
HCLTECH,1,SIGNAL_E801_BANDED_70,stock_futures_realistic,stock_futures,0.001,False,0.00019558843877853782,0.0002724365541318548,0.026935092823171414,1.9999999979999998,2
HCLTECH,1,SIGNAL_E1102_BANDED_70,stock_futures_realistic,stock_futures,0.001,False,0.00028949801205024883,0.0003161824774422712,0.03160424610858418,1.9999999979999998,2
HCLTECH,1,FLAT,stock_futures_realistic,stock_futures,0.001,False,0.0,0.0,-10.0,0.0,0
HCLTECH,1,SIGNAL_E211_BANDED_68,stock_futures_half_slippage,stock_futures,0.0005,False,-0.0005983557052013921,0.0005983557052013566,-0.10358237060633683,1.9999999979999998,2
HCLTECH,1,SIGNAL_E801_BANDED_70,stock_futures_half_slippage,stock_futures,0.0005,False,0.00034044845065928087,0.00019988522107596509,0.04408430010771412,1.9999999979999998,2
HCLTECH,1,SIGNAL_E1102_BANDED_70,stock_futures_half_slippage,stock_futures,0.0005,False,0.00045758739340517884,0.0002319813675710975,0.046928590018315224,1.9999999979999998,2
HCLTECH,1,FLAT,stock_futures_half_slippage,stock_futures,0.0005,False,0.0,0.0,-10.0,0.0,0
HCLTECH,1,SIGNAL_E211_BANDED_68,stock_futures_fees_only,stock_futures,0.0,False,-0.00042754164354008584,0.00042754164354009847,-0.10144623797427114,1.9999999979999998,2
HCLTECH,1,SIGNAL_E801_BANDED_70,stock_futures_fees_only,stock_futures,0.0,False,0.0004853084625400239,0.0001273338880198935,0.057895058083813865,1.9999999979999998,2
HCLTECH,1,SIGNAL_E1102_BANDED_70,stock_futures_fees_only,stock_futures,0.0,False,0.0006256767747598868,0.00014778025769992382,0.05931958119717221,1.9999999979999998,2
HCLTECH,1,FLAT,stock_futures_fees_only,stock_futures,0.0,False,0.0,0.0,-10.0,0.0,0
HCLTECH,1,SIGNAL_E211_BANDED_68,stock_futures_frictionless,stock_futures,0.0,True,-0.00021000000000004349,0.00021000000000003638,-0.07469565485772212,1.9999999979999998,2
HCLTECH,1,SIGNAL_E801_BANDED_70,stock_futures_frictionless,stock_futures,0.0,True,0.0006699999999999484,0.0,0.0747285035332913,1.9999999979999998,2
HCLTECH,1,SIGNAL_E1102_BANDED_70,stock_futures_frictionless,stock_futures,0.0,True,0.0008399999999999519,0.0,0.0747315399233063,1.9999999979999998,2
HCLTECH,1,FLAT,stock_futures_frictionless,stock_futures,0.0,True,0.0,0.0,-10.0,0.0,0
TECHM,1,SIGNAL_E211_BANDED_68,cash_equity_realistic,cash_equity,0.001,False,0.0009064092978450233,0.0010586908969789873,0.03158094321102244,0.9999999995,2
TECHM,1,SIGNAL_E801_BANDED_70,cash_equity_realistic,cash_equity,0.001,False,0.0006870744152505104,0.0010362029050639567,0.02387134916925203,1.999999999,4
TECHM,1,SIGNAL_E1102_BANDED_70,cash_equity_realistic,cash_equity,0.001,False,0.00226786703166737,0.0012476796143678548,0.05828317762504667,0.6666666665925925,6
TECHM,1,FLAT,cash_equity_realistic,cash_equity,0.001,False,0.0,0.0,-10.0,0.0,0
TECHM,1,SIGNAL_E211_BANDED_68,cash_equity_half_slippage,cash_equity,0.0005,False,0.0010512980003924977,0.0009859474990294985,0.035632895998860166,0.9999999995,2
TECHM,1,SIGNAL_E801_BANDED_70,cash_equity_half_slippage,cash_equity,0.0005,False,0.000968967992575287,0.0008997124957775617,0.03319047440734474,1.999999999,4
TECHM,1,SIGNAL_E1102_BANDED_70,cash_equity_half_slippage,cash_equity,0.0005,False,0.0027225960355534706,0.0011798333077331345,0.07036805751018482,0.6666666665925925,6
TECHM,1,FLAT,cash_equity_half_slippage,cash_equity,0.0005,False,0.0,0.0,-10.0,0.0,0
TECHM,1,SIGNAL_E211_BANDED_68,stock_futures_realistic,stock_futures,0.001,False,0.0008753929411049466,0.0010930931181610504,0.030399763228597478,0.9999999995,2
TECHM,1,SIGNAL_E801_BANDED_70,stock_futures_realistic,stock_futures,0.001,False,0.0006268692910997853,0.001065181152173262,0.021689631238995536,1.999999999,4
TECHM,1,SIGNAL_E1102_BANDED_70,stock_futures_realistic,stock_futures,0.001,False,0.0021705980655528645,0.0012446414427646937,0.05558997879487115,0.6666666665925925,6
TECHM,1,FLAT,stock_futures_realistic,stock_futures,0.001,False,0.0,0.0,-10.0,0.0,0
TECHM,1,SIGNAL_E211_BANDED_68,stock_futures_half_slippage,stock_futures,0.0005,False,0.001020262734082511,0.0010203669385406102,0.03448813377266606,0.9999999995,2
TECHM,1,SIGNAL_E801_BANDED_70,stock_futures_half_slippage,stock_futures,0.0005,False,0.00090872613559978,0.0009286999994063044,0.031023467140385452,1.999999999,4
TECHM,1,SIGNAL_E1102_BANDED_70,stock_futures_half_slippage,stock_futures,0.0005,False,0.0026252677530564927,0.0011767911659372155,0.06767038187349783,0.6666666665925925,6
TECHM,1,FLAT,stock_futures_half_slippage,stock_futures,0.0005,False,0.0,0.0,-10.0,0.0,0
TECHM,1,SIGNAL_E211_BANDED_68,stock_futures_fees_only,stock_futures,0.0,False,0.0011651325270600754,0.000947640758919988,0.03831477446333351,0.9999999995,2
TECHM,1,SIGNAL_E801_BANDED_70,stock_futures_fees_only,stock_futures,0.0,False,0.0011905829801002188,0.0007922584239106056,0.039979919464320494,1.999999999,4
TECHM,1,SIGNAL_E1102_BANDED_70,stock_futures_fees_only,stock_futures,0.0,False,0.003079937440560121,0.0011089931917056975,0.07959952687384253,0.6666666665925925,6
TECHM,1,FLAT,stock_futures_fees_only,stock_futures,0.0,False,0.0,0.0,-10.0,0.0,0
TECHM,1,SIGNAL_E211_BANDED_68,stock_futures_frictionless,stock_futures,0.0,True,0.0013499999999999623,0.0008200000000000727,0.04344091608866686,0.9999999995,2
TECHM,1,SIGNAL_E801_BANDED_70,stock_futures_frictionless,stock_futures,0.0,True,0.0015499999999999403,0.0006186575131964364,0.051308323387408,1.999999999,4
TECHM,1,SIGNAL_E1102_BANDED_70,stock_futures_frictionless,stock_futures,0.0,True,0.0036599999999999966,0.0010550203041643804,0.09465813875946308,0.6666666665925925,6
TECHM,1,FLAT,stock_futures_frictionless,stock_futures,0.0,True,0.0,0.0,-10.0,0.0,0
ITC,1,SIGNAL_E211_BANDED_68,cash_equity_realistic,cash_equity,0.001,False,-0.0010509376201663923,0.0010509376201664055,-0.12116634065047067,1.24999999984375,4
ITC,1,SIGNAL_E801_BANDED_70,cash_equity_realistic,cash_equity,0.001,False,0.0020862857603030083,0.00022723236384863412,0.06288587125059947,1.24999999984375,4
ITC,1,SIGNAL_E1102_BANDED_70,cash_equity_realistic,cash_equity,0.001,False,0.0002554186327008434,0.00026823623262644104,0.02901652229660968,1.24999999984375,4
ITC,1,FLAT,cash_equity_realistic,cash_equity,0.001,False,0.0,0.0,-10.0,0.0,0
ITC,1,SIGNAL_E211_BANDED_68,cash_equity_half_slippage,cash_equity,0.0005,False,-0.0008905101206532207,0.0008941300242695433,-0.11229144537939982,1.24999999984375,4
ITC,1,SIGNAL_E801_BANDED_70,cash_equity_half_slippage,cash_equity,0.0005,False,0.0022475073399117473,0.00014722375627425208,0.06663677411912274,1.24999999984375,4
ITC,1,SIGNAL_E1102_BANDED_70,cash_equity_half_slippage,cash_equity,0.0005,False,0.00041862297806538606,0.0001864886031131391,0.046538846210313504,1.24999999984375,4
ITC,1,FLAT,cash_equity_half_slippage,cash_equity,0.0005,False,0.0,0.0,-10.0,0.0,0
ITC,1,SIGNAL_E211_BANDED_68,stock_futures_realistic,stock_futures,0.001,False,-0.0010850133518531813,0.0010850133518531947,-0.12237564502163721,1.24999999984375,4
ITC,1,SIGNAL_E801_BANDED_70,stock_futures_realistic,stock_futures,0.001,False,0.002051632958556926,0.00022347746530122095,0.06241435997541245,1.24999999984375,4
ITC,1,SIGNAL_E1102_BANDED_70,stock_futures_realistic,stock_futures,0.001,False,0.00022058093913446264,0.00030689678617363826,0.024370486721263736,1.24999999984375,4
ITC,1,FLAT,stock_futures_realistic,stock_futures,0.001,False,0.0,0.0,-10.0,0.0,0
ITC,1,SIGNAL_E211_BANDED_68,stock_futures_half_slippage,stock_futures,0.0005,False,-0.0009246066803567654,0.0009246066803567373,-0.11388755719816089,1.24999999984375,4
ITC,1,SIGNAL_E801_BANDED_70,stock_futures_half_slippage,stock_futures,0.0005,False,0.0022128334395183913,0.00014347073330063723,0.06620806244340488,1.24999999984375,4
ITC,1,SIGNAL_E1102_BANDED_70,stock_futures_half_slippage,stock_futures,0.0005,False,0.00038376402535234,0.00022516850628671818,0.041797810950532595,1.24999999984375,4
ITC,1,FLAT,stock_futures_half_slippage,stock_futures,0.0005,False,0.0,0.0,-10.0,0.0,0
ITC,1,SIGNAL_E211_BANDED_68,stock_futures_fees_only,stock_futures,0.0,False,-0.0007642000088599055,0.0007762177666500066,-0.101663036188306,1.24999999984375,4
ITC,1,SIGNAL_E801_BANDED_70,stock_futures_fees_only,stock_futures,0.0,False,0.0023740339204800787,0.00010172528545606417,0.06979806433507971,1.24999999984375,4
ITC,1,SIGNAL_E1102_BANDED_70,stock_futures_fees_only,stock_futures,0.0,False,0.0005469471115699953,0.00014344022639998003,0.05764329757954641,1.24999999984375,4
ITC,1,FLAT,stock_futures_fees_only,stock_futures,0.0,False,0.0,0.0,-10.0,0.0,0
ITC,1,SIGNAL_E211_BANDED_68,stock_futures_frictionless,stock_futures,0.0,True,-0.0005600000000000049,0.0006,-0.08185525020903985,1.24999999984375,4
ITC,1,SIGNAL_E801_BANDED_70,stock_futures_frictionless,stock_futures,0.0,True,0.0025800000000000267,4.488218426619211e-05,0.07344403389248785,1.24999999984375,4
ITC,1,SIGNAL_E1102_BANDED_70,stock_futures_frictionless,stock_futures,0.0,True,0.0007550000000000612,0.00011991605875875973,0.07715169429311211,1.24999999984375,4
ITC,1,FLAT,stock_futures_frictionless,stock_futures,0.0,True,0.0,0.0,-10.0,0.0,0
HINDUNILVR,1,SIGNAL_E211_BANDED_68,cash_equity_realistic,cash_equity,0.001,False,-0.00029721859432718656,0.00038921979366841696,-0.056817469334483395,0.9999999995,2
HINDUNILVR,1,SIGNAL_E801_BANDED_70,cash_equity_realistic,cash_equity,0.001,False,-0.0002872349901852367,0.00037923618952627296,-0.054918219996308776,1.9999999979999998,2
HINDUNILVR,1,SIGNAL_E1102_BANDED_70,cash_equity_realistic,cash_equity,0.001,False,0.0008974170452238361,0.00038300723680640656,0.05011655153257974,1.9999999979999998,2
HINDUNILVR,1,FLAT,cash_equity_realistic,cash_equity,0.001,False,0.0,0.0,-10.0,0.0,0
HINDUNILVR,1,SIGNAL_E211_BANDED_68,cash_equity_half_slippage,cash_equity,0.0005,False,-6.615912237362132e-05,0.00027364883260415807,-0.014673559326025251,0.9999999995,2
HINDUNILVR,1,SIGNAL_E801_BANDED_70,cash_equity_half_slippage,cash_equity,0.0005,False,-5.617052143247481e-05,0.000263660231663016,-0.01246110047992639,1.9999999979999998,2
HINDUNILVR,1,SIGNAL_E1102_BANDED_70,cash_equity_half_slippage,cash_equity,0.0005,False,0.001130186010941836,0.00026628201520325094,0.05935831323006013,1.9999999979999998,2
HINDUNILVR,1,FLAT,cash_equity_half_slippage,cash_equity,0.0005,False,0.0,0.0,-10.0,0.0,0
HINDUNILVR,1,SIGNAL_E211_BANDED_68,stock_futures_realistic,stock_futures,0.001,False,-0.0003464550577025882,0.0004438762694015168,-0.0581296569242789,0.9999999995,2
HINDUNILVR,1,SIGNAL_E801_BANDED_70,stock_futures_realistic,stock_futures,0.001,False,-0.0003364738166748982,0.0004338950283738086,-0.05646081140868397,1.9999999979999998,2
HINDUNILVR,1,SIGNAL_E1102_BANDED_70,stock_futures_realistic,stock_futures,0.001,False,0.000847660760145974,0.0004382095919936546,0.04656672183650014,1.9999999979999998,2
HINDUNILVR,1,FLAT,stock_futures_realistic,stock_futures,0.001,False,0.0,0.0,-10.0,0.0,0
HINDUNILVR,1,SIGNAL_E211_BANDED_68,stock_futures_half_slippage,stock_futures,0.0005,False,-0.00011542564864142069,0.0003283326639308143,-0.022439679715636807,0.9999999995,2
HINDUNILVR,1,SIGNAL_E801_BANDED_70,stock_futures_half_slippage,stock_futures,0.0005,False,-0.00010543941199736562,0.00031834642728681504,-0.020502531258420265,1.9999999979999998,2
HINDUNILVR,1,SIGNAL_E1102_BANDED_70,stock_futures_half_slippage,stock_futures,0.0005,False,0.0010803993767432019,0.00032151199919680946,0.05607722531761715,1.9999999979999998,2
HINDUNILVR,1,FLAT,stock_futures_half_slippage,stock_futures,0.0005,False,0.0,0.0,-10.0,0.0,0
HINDUNILVR,1,SIGNAL_E211_BANDED_68,stock_futures_fees_only,stock_futures,0.0,False,0.00011560376041996889,0.00021278905845992994,0.022325070136087737,0.9999999995,2
HINDUNILVR,1,SIGNAL_E801_BANDED_70,stock_futures_fees_only,stock_futures,0.0,False,0.0001255949926799449,0.00020279782620000333,0.02426229230755565,1.9999999979999998,2
HINDUNILVR,1,SIGNAL_E1102_BANDED_70,stock_futures_fees_only,stock_futures,0.0,False,0.0013131379933399856,0.00020481440639996435,0.06402714014281806,1.9999999979999998,2
HINDUNILVR,1,FLAT,stock_futures_fees_only,stock_futures,0.0,False,0.0,0.0,-10.0,0.0,0
HINDUNILVR,1,SIGNAL_E211_BANDED_68,stock_futures_frictionless,stock_futures,0.0,True,0.0004099999999997994,1.000000000003638e-05,0.07291020724974272,0.9999999995,2
HINDUNILVR,1,SIGNAL_E801_BANDED_70,stock_futures_frictionless,stock_futures,0.0,True,0.00042000000000008697,0.0,0.07471957440432564,1.9999999979999998,2
HINDUNILVR,1,SIGNAL_E1102_BANDED_70,stock_futures_frictionless,stock_futures,0.0,True,0.0016100000000001113,0.0,0.07473726391762721,1.9999999979999998,2
HINDUNILVR,1,FLAT,stock_futures_frictionless,stock_futures,0.0,True,0.0,0.0,-10.0,0.0,0
NESTLEIND,1,SIGNAL_E211_BANDED_68,cash_equity_realistic,cash_equity,0.001,False,0.0,0.0,-10.0,0.0,0
NESTLEIND,1,SIGNAL_E801_BANDED_70,cash_equity_realistic,cash_equity,0.001,False,-0.0008263383402845603,0.0008263383402845648,-0.14146351236956017,1.999999999,4
NESTLEIND,1,SIGNAL_E1102_BANDED_70,cash_equity_realistic,cash_equity,0.001,False,0.0015801080845259108,0.0017267990300696137,0.03656303721893143,1.19999999976,6
NESTLEIND,1,FLAT,cash_equity_realistic,cash_equity,0.001,False,0.0,0.0,-10.0,0.0,0
NESTLEIND,1,SIGNAL_E211_BANDED_68,cash_equity_half_slippage,cash_equity,0.0005,False,0.0,0.0,-10.0,0.0,0
NESTLEIND,1,SIGNAL_E801_BANDED_70,cash_equity_half_slippage,cash_equity,0.0005,False,-0.0005628773188822711,0.0005628773188822379,-0.13283370054852728,1.999999999,4
NESTLEIND,1,SIGNAL_E1102_BANDED_70,cash_equity_half_slippage,cash_equity,0.0005,False,0.0019687895904132446,0.0015965069305434619,0.04607822248768698,1.19999999976,6
NESTLEIND,1,FLAT,cash_equity_half_slippage,cash_equity,0.0005,False,0.0,0.0,-10.0,0.0,0
NESTLEIND,1,SIGNAL_E211_BANDED_68,stock_futures_realistic,stock_futures,0.001,False,0.0,0.0,-10.0,0.0,0
NESTLEIND,1,SIGNAL_E801_BANDED_70,stock_futures_realistic,stock_futures,0.001,False,-0.0008824159000552223,0.0008824159000552754,-0.14120074557721293,1.999999999,4
NESTLEIND,1,SIGNAL_E1102_BANDED_70,stock_futures_realistic,stock_futures,0.001,False,0.0014970136055640904,0.0017550114607960685,0.03458770757861053,1.19999999976,6
NESTLEIND,1,FLAT,stock_futures_realistic,stock_futures,0.001,False,0.0,0.0,-10.0,0.0,0
NESTLEIND,1,SIGNAL_E211_BANDED_68,stock_futures_half_slippage,stock_futures,0.0005,False,0.0,0.0,-10.0,0.0,0
NESTLEIND,1,SIGNAL_E801_BANDED_70,stock_futures_half_slippage,stock_futures,0.0005,False,-0.0006189891312876616,0.000618989131287708,-0.13320933950974656,1.999999999,4
NESTLEIND,1,SIGNAL_E1102_BANDED_70,stock_futures_half_slippage,stock_futures,0.0005,False,0.0018856444296322383,0.0016247234832591818,0.04408272024445431,1.19999999976,6
NESTLEIND,1,FLAT,stock_futures_half_slippage,stock_futures,0.0005,False,0.0,0.0,-10.0,0.0,0
NESTLEIND,1,SIGNAL_E211_BANDED_68,stock_futures_fees_only,stock_futures,0.0,False,0.0,0.0,-10.0,0.0,0
NESTLEIND,1,SIGNAL_E801_BANDED_70,stock_futures_fees_only,stock_futures,0.0,False,-0.000355562362520101,0.0003555623625201406,-0.11112690208683418,1.999999999,4
NESTLEIND,1,SIGNAL_E1102_BANDED_70,stock_futures_fees_only,stock_futures,0.0,False,0.002274275253699942,0.0014944859362824852,0.0536989614298935,1.19999999976,6
NESTLEIND,1,FLAT,stock_futures_fees_only,stock_futures,0.0,False,0.0,0.0,-10.0,0.0,0
NESTLEIND,1,SIGNAL_E211_BANDED_68,stock_futures_frictionless,stock_futures,0.0,True,0.0,0.0,-10.0,0.0,0
NESTLEIND,1,SIGNAL_E801_BANDED_70,stock_futures_frictionless,stock_futures,0.0,True,-2.0000000000020002e-05,0.00011000000000003638,-0.01047364710939926,1.999999999,4
NESTLEIND,1,SIGNAL_E1102_BANDED_70,stock_futures_frictionless,stock_futures,0.0,True,0.0027700000000001612,0.001327795858874196,0.06587711715037148,1.19999999976,6
NESTLEIND,1,FLAT,stock_futures_frictionless,stock_futures,0.0,True,0.0,0.0,-10.0,0.0,0
BRITANNIA,1,SIGNAL_E211_BANDED_68,cash_equity_realistic,cash_equity,0.001,False,0.0,0.0,-10.0,0.0,0
BRITANNIA,1,SIGNAL_E801_BANDED_70,cash_equity_realistic,cash_equity,0.001,False,-0.0009682171471964152,0.0010016229493365245,-0.07218482232224369,1.9999999979999998,2
BRITANNIA,1,SIGNAL_E1102_BANDED_70,cash_equity_realistic,cash_equity,0.001,False,-0.0026492831181740284,0.0036847894205115153,-0.07773568984454016,1.999999999,4
BRITANNIA,1,FLAT,cash_equity_realistic,cash_equity,0.001,False,0.0,0.0,-10.0,0.0,0
BRITANNIA,1,SIGNAL_E211_BANDED_68,cash_equity_half_slippage,cash_equity,0.0005,False,0.0,0.0,-10.0,0.0,0
BRITANNIA,1,SIGNAL_E801_BANDED_70,cash_equity_half_slippage,cash_equity,0.0005,False,-0.00035783453529802944,0.0006963685063681623,-0.034433154220480246,1.9999999979999998,2
BRITANNIA,1,SIGNAL_E1102_BANDED_70,cash_equity_half_slippage,cash_equity,0.0005,False,-0.0014569645527869879,0.0028016477852055685,-0.04703164032516191,1.999999999,4
BRITANNIA,1,FLAT,cash_equity_half_slippage,cash_equity,0.0005,False,0.0,0.0,-10.0,0.0,0
BRITANNIA,1,SIGNAL_E211_BANDED_68,stock_futures_realistic,stock_futures,0.001,False,0.0,0.0,-10.0,0.0,0
BRITANNIA,1,SIGNAL_E801_BANDED_70,stock_futures_realistic,stock_futures,0.001,False,-0.0010982597875032196,0.0011459856153633154,-0.07153996183368211,1.9999999979999998,2
BRITANNIA,1,SIGNAL_E1102_BANDED_70,stock_futures_realistic,stock_futures,0.001,False,-0.002903209299825904,0.003792497891238418,-0.08377791202390789,1.999999999,4
BRITANNIA,1,FLAT,stock_futures_realistic,stock_futures,0.001,False,0.0,0.0,-10.0,0.0,0
BRITANNIA,1,SIGNAL_E211_BANDED_68,stock_futures_half_slippage,stock_futures,0.0005,False,0.0,0.0,-10.0,0.0,0
BRITANNIA,1,SIGNAL_E801_BANDED_70,stock_futures_half_slippage,stock_futures,0.0005,False,-0.0004879565820515852,0.0008408034259817214,-0.039883083286800645,1.9999999979999998,2
BRITANNIA,1,SIGNAL_E1102_BANDED_70,stock_futures_half_slippage,stock_futures,0.0005,False,-0.001711045806213063,0.0029094381456692643,-0.05487880641902928,1.999999999,4
BRITANNIA,1,FLAT,stock_futures_half_slippage,stock_futures,0.0005,False,0.0,0.0,-10.0,0.0,0
BRITANNIA,1,SIGNAL_E211_BANDED_68,stock_futures_fees_only,stock_futures,0.0,False,0.0,0.0,-10.0,0.0,0
BRITANNIA,1,SIGNAL_E801_BANDED_70,stock_futures_fees_only,stock_futures,0.0,False,0.00012234662339971614,0.0005356212366001273,0.01077488651190154,1.9999999979999998,2
BRITANNIA,1,SIGNAL_E1102_BANDED_70,stock_futures_fees_only,stock_futures,0.0,False,-0.0005188823125999997,0.0020263784000999294,-0.017562063022913646,1.999999999,4
BRITANNIA,1,FLAT,stock_futures_fees_only,stock_futures,0.0,False,0.0,0.0,-10.0,0.0,0
BRITANNIA,1,SIGNAL_E211_BANDED_68,stock_futures_frictionless,stock_futures,0.0,True,0.0,0.0,-10.0,0.0,0
BRITANNIA,1,SIGNAL_E801_BANDED_70,stock_futures_frictionless,stock_futures,0.0,True,0.0008999999999999009,0.0,0.07473233776083245,1.9999999979999998,2
BRITANNIA,1,SIGNAL_E1102_BANDED_70,stock_futures_frictionless,stock_futures,0.0,True,0.0009999999999998899,0.00105,0.03241881785302301,1.999999999,4
BRITANNIA,1,FLAT,stock_futures_frictionless,stock_futures,0.0,True,0.0,0.0,-10.0,0.0,0
MARUTI,1,SIGNAL_E211_BANDED_68,cash_equity_realistic,cash_equity,0.001,False,0.0,0.0,-10.0,0.0,0
MARUTI,1,SIGNAL_E801_BANDED_70,cash_equity_realistic,cash_equity,0.001,False,0.0,0.0,-10.0,0.0,0
MARUTI,1,SIGNAL_E1102_BANDED_70,cash_equity_realistic,cash_equity,0.001,False,-0.02073495623378696,0.03537540069042753,-0.06038506661459248,1.333333333111111,8
MARUTI,1,FLAT,cash_equity_realistic,cash_equity,0.001,False,0.0,0.0,-10.0,0.0,0
MARUTI,1,SIGNAL_E211_BANDED_68,cash_equity_half_slippage,cash_equity,0.0005,False,0.0,0.0,-10.0,0.0,0
MARUTI,1,SIGNAL_E801_BANDED_70,cash_equity_half_slippage,cash_equity,0.0005,False,0.0,0.0,-10.0,0.0,0
MARUTI,1,SIGNAL_E1102_BANDED_70,cash_equity_half_slippage,cash_equity,0.0005,False,-0.01480950741549314,0.030917295047890956,-0.0437533118056894,1.333333333111111,8
MARUTI,1,FLAT,cash_equity_half_slippage,cash_equity,0.0005,False,0.0,0.0,-10.0,0.0,0
MARUTI,1,SIGNAL_E211_BANDED_68,stock_futures_realistic,stock_futures,0.001,False,0.0,0.0,-10.0,0.0,0
MARUTI,1,SIGNAL_E801_BANDED_70,stock_futures_realistic,stock_futures,0.001,False,0.0,0.0,-10.0,0.0,0
MARUTI,1,SIGNAL_E1102_BANDED_70,stock_futures_realistic,stock_futures,0.001,False,-0.02199590593041212,0.0363232369808836,-0.06389580653189253,1.333333333111111,8
MARUTI,1,FLAT,stock_futures_realistic,stock_futures,0.001,False,0.0,0.0,-10.0,0.0,0
MARUTI,1,SIGNAL_E211_BANDED_68,stock_futures_half_slippage,stock_futures,0.0005,False,0.0,0.0,-10.0,0.0,0
MARUTI,1,SIGNAL_E801_BANDED_70,stock_futures_half_slippage,stock_futures,0.0005,False,0.0,0.0,-10.0,0.0,0
MARUTI,1,SIGNAL_E1102_BANDED_70,stock_futures_half_slippage,stock_futures,0.0005,False,-0.01607122736660571,0.03186300255335177,-0.04745968185794437,1.333333333111111,8
MARUTI,1,FLAT,stock_futures_half_slippage,stock_futures,0.0005,False,0.0,0.0,-10.0,0.0,0
MARUTI,1,SIGNAL_E211_BANDED_68,stock_futures_fees_only,stock_futures,0.0,False,0.0,0.0,-10.0,0.0,0
MARUTI,1,SIGNAL_E801_BANDED_70,stock_futures_fees_only,stock_futures,0.0,False,0.0,0.0,-10.0,0.0,0
MARUTI,1,SIGNAL_E1102_BANDED_70,stock_futures_fees_only,stock_futures,0.0,False,-0.010146548802800304,0.027415425848695017,-0.030093013465805465,1.333333333111111,8
MARUTI,1,FLAT,stock_futures_fees_only,stock_futures,0.0,False,0.0,0.0,-10.0,0.0,0
MARUTI,1,SIGNAL_E211_BANDED_68,stock_futures_frictionless,stock_futures,0.0,True,0.0,0.0,-10.0,0.0,0
MARUTI,1,SIGNAL_E801_BANDED_70,stock_futures_frictionless,stock_futures,0.0,True,0.0,0.0,-10.0,0.0,0
MARUTI,1,SIGNAL_E1102_BANDED_70,stock_futures_frictionless,stock_futures,0.0,True,-0.0026000000000000467,0.024165932883279524,-0.007086561923872005,1.333333333111111,8
MARUTI,1,FLAT,stock_futures_frictionless,stock_futures,0.0,True,0.0,0.0,-10.0,0.0,0
M&M,1,SIGNAL_E211_BANDED_68,cash_equity_realistic,cash_equity,0.001,False,0.0,0.0,-10.0,0.0,0
M&M,1,SIGNAL_E801_BANDED_70,cash_equity_realistic,cash_equity,0.001,False,0.0,0.0,-10.0,0.0,0
M&M,1,SIGNAL_E1102_BANDED_70,cash_equity_realistic,cash_equity,0.001,False,-0.002382554915353108,0.004498966940022728,-0.060763928344553166,1.9999999995,8
M&M,1,FLAT,cash_equity_realistic,cash_equity,0.001,False,0.0,0.0,-10.0,0.0,0
M&M,1,SIGNAL_E211_BANDED_68,cash_equity_half_slippage,cash_equity,0.0005,False,0.0,0.0,-10.0,0.0,0
M&M,1,SIGNAL_E801_BANDED_70,cash_equity_half_slippage,cash_equity,0.0005,False,0.0,0.0,-10.0,0.0,0
M&M,1,SIGNAL_E1102_BANDED_70,cash_equity_half_slippage,cash_equity,0.0005,False,-0.0010160257273564843,0.003302709274491281,-0.02675760324495358,1.9999999995,8
M&M,1,FLAT,cash_equity_half_slippage,cash_equity,0.0005,False,0.0,0.0,-10.0,0.0,0
M&M,1,SIGNAL_E211_BANDED_68,stock_futures_realistic,stock_futures,0.001,False,0.0,0.0,-10.0,0.0,0
M&M,1,SIGNAL_E801_BANDED_70,stock_futures_realistic,stock_futures,0.001,False,0.0,0.0,-10.0,0.0,0
M&M,1,SIGNAL_E1102_BANDED_70,stock_futures_realistic,stock_futures,0.001,False,-0.0026736674280467554,0.004798070496577202,-0.06589887414353679,1.9999999995,8
M&M,1,FLAT,stock_futures_realistic,stock_futures,0.001,False,0.0,0.0,-10.0,0.0,0
M&M,1,SIGNAL_E211_BANDED_68,stock_futures_half_slippage,stock_futures,0.0005,False,0.0,0.0,-10.0,0.0,0
M&M,1,SIGNAL_E801_BANDED_70,stock_futures_half_slippage,stock_futures,0.0005,False,0.0,0.0,-10.0,0.0,0
M&M,1,SIGNAL_E1102_BANDED_70,stock_futures_half_slippage,stock_futures,0.0005,False,-0.0013073160043429732,0.003601986603808291,-0.03340012581164931,1.9999999995,8
M&M,1,FLAT,stock_futures_half_slippage,stock_futures,0.0005,False,0.0,0.0,-10.0,0.0,0
M&M,1,SIGNAL_E211_BANDED_68,stock_futures_fees_only,stock_futures,0.0,False,0.0,0.0,-10.0,0.0,0
M&M,1,SIGNAL_E801_BANDED_70,stock_futures_fees_only,stock_futures,0.0,False,0.0,0.0,-10.0,0.0,0
M&M,1,SIGNAL_E1102_BANDED_70,stock_futures_fees_only,stock_futures,0.0,False,5.903541936014278e-05,0.002421773810239938,0.001639472212097475,1.9999999995,8
M&M,1,FLAT,stock_futures_fees_only,stock_futures,0.0,False,0.0,0.0,-10.0,0.0,0
M&M,1,SIGNAL_E211_BANDED_68,stock_futures_frictionless,stock_futures,0.0,True,0.0,0.0,-10.0,0.0,0
M&M,1,SIGNAL_E801_BANDED_70,stock_futures_frictionless,stock_futures,0.0,True,0.0,0.0,-10.0,0.0,0
M&M,1,SIGNAL_E1102_BANDED_70,stock_futures_frictionless,stock_futures,0.0,True,0.0018000000000000238,0.00125,0.047978257717749356,1.9999999995,8
M&M,1,FLAT,stock_futures_frictionless,stock_futures,0.0,True,0.0,0.0,-10.0,0.0,0
BAJAJ-AUTO,1,SIGNAL_E211_BANDED_68,cash_equity_realistic,cash_equity,0.001,False,0.0,0.0,-10.0,0.0,0
BAJAJ-AUTO,1,SIGNAL_E801_BANDED_70,cash_equity_realistic,cash_equity,0.001,False,0.0,0.0,-10.0,0.0,0
BAJAJ-AUTO,1,SIGNAL_E1102_BANDED_70,cash_equity_realistic,cash_equity,0.001,False,-5.692842486637595e-05,0.004954227753393564,-0.0002786133330663198,1.3333333328888888,4
BAJAJ-AUTO,1,FLAT,cash_equity_realistic,cash_equity,0.001,False,0.0,0.0,-10.0,0.0,0
BAJAJ-AUTO,1,SIGNAL_E211_BANDED_68,cash_equity_half_slippage,cash_equity,0.0005,False,0.0,0.0,-10.0,0.0,0
BAJAJ-AUTO,1,SIGNAL_E801_BANDED_70,cash_equity_half_slippage,cash_equity,0.0005,False,0.0,0.0,-10.0,0.0,0
BAJAJ-AUTO,1,SIGNAL_E1102_BANDED_70,cash_equity_half_slippage,cash_equity,0.0005,False,0.0018892059124666627,0.003981846346776933,0.018756010736344555,1.3333333328888888,4
BAJAJ-AUTO,1,FLAT,cash_equity_half_slippage,cash_equity,0.0005,False,0.0,0.0,-10.0,0.0,0
BAJAJ-AUTO,1,SIGNAL_E211_BANDED_68,stock_futures_realistic,stock_futures,0.001,False,0.0,0.0,-10.0,0.0,0
BAJAJ-AUTO,1,SIGNAL_E801_BANDED_70,stock_futures_realistic,stock_futures,0.001,False,0.0,0.0,-10.0,0.0,0
BAJAJ-AUTO,1,SIGNAL_E1102_BANDED_70,stock_futures_realistic,stock_futures,0.001,False,-0.00047194814483297876,0.005161197958076709,-0.00446551995985861,1.3333333328888888,4
BAJAJ-AUTO,1,FLAT,stock_futures_realistic,stock_futures,0.001,False,0.0,0.0,-10.0,0.0,0
BAJAJ-AUTO,1,SIGNAL_E211_BANDED_68,stock_futures_half_slippage,stock_futures,0.0005,False,0.0,0.0,-10.0,0.0,0
BAJAJ-AUTO,1,SIGNAL_E801_BANDED_70,stock_futures_half_slippage,stock_futures,0.0005,False,0.0,0.0,-10.0,0.0,0
BAJAJ-AUTO,1,SIGNAL_E1102_BANDED_70,stock_futures_half_slippage,stock_futures,0.0005,False,0.0014739328526833795,0.004188541376759791,0.015039223588925203,1.3333333328888888,4
BAJAJ-AUTO,1,FLAT,stock_futures_half_slippage,stock_futures,0.0005,False,0.0,0.0,-10.0,0.0,0
BAJAJ-AUTO,1,SIGNAL_E211_BANDED_68,stock_futures_fees_only,stock_futures,0.0,False,0.0,0.0,-10.0,0.0,0
BAJAJ-AUTO,1,SIGNAL_E801_BANDED_70,stock_futures_fees_only,stock_futures,0.0,False,0.0,0.0,-10.0,0.0,0
BAJAJ-AUTO,1,SIGNAL_E1102_BANDED_70,stock_futures_fees_only,stock_futures,0.0,False,0.0034198138501999598,0.003217764511704614,0.033874148083457394,1.3333333328888888,4
BAJAJ-AUTO,1,FLAT,stock_futures_fees_only,stock_futures,0.0,False,0.0,0.0,-10.0,0.0,0
BAJAJ-AUTO,1,SIGNAL_E211_BANDED_68,stock_futures_frictionless,stock_futures,0.0,True,0.0,0.0,-10.0,0.0,0
BAJAJ-AUTO,1,SIGNAL_E801_BANDED_70,stock_futures_frictionless,stock_futures,0.0,True,0.0,0.0,-10.0,0.0,0
BAJAJ-AUTO,1,SIGNAL_E1102_BANDED_70,stock_futures_frictionless,stock_futures,0.0,True,0.005900000000000016,0.0022318107424490405,0.05376870048453409,1.3333333328888888,4
BAJAJ-AUTO,1,FLAT,stock_futures_frictionless,stock_futures,0.0,True,0.0,0.0,-10.0,0.0,0
RELIANCE,1,SIGNAL_E211_BANDED_68,cash_equity_realistic,cash_equity,0.001,False,0.0,0.0,-10.0,0.0,0
RELIANCE,1,SIGNAL_E801_BANDED_70,cash_equity_realistic,cash_equity,0.001,False,0.0,0.0,-10.0,0.0,0
RELIANCE,1,SIGNAL_E1102_BANDED_70,cash_equity_realistic,cash_equity,0.001,False,-0.0035741834505850223,0.004081115310397146,-0.10617666887693017,1.333333333111111,8
RELIANCE,1,FLAT,cash_equity_realistic,cash_equity,0.001,False,0.0,0.0,-10.0,0.0,0
RELIANCE,1,SIGNAL_E211_BANDED_68,cash_equity_half_slippage,cash_equity,0.0005,False,0.0,0.0,-10.0,0.0,0
RELIANCE,1,SIGNAL_E801_BANDED_70,cash_equity_half_slippage,cash_equity,0.0005,False,0.0,0.0,-10.0,0.0,0
RELIANCE,1,SIGNAL_E1102_BANDED_70,cash_equity_half_slippage,cash_equity,0.0005,False,-0.003020563856972469,0.0036647233173537916,-0.09258592004195447,1.333333333111111,8
RELIANCE,1,FLAT,cash_equity_half_slippage,cash_equity,0.0005,False,0.0,0.0,-10.0,0.0,0
RELIANCE,1,SIGNAL_E211_BANDED_68,stock_futures_realistic,stock_futures,0.001,False,0.0,0.0,-10.0,0.0,0
RELIANCE,1,SIGNAL_E801_BANDED_70,stock_futures_realistic,stock_futures,0.001,False,0.0,0.0,-10.0,0.0,0
RELIANCE,1,SIGNAL_E1102_BANDED_70,stock_futures_realistic,stock_futures,0.001,False,-0.0036917822873751005,0.004169398561997474,-0.10929187137191794,1.333333333111111,8
RELIANCE,1,FLAT,stock_futures_realistic,stock_futures,0.001,False,0.0,0.0,-10.0,0.0,0
RELIANCE,1,SIGNAL_E211_BANDED_68,stock_futures_half_slippage,stock_futures,0.0005,False,0.0,0.0,-10.0,0.0,0
RELIANCE,1,SIGNAL_E801_BANDED_70,stock_futures_half_slippage,stock_futures,0.0005,False,0.0,0.0,-10.0,0.0,0
RELIANCE,1,SIGNAL_E1102_BANDED_70,stock_futures_half_slippage,stock_futures,0.0005,False,-0.00313823457200757,0.003753036187341341,-0.09596530680775751,1.333333333111111,8
RELIANCE,1,FLAT,stock_futures_half_slippage,stock_futures,0.0005,False,0.0,0.0,-10.0,0.0,0
RELIANCE,1,SIGNAL_E211_BANDED_68,stock_futures_fees_only,stock_futures,0.0,False,0.0,0.0,-10.0,0.0,0
RELIANCE,1,SIGNAL_E801_BANDED_70,stock_futures_fees_only,stock_futures,0.0,False,0.0,0.0,-10.0,0.0,0
RELIANCE,1,SIGNAL_E1102_BANDED_70,stock_futures_fees_only,stock_futures,0.0,False,-0.0025846868566401504,0.0033367882274107363,-0.08128676738681392,1.333333333111111,8
RELIANCE,1,FLAT,stock_futures_fees_only,stock_futures,0.0,False,0.0,0.0,-10.0,0.0,0
RELIANCE,1,SIGNAL_E211_BANDED_68,stock_futures_frictionless,stock_futures,0.0,True,0.0,0.0,-10.0,0.0,0
RELIANCE,1,SIGNAL_E801_BANDED_70,stock_futures_frictionless,stock_futures,0.0,True,0.0,0.0,-10.0,0.0,0
RELIANCE,1,SIGNAL_E1102_BANDED_70,stock_futures_frictionless,stock_futures,0.0,True,-0.0018799999999998818,0.0028073891281107117,-0.06028544188103363,1.333333333111111,8
RELIANCE,1,FLAT,stock_futures_frictionless,stock_futures,0.0,True,0.0,0.0,-10.0,0.0,0
ONGC,1,SIGNAL_E211_BANDED_68,cash_equity_realistic,cash_equity,0.001,False,0.0,0.0,-10.0,0.0,0
ONGC,1,SIGNAL_E801_BANDED_70,cash_equity_realistic,cash_equity,0.001,False,0.0004267199447252068,0.0009504299005443938,0.018516661106014028,0.9999999999583333,10
ONGC,1,SIGNAL_E1102_BANDED_70,cash_equity_realistic,cash_equity,0.001,False,0.002416702227770573,0.00025041393526298636,0.100595326720076,0.8571428570816326,4
ONGC,1,FLAT,cash_equity_realistic,cash_equity,0.001,False,0.0,0.0,-10.0,0.0,0
ONGC,1,SIGNAL_E211_BANDED_68,cash_equity_half_slippage,cash_equity,0.0005,False,0.0,0.0,-10.0,0.0,0
ONGC,1,SIGNAL_E801_BANDED_70,cash_equity_half_slippage,cash_equity,0.0005,False,0.0007430422755676513,0.0008036183248843543,0.0325356254471176,0.9999999999583333,10
ONGC,1,SIGNAL_E1102_BANDED_70,cash_equity_half_slippage,cash_equity,0.0005,False,0.002567974822345498,0.00017409782612157868,0.10640658341515188,0.8571428570816326,4
ONGC,1,FLAT,cash_equity_half_slippage,cash_equity,0.0005,False,0.0,0.0,-10.0,0.0,0
ONGC,1,SIGNAL_E211_BANDED_68,stock_futures_realistic,stock_futures,0.001,False,0.0,0.0,-10.0,0.0,0
ONGC,1,SIGNAL_E801_BANDED_70,stock_futures_realistic,stock_futures,0.001,False,0.00035920647848985965,0.0009779597763190121,0.015595619298371728,0.9999999999583333,10
ONGC,1,SIGNAL_E1102_BANDED_70,stock_futures_realistic,stock_futures,0.001,False,0.0023841281761889377,0.0002865057833270839,0.09888097956389252,0.8571428570816326,4
ONGC,1,FLAT,stock_futures_realistic,stock_futures,0.001,False,0.0,0.0,-10.0,0.0,0
ONGC,1,SIGNAL_E211_BANDED_68,stock_futures_half_slippage,stock_futures,0.0005,False,0.0,0.0,-10.0,0.0,0
ONGC,1,SIGNAL_E801_BANDED_70,stock_futures_half_slippage,stock_futures,0.0005,False,0.0006754876085399708,0.0008311591625282283,0.029593091218651085,0.9999999999583333,10
ONGC,1,SIGNAL_E1102_BANDED_70,stock_futures_half_slippage,stock_futures,0.0005,False,0.002535380949634458,0.0002102077381736308,0.10476401488916853,0.8571428570816326,4
ONGC,1,FLAT,stock_futures_half_slippage,stock_futures,0.0005,False,0.0,0.0,-10.0,0.0,0
ONGC,1,SIGNAL_E211_BANDED_68,stock_futures_fees_only,stock_futures,0.0,False,0.0,0.0,-10.0,0.0,0
ONGC,1,SIGNAL_E801_BANDED_70,stock_futures_fees_only,stock_futures,0.0,False,0.0009917687385896379,0.0006843963576783855,0.04366339586862353,0.9999999999583333,10
ONGC,1,SIGNAL_E1102_BANDED_70,stock_futures_fees_only,stock_futures,0.0,False,0.0026866337230802007,0.00013390969301981385,0.1103402848907811,0.8571428570816326,4
ONGC,1,FLAT,stock_futures_fees_only,stock_futures,0.0,False,0.0,0.0,-10.0,0.0,0
ONGC,1,SIGNAL_E211_BANDED_68,stock_futures_frictionless,stock_futures,0.0,True,0.0,0.0,-10.0,0.0,0
ONGC,1,SIGNAL_E801_BANDED_70,stock_futures_frictionless,stock_futures,0.0,True,0.001394999999999813,0.0005043796130762072,0.06126456261238335,0.9999999999583333,10
ONGC,1,SIGNAL_E1102_BANDED_70,stock_futures_frictionless,stock_futures,0.0,True,0.0028800000000002157,0.0,0.11765888456306427,0.8571428570816326,4
ONGC,1,FLAT,stock_futures_frictionless,stock_futures,0.0,True,0.0,0.0,-10.0,0.0,0
BPCL,1,SIGNAL_E211_BANDED_68,cash_equity_realistic,cash_equity,0.001,False,0.0,0.0,-10.0,0.0,0
BPCL,1,SIGNAL_E801_BANDED_70,cash_equity_realistic,cash_equity,0.001,False,0.0002290849344914747,0.00020417527560057352,0.03157112609433345,1.1428571426938776,4
BPCL,1,SIGNAL_E1102_BANDED_70,cash_equity_realistic,cash_equity,0.001,False,-0.0016174364962411314,0.003557293868623492,-0.04028094096678216,0.7272727272506888,12
BPCL,1,FLAT,cash_equity_realistic,cash_equity,0.001,False,0.0,0.0,-10.0,0.0,0
BPCL,1,SIGNAL_E211_BANDED_68,cash_equity_half_slippage,cash_equity,0.0005,False,0.0,0.0,-10.0,0.0,0
BPCL,1,SIGNAL_E801_BANDED_70,cash_equity_half_slippage,cash_equity,0.0005,False,0.00037312391081600893,0.00013228507816020284,0.051708214249577236,1.1428571426938776,4
BPCL,1,SIGNAL_E1102_BANDED_70,cash_equity_half_slippage,cash_equity,0.0005,False,-0.0011771698593107116,0.0033398204477869515,-0.02927051232791141,0.7272727272506888,12
BPCL,1,FLAT,cash_equity_half_slippage,cash_equity,0.0005,False,0.0,0.0,-10.0,0.0,0
BPCL,1,SIGNAL_E211_BANDED_68,stock_futures_realistic,stock_futures,0.001,False,0.0,0.0,-10.0,0.0,0
BPCL,1,SIGNAL_E801_BANDED_70,stock_futures_realistic,stock_futures,0.001,False,0.0001983378158985083,0.00020080138363919104,0.027815663215185527,1.1428571426938776,4
BPCL,1,SIGNAL_E1102_BANDED_70,stock_futures_realistic,stock_futures,0.001,False,-0.001711116308348526,0.003623265393811562,-0.042485641085832845,0.7272727272506888,12
BPCL,1,FLAT,stock_futures_realistic,stock_futures,0.001,False,0.0,0.0,-10.0,0.0,0
BPCL,1,SIGNAL_E211_BANDED_68,stock_futures_half_slippage,stock_futures,0.0005,False,0.0,0.0,-10.0,0.0,0
BPCL,1,SIGNAL_E801_BANDED_70,stock_futures_half_slippage,stock_futures,0.0005,False,0.00034235802937931936,0.00012972081272622516,0.04840227986030492,1.1428571426938776,4
BPCL,1,SIGNAL_E1102_BANDED_70,stock_futures_half_slippage,stock_futures,0.0005,False,-0.0012709068979843696,0.0034058283209307772,-0.031535374866633506,0.7272727272506888,12
BPCL,1,FLAT,stock_futures_half_slippage,stock_futures,0.0005,False,0.0,0.0,-10.0,0.0,0
BPCL,1,SIGNAL_E211_BANDED_68,stock_futures_fees_only,stock_futures,0.0,False,0.0,0.0,-10.0,0.0,0
BPCL,1,SIGNAL_E801_BANDED_70,stock_futures_fees_only,stock_futures,0.0,False,0.00048637824285968634,0.00011164614101021636,0.06763408321307049,1.1428571426938776,4
BPCL,1,SIGNAL_E1102_BANDED_70,stock_futures_fees_only,stock_futures,0.0,False,-0.0008306974876201023,0.003188391248050175,-0.020530315236983964,0.7272727272506888,12
BPCL,1,FLAT,stock_futures_fees_only,stock_futures,0.0,False,0.0,0.0,-10.0,0.0,0
BPCL,1,SIGNAL_E211_BANDED_68,stock_futures_frictionless,stock_futures,0.0,True,0.0,0.0,-10.0,0.0,0
BPCL,1,SIGNAL_E801_BANDED_70,stock_futures_frictionless,stock_futures,0.0,True,0.0006700000000001705,7.994004496620259e-05,0.08650295268915752,1.1428571426938776,4
BPCL,1,SIGNAL_E1102_BANDED_70,stock_futures_frictionless,stock_futures,0.0,True,-0.00026999999999988145,0.002875,-0.00658027255229519,0.7272727272506888,12
BPCL,1,FLAT,stock_futures_frictionless,stock_futures,0.0,True,0.0,0.0,-10.0,0.0,0
LT,1,SIGNAL_E211_BANDED_68,cash_equity_realistic,cash_equity,0.001,False,0.0,0.0,-10.0,0.0,0
LT,1,SIGNAL_E801_BANDED_70,cash_equity_realistic,cash_equity,0.001,False,0.0,0.0,-10.0,0.0,0
LT,1,SIGNAL_E1102_BANDED_70,cash_equity_realistic,cash_equity,0.001,False,-0.009769245385982894,0.009769245385982868,-0.10568848502594905,0.99999999975,4
LT,1,FLAT,cash_equity_realistic,cash_equity,0.001,False,0.0,0.0,-10.0,0.0,0
LT,1,SIGNAL_E211_BANDED_68,cash_equity_half_slippage,cash_equity,0.0005,False,0.0,0.0,-10.0,0.0,0
LT,1,SIGNAL_E801_BANDED_70,cash_equity_half_slippage,cash_equity,0.0005,False,0.0,0.0,-10.0,0.0,0
LT,1,SIGNAL_E1102_BANDED_70,cash_equity_half_slippage,cash_equity,0.0005,False,-0.008952388322561289,0.008952388322561273,-0.10073359296694527,0.99999999975,4
LT,1,FLAT,cash_equity_half_slippage,cash_equity,0.0005,False,0.0,0.0,-10.0,0.0,0
LT,1,SIGNAL_E211_BANDED_68,stock_futures_realistic,stock_futures,0.001,False,0.0,0.0,-10.0,0.0,0
LT,1,SIGNAL_E801_BANDED_70,stock_futures_realistic,stock_futures,0.001,False,0.0,0.0,-10.0,0.0,0
LT,1,SIGNAL_E1102_BANDED_70,stock_futures_realistic,stock_futures,0.001,False,-0.00994217636660688,0.009942176366606872,-0.10611642319106501,0.99999999975,4
LT,1,FLAT,stock_futures_realistic,stock_futures,0.001,False,0.0,0.0,-10.0,0.0,0
LT,1,SIGNAL_E211_BANDED_68,stock_futures_half_slippage,stock_futures,0.0005,False,0.0,0.0,-10.0,0.0,0
LT,1,SIGNAL_E801_BANDED_70,stock_futures_half_slippage,stock_futures,0.0005,False,0.0,0.0,-10.0,0.0,0
LT,1,SIGNAL_E1102_BANDED_70,stock_futures_half_slippage,stock_futures,0.0005,False,-0.009125425118733266,0.009125425118733255,-0.1012689696015847,0.99999999975,4
LT,1,FLAT,stock_futures_half_slippage,stock_futures,0.0005,False,0.0,0.0,-10.0,0.0,0
LT,1,SIGNAL_E211_BANDED_68,stock_futures_fees_only,stock_futures,0.0,False,0.0,0.0,-10.0,0.0,0
LT,1,SIGNAL_E801_BANDED_70,stock_futures_fees_only,stock_futures,0.0,False,0.0,0.0,-10.0,0.0,0
LT,1,SIGNAL_E1102_BANDED_70,stock_futures_fees_only,stock_futures,0.0,False,-0.008308673870859984,0.008308673870860003,-0.09580693770559304,0.99999999975,4
LT,1,FLAT,stock_futures_fees_only,stock_futures,0.0,False,0.0,0.0,-10.0,0.0,0
LT,1,SIGNAL_E211_BANDED_68,stock_futures_frictionless,stock_futures,0.0,True,0.0,0.0,-10.0,0.0,0
LT,1,SIGNAL_E801_BANDED_70,stock_futures_frictionless,stock_futures,0.0,True,0.0,0.0,-10.0,0.0,0
LT,1,SIGNAL_E1102_BANDED_70,stock_futures_frictionless,stock_futures,0.0,True,-0.00727000000000011,0.007270000000000072,-0.08894512535950924,0.99999999975,4
LT,1,FLAT,stock_futures_frictionless,stock_futures,0.0,True,0.0,0.0,-10.0,0.0,0
ADANIPORTS,1,SIGNAL_E211_BANDED_68,cash_equity_realistic,cash_equity,0.001,False,0.0,0.0,-10.0,0.0,0
ADANIPORTS,1,SIGNAL_E801_BANDED_70,cash_equity_realistic,cash_equity,0.001,False,0.0,0.0,-10.0,0.0,0
ADANIPORTS,1,SIGNAL_E1102_BANDED_70,cash_equity_realistic,cash_equity,0.001,False,-0.008889949740023773,0.009365986211925883,-0.09916852809544725,1.19999999988,12
ADANIPORTS,1,FLAT,cash_equity_realistic,cash_equity,0.001,False,0.0,0.0,-10.0,0.0,0
ADANIPORTS,1,SIGNAL_E211_BANDED_68,cash_equity_half_slippage,cash_equity,0.0005,False,0.0,0.0,-10.0,0.0,0
ADANIPORTS,1,SIGNAL_E801_BANDED_70,cash_equity_half_slippage,cash_equity,0.0005,False,0.0,0.0,-10.0,0.0,0
ADANIPORTS,1,SIGNAL_E1102_BANDED_70,cash_equity_half_slippage,cash_equity,0.0005,False,-0.008043491190311891,0.008594864307333045,-0.09066204258579104,1.19999999988,12
ADANIPORTS,1,FLAT,cash_equity_half_slippage,cash_equity,0.0005,False,0.0,0.0,-10.0,0.0,0
ADANIPORTS,1,SIGNAL_E211_BANDED_68,stock_futures_realistic,stock_futures,0.001,False,0.0,0.0,-10.0,0.0,0
ADANIPORTS,1,SIGNAL_E801_BANDED_70,stock_futures_realistic,stock_futures,0.001,False,0.0,0.0,-10.0,0.0,0
ADANIPORTS,1,SIGNAL_E1102_BANDED_70,stock_futures_realistic,stock_futures,0.001,False,-0.00906930772707637,0.00954887983680419,-0.10123214180326374,1.19999999988,12
ADANIPORTS,1,FLAT,stock_futures_realistic,stock_futures,0.001,False,0.0,0.0,-10.0,0.0,0
ADANIPORTS,1,SIGNAL_E211_BANDED_68,stock_futures_half_slippage,stock_futures,0.0005,False,0.0,0.0,-10.0,0.0,0
ADANIPORTS,1,SIGNAL_E801_BANDED_70,stock_futures_half_slippage,stock_futures,0.0005,False,0.0,0.0,-10.0,0.0,0
ADANIPORTS,1,SIGNAL_E1102_BANDED_70,stock_futures_half_slippage,stock_futures,0.0005,False,-0.008222958893237986,0.008777865882031801,-0.09276993056697154,1.19999999988,12
ADANIPORTS,1,FLAT,stock_futures_half_slippage,stock_futures,0.0005,False,0.0,0.0,-10.0,0.0,0
ADANIPORTS,1,SIGNAL_E211_BANDED_68,stock_futures_fees_only,stock_futures,0.0,False,0.0,0.0,-10.0,0.0,0
ADANIPORTS,1,SIGNAL_E801_BANDED_70,stock_futures_fees_only,stock_futures,0.0,False,0.0,0.0,-10.0,0.0,0
ADANIPORTS,1,SIGNAL_E1102_BANDED_70,stock_futures_fees_only,stock_futures,0.0,False,-0.007376610059400268,0.00805445772762032,-0.08402029835175058,1.19999999988,12
ADANIPORTS,1,FLAT,stock_futures_fees_only,stock_futures,0.0,False,0.0,0.0,-10.0,0.0,0
ADANIPORTS,1,SIGNAL_E211_BANDED_68,stock_futures_frictionless,stock_futures,0.0,True,0.0,0.0,-10.0,0.0,0
ADANIPORTS,1,SIGNAL_E801_BANDED_70,stock_futures_frictionless,stock_futures,0.0,True,0.0,0.0,-10.0,0.0,0
ADANIPORTS,1,SIGNAL_E1102_BANDED_70,stock_futures_frictionless,stock_futures,0.0,True,-0.006299999999999972,0.0072299999999999275,-0.07208054398520453,1.19999999988,12
ADANIPORTS,1,FLAT,stock_futures_frictionless,stock_futures,0.0,True,0.0,0.0,-10.0,0.0,0
ULTRACEMCO,1,SIGNAL_E211_BANDED_68,cash_equity_realistic,cash_equity,0.001,False,0.0,0.0,-10.0,0.0,0
ULTRACEMCO,1,SIGNAL_E801_BANDED_70,cash_equity_realistic,cash_equity,0.001,False,0.0,0.0,-10.0,0.0,0
ULTRACEMCO,1,SIGNAL_E1102_BANDED_70,cash_equity_realistic,cash_equity,0.001,False,-0.02183334590412722,0.021833345904127235,-0.13907007530774707,1.19999999976,6
ULTRACEMCO,1,FLAT,cash_equity_realistic,cash_equity,0.001,False,0.0,0.0,-10.0,0.0,0
ULTRACEMCO,1,SIGNAL_E211_BANDED_68,cash_equity_half_slippage,cash_equity,0.0005,False,0.0,0.0,-10.0,0.0,0
ULTRACEMCO,1,SIGNAL_E801_BANDED_70,cash_equity_half_slippage,cash_equity,0.0005,False,0.0,0.0,-10.0,0.0,0
ULTRACEMCO,1,SIGNAL_E1102_BANDED_70,cash_equity_half_slippage,cash_equity,0.0005,False,-0.018064607779963104,0.01806460777996308,-0.12703371559827456,1.19999999976,6
ULTRACEMCO,1,FLAT,cash_equity_half_slippage,cash_equity,0.0005,False,0.0,0.0,-10.0,0.0,0
ULTRACEMCO,1,SIGNAL_E211_BANDED_68,stock_futures_realistic,stock_futures,0.001,False,0.0,0.0,-10.0,0.0,0
ULTRACEMCO,1,SIGNAL_E801_BANDED_70,stock_futures_realistic,stock_futures,0.001,False,0.0,0.0,-10.0,0.0,0
ULTRACEMCO,1,SIGNAL_E1102_BANDED_70,stock_futures_realistic,stock_futures,0.001,False,-0.02263421881097205,0.022634218810972016,-0.14361199687820647,1.19999999976,6
ULTRACEMCO,1,FLAT,stock_futures_realistic,stock_futures,0.001,False,0.0,0.0,-10.0,0.0,0
ULTRACEMCO,1,SIGNAL_E211_BANDED_68,stock_futures_half_slippage,stock_futures,0.0005,False,0.0,0.0,-10.0,0.0,0
ULTRACEMCO,1,SIGNAL_E801_BANDED_70,stock_futures_half_slippage,stock_futures,0.0005,False,0.0,0.0,-10.0,0.0,0
ULTRACEMCO,1,SIGNAL_E1102_BANDED_70,stock_futures_half_slippage,stock_futures,0.0005,False,-0.01886597012758562,0.01886597012758557,-0.13261311134445042,1.19999999976,6
ULTRACEMCO,1,FLAT,stock_futures_half_slippage,stock_futures,0.0005,False,0.0,0.0,-10.0,0.0,0
ULTRACEMCO,1,SIGNAL_E211_BANDED_68,stock_futures_fees_only,stock_futures,0.0,False,0.0,0.0,-10.0,0.0,0
ULTRACEMCO,1,SIGNAL_E801_BANDED_70,stock_futures_fees_only,stock_futures,0.0,False,0.0,0.0,-10.0,0.0,0
ULTRACEMCO,1,SIGNAL_E1102_BANDED_70,stock_futures_fees_only,stock_futures,0.0,False,-0.015097721444199852,0.015097721444199852,-0.11764156872376788,1.19999999976,6
ULTRACEMCO,1,FLAT,stock_futures_fees_only,stock_futures,0.0,False,0.0,0.0,-10.0,0.0,0
ULTRACEMCO,1,SIGNAL_E211_BANDED_68,stock_futures_frictionless,stock_futures,0.0,True,0.0,0.0,-10.0,0.0,0
ULTRACEMCO,1,SIGNAL_E801_BANDED_70,stock_futures_frictionless,stock_futures,0.0,True,0.0,0.0,-10.0,0.0,0
ULTRACEMCO,1,SIGNAL_E1102_BANDED_70,stock_futures_frictionless,stock_futures,0.0,True,-0.010299999999999976,0.011880990415335463,-0.08552053551378033,1.19999999976,6
ULTRACEMCO,1,FLAT,stock_futures_frictionless,stock_futures,0.0,True,0.0,0.0,-10.0,0.0,0
SUNPHARMA,1,SIGNAL_E211_BANDED_68,cash_equity_realistic,cash_equity,0.001,False,0.0006781079391242617,0.00026443239363070463,0.051699179814467096,1.9999999979999998,2
SUNPHARMA,1,SIGNAL_E801_BANDED_70,cash_equity_realistic,cash_equity,0.001,False,0.0,0.0,-10.0,0.0,0
SUNPHARMA,1,SIGNAL_E1102_BANDED_70,cash_equity_realistic,cash_equity,0.001,False,0.0,0.0,-10.0,0.0,0
SUNPHARMA,1,FLAT,cash_equity_realistic,cash_equity,0.001,False,0.0,0.0,-10.0,0.0,0
SUNPHARMA,1,SIGNAL_E211_BANDED_68,cash_equity_half_slippage,cash_equity,0.0005,False,0.0008387849524922331,0.00018384402145529748,0.06027549405339885,1.9999999979999998,2
SUNPHARMA,1,SIGNAL_E801_BANDED_70,cash_equity_half_slippage,cash_equity,0.0005,False,0.0,0.0,-10.0,0.0,0
SUNPHARMA,1,SIGNAL_E1102_BANDED_70,cash_equity_half_slippage,cash_equity,0.0005,False,0.0,0.0,-10.0,0.0,0
SUNPHARMA,1,FLAT,cash_equity_half_slippage,cash_equity,0.0005,False,0.0,0.0,-10.0,0.0,0
SUNPHARMA,1,SIGNAL_E211_BANDED_68,stock_futures_realistic,stock_futures,0.001,False,0.0006437542827655296,0.0003025447046093177,0.048355347207329064,1.9999999979999998,2
SUNPHARMA,1,SIGNAL_E801_BANDED_70,stock_futures_realistic,stock_futures,0.001,False,0.0,0.0,-10.0,0.0,0
SUNPHARMA,1,SIGNAL_E1102_BANDED_70,stock_futures_realistic,stock_futures,0.001,False,0.0,0.0,-10.0,0.0,0
SUNPHARMA,1,FLAT,stock_futures_realistic,stock_futures,0.001,False,0.0,0.0,-10.0,0.0,0
SUNPHARMA,1,SIGNAL_E211_BANDED_68,stock_futures_half_slippage,stock_futures,0.0005,False,0.0008044103434527994,0.00022197540766464953,0.05718592689872893,1.9999999979999998,2
SUNPHARMA,1,SIGNAL_E801_BANDED_70,stock_futures_half_slippage,stock_futures,0.0005,False,0.0,0.0,-10.0,0.0,0
SUNPHARMA,1,SIGNAL_E1102_BANDED_70,stock_futures_half_slippage,stock_futures,0.0005,False,0.0,0.0,-10.0,0.0,0
SUNPHARMA,1,FLAT,stock_futures_half_slippage,stock_futures,0.0005,False,0.0,0.0,-10.0,0.0,0
SUNPHARMA,1,SIGNAL_E211_BANDED_68,stock_futures_fees_only,stock_futures,0.0,False,0.0009650664041398471,0.00014140611071998137,0.06461374984400493,1.9999999979999998,2
SUNPHARMA,1,SIGNAL_E801_BANDED_70,stock_futures_fees_only,stock_futures,0.0,False,0.0,0.0,-10.0,0.0,0
SUNPHARMA,1,SIGNAL_E1102_BANDED_70,stock_futures_fees_only,stock_futures,0.0,False,0.0,0.0,-10.0,0.0,0
SUNPHARMA,1,FLAT,stock_futures_fees_only,stock_futures,0.0,False,0.0,0.0,-10.0,0.0,0
SUNPHARMA,1,SIGNAL_E211_BANDED_68,stock_futures_frictionless,stock_futures,0.0,True,0.0011699999999998933,0.0,0.07473491550619311,1.9999999979999998,2
SUNPHARMA,1,SIGNAL_E801_BANDED_70,stock_futures_frictionless,stock_futures,0.0,True,0.0,0.0,-10.0,0.0,0
SUNPHARMA,1,SIGNAL_E1102_BANDED_70,stock_futures_frictionless,stock_futures,0.0,True,0.0,0.0,-10.0,0.0,0
SUNPHARMA,1,FLAT,stock_futures_frictionless,stock_futures,0.0,True,0.0,0.0,-10.0,0.0,0
DRREDDY,1,SIGNAL_E211_BANDED_68,cash_equity_realistic,cash_equity,0.001,False,0.0008038746154712673,0.00021314615062001393,0.05775419176676656,1.9999999979999998,2
DRREDDY,1,SIGNAL_E801_BANDED_70,cash_equity_realistic,cash_equity,0.001,False,0.00011085125832344112,0.0009061695077678451,0.00712985321275647,1.999999999,4
DRREDDY,1,SIGNAL_E1102_BANDED_70,cash_equity_realistic,cash_equity,0.001,False,-0.001012367421566851,0.001263651475767074,-0.06773474903643469,0.9999999995,2
DRREDDY,1,FLAT,cash_equity_realistic,cash_equity,0.001,False,0.0,0.0,-10.0,0.0,0
DRREDDY,1,SIGNAL_E211_BANDED_68,cash_equity_half_slippage,cash_equity,0.0005,False,0.0009332600633358279,0.0001481877653099218,0.06385031311398798,1.9999999979999998,2
DRREDDY,1,SIGNAL_E801_BANDED_70,cash_equity_half_slippage,cash_equity,0.0005,False,0.0003686626573218277,0.000712785171323776,0.023353259466533608,1.999999999,4
DRREDDY,1,SIGNAL_E1102_BANDED_70,cash_equity_half_slippage,cash_equity,0.0005,False,-0.0008939452770935219,0.001204634284313579,-0.05943947122055819,0.9999999995,2
DRREDDY,1,FLAT,cash_equity_half_slippage,cash_equity,0.0005,False,0.0,0.0,-10.0,0.0,0
DRREDDY,1,SIGNAL_E211_BANDED_68,stock_futures_realistic,stock_futures,0.001,False,0.000776177764928887,0.0002438666393800304,0.05524353152264412,1.9999999979999998,2
DRREDDY,1,SIGNAL_E801_BANDED_70,stock_futures_realistic,stock_futures,0.001,False,5.58567199764326e-05,0.0009641876843323189,0.0035745124014676267,1.999999999,4
DRREDDY,1,SIGNAL_E1102_BANDED_70,stock_futures_realistic,stock_futures,0.001,False,-0.0010374902224830063,0.0012915622213628011,-0.06906223628256108,0.9999999995,2
DRREDDY,1,FLAT,stock_futures_realistic,stock_futures,0.001,False,0.0,0.0,-10.0,0.0,0
DRREDDY,1,SIGNAL_E211_BANDED_68,stock_futures_half_slippage,stock_futures,0.0005,False,0.0009055463268643482,0.00017892362968996168,0.06151907218108917,1.9999999979999998,2
DRREDDY,1,SIGNAL_E801_BANDED_70,stock_futures_half_slippage,stock_futures,0.0005,False,0.00031363455182842337,0.000770835404726131,0.019704039067639168,1.999999999,4
DRREDDY,1,SIGNAL_E1102_BANDED_70,stock_futures_half_slippage,stock_futures,0.0005,False,-0.0009190834399314118,0.0012325589992513415,-0.06087407190501878,0.9999999995,2
DRREDDY,1,FLAT,stock_futures_half_slippage,stock_futures,0.0005,False,0.0,0.0,-10.0,0.0,0
DRREDDY,1,SIGNAL_E211_BANDED_68,stock_futures_fees_only,stock_futures,0.0,False,0.0010349148887998094,0.00011398062000007486,0.06695576087689403,1.9999999979999998,2
DRREDDY,1,SIGNAL_E801_BANDED_70,stock_futures_fees_only,stock_futures,0.0,False,0.00057141238367997,0.000577483125119943,0.03517647990655892,1.999999999,4
DRREDDY,1,SIGNAL_E1102_BANDED_70,stock_futures_fees_only,stock_futures,0.0,False,-0.0008006766573799284,0.0011735557771398817,-0.052482755514340326,0.9999999995,2
DRREDDY,1,FLAT,stock_futures_fees_only,stock_futures,0.0,False,0.0,0.0,-10.0,0.0,0
DRREDDY,1,SIGNAL_E211_BANDED_68,stock_futures_frictionless,stock_futures,0.0,True,0.0012000000000000899,0.0,0.07473513032633351,1.9999999979999998,2
DRREDDY,1,SIGNAL_E801_BANDED_70,stock_futures_frictionless,stock_futures,0.0,True,0.0008999999999999009,0.0003,0.05431305510324935,1.999999999,4
DRREDDY,1,SIGNAL_E1102_BANDED_70,stock_futures_frictionless,stock_futures,0.0,True,-0.0006500000000000394,0.001069999999999891,-0.04214521667085025,0.9999999995,2
DRREDDY,1,FLAT,stock_futures_frictionless,stock_futures,0.0,True,0.0,0.0,-10.0,0.0,0
CIPLA,1,SIGNAL_E211_BANDED_68,cash_equity_realistic,cash_equity,0.001,False,-0.0007479529105168803,0.0007479529105168694,-0.09775337631064172,1.9999999979999998,2
CIPLA,1,SIGNAL_E801_BANDED_70,cash_equity_realistic,cash_equity,0.001,False,0.0,0.0,-10.0,0.0,0
CIPLA,1,SIGNAL_E1102_BANDED_70,cash_equity_realistic,cash_equity,0.001,False,-0.0034263992068792604,0.0042679853181867185,-0.06450890567561939,1.9999999993333333,6
CIPLA,1,FLAT,cash_equity_realistic,cash_equity,0.001,False,0.0,0.0,-10.0,0.0,0
CIPLA,1,SIGNAL_E211_BANDED_68,cash_equity_half_slippage,cash_equity,0.0005,False,-0.00061464748557849,0.0006146474855784617,-0.0944396617407318,1.9999999979999998,2
CIPLA,1,SIGNAL_E801_BANDED_70,cash_equity_half_slippage,cash_equity,0.0005,False,0.0,0.0,-10.0,0.0,0
CIPLA,1,SIGNAL_E1102_BANDED_70,cash_equity_half_slippage,cash_equity,0.0005,False,-0.003028877353129844,0.004010164968022903,-0.057766868702138166,1.9999999993333333,6
CIPLA,1,FLAT,cash_equity_half_slippage,cash_equity,0.0005,False,0.0,0.0,-10.0,0.0,0
CIPLA,1,SIGNAL_E211_BANDED_68,stock_futures_realistic,stock_futures,0.001,False,-0.0007762840422632644,0.0007762840422632508,-0.09975553490907373,1.9999999979999998,2
CIPLA,1,SIGNAL_E801_BANDED_70,stock_futures_realistic,stock_futures,0.001,False,0.0,0.0,-10.0,0.0,0
CIPLA,1,SIGNAL_E1102_BANDED_70,stock_futures_realistic,stock_futures,0.001,False,-0.003510728286690523,0.004324082650291996,-0.06554250127400797,1.9999999993333333,6
CIPLA,1,FLAT,stock_futures_realistic,stock_futures,0.001,False,0.0,0.0,-10.0,0.0,0
CIPLA,1,SIGNAL_E211_BANDED_68,stock_futures_half_slippage,stock_futures,0.0005,False,-0.0006429959308116295,0.000642995930811594,-0.09726491445233215,1.9999999979999998,2
CIPLA,1,SIGNAL_E801_BANDED_70,stock_futures_half_slippage,stock_futures,0.0005,False,0.0,0.0,-10.0,0.0,0
CIPLA,1,SIGNAL_E1102_BANDED_70,stock_futures_half_slippage,stock_futures,0.0005,False,-0.003113257998655361,0.004069394270004522,-0.058886097545868946,1.9999999993333333,6
CIPLA,1,FLAT,stock_futures_half_slippage,stock_futures,0.0005,False,0.0,0.0,-10.0,0.0,0
CIPLA,1,SIGNAL_E211_BANDED_68,stock_futures_fees_only,stock_futures,0.0,False,-0.0005097078193598836,0.0005097078193599373,-0.0930438864941639,1.9999999979999998,2
CIPLA,1,SIGNAL_E801_BANDED_70,stock_futures_fees_only,stock_futures,0.0,False,0.0,0.0,-10.0,0.0,0
CIPLA,1,SIGNAL_E1102_BANDED_70,stock_futures_fees_only,stock_futures,0.0,False,-0.0027157877106197548,0.003870215572251883,-0.0519704652634986,1.9999999993333333,6
CIPLA,1,FLAT,stock_futures_fees_only,stock_futures,0.0,False,0.0,0.0,-10.0,0.0,0
CIPLA,1,SIGNAL_E211_BANDED_68,stock_futures_frictionless,stock_futures,0.0,True,-0.00034000000000000696,0.0003399999999999636,-0.07471394489760479,1.9999999979999998,2
CIPLA,1,SIGNAL_E801_BANDED_70,stock_futures_frictionless,stock_futures,0.0,True,0.0,0.0,-10.0,0.0,0
CIPLA,1,SIGNAL_E1102_BANDED_70,stock_futures_frictionless,stock_futures,0.0,True,-0.0022100000000000453,0.0035855181023719987,-0.043300315009690615,1.9999999993333333,6
CIPLA,1,FLAT,stock_futures_frictionless,stock_futures,0.0,True,0.0,0.0,-10.0,0.0,0
BHARTIARTL,1,SIGNAL_E211_BANDED_68,cash_equity_realistic,cash_equity,0.001,False,0.0,0.0,-10.0,0.0,0
BHARTIARTL,1,SIGNAL_E801_BANDED_70,cash_equity_realistic,cash_equity,0.001,False,0.0,0.0,-10.0,0.0,0
BHARTIARTL,1,SIGNAL_E1102_BANDED_70,cash_equity_realistic,cash_equity,0.001,False,-0.0033649860056009784,0.004036261439458212,-0.07026400597346805,1.666666666388889,10
BHARTIARTL,1,FLAT,cash_equity_realistic,cash_equity,0.001,False,0.0,0.0,-10.0,0.0,0
BHARTIARTL,1,SIGNAL_E211_BANDED_68,cash_equity_half_slippage,cash_equity,0.0005,False,0.0,0.0,-10.0,0.0,0
BHARTIARTL,1,SIGNAL_E801_BANDED_70,cash_equity_half_slippage,cash_equity,0.0005,False,0.0,0.0,-10.0,0.0,0
BHARTIARTL,1,SIGNAL_E1102_BANDED_70,cash_equity_half_slippage,cash_equity,0.0005,False,-0.0023831339257605055,0.0035465309987092043,-0.0506896719492058,1.666666666388889,10
BHARTIARTL,1,FLAT,cash_equity_half_slippage,cash_equity,0.0005,False,0.0,0.0,-10.0,0.0,0
BHARTIARTL,1,SIGNAL_E211_BANDED_68,stock_futures_realistic,stock_futures,0.001,False,0.0,0.0,-10.0,0.0,0
BHARTIARTL,1,SIGNAL_E801_BANDED_70,stock_futures_realistic,stock_futures,0.001,False,0.0,0.0,-10.0,0.0,0
BHARTIARTL,1,SIGNAL_E1102_BANDED_70,stock_futures_realistic,stock_futures,0.001,False,-0.003573935682518403,0.004113883641161374,-0.07501414236518737,1.666666666388889,10
BHARTIARTL,1,FLAT,stock_futures_realistic,stock_futures,0.001,False,0.0,0.0,-10.0,0.0,0
BHARTIARTL,1,SIGNAL_E211_BANDED_68,stock_futures_half_slippage,stock_futures,0.0005,False,0.0,0.0,-10.0,0.0,0
BHARTIARTL,1,SIGNAL_E801_BANDED_70,stock_futures_half_slippage,stock_futures,0.0005,False,0.0,0.0,-10.0,0.0,0
BHARTIARTL,1,SIGNAL_E1102_BANDED_70,stock_futures_half_slippage,stock_futures,0.0005,False,-0.0025922112382992246,0.003624205951600743,-0.055529083495529326,1.666666666388889,10
BHARTIARTL,1,FLAT,stock_futures_half_slippage,stock_futures,0.0005,False,0.0,0.0,-10.0,0.0,0
BHARTIARTL,1,SIGNAL_E211_BANDED_68,stock_futures_fees_only,stock_futures,0.0,False,0.0,0.0,-10.0,0.0,0
BHARTIARTL,1,SIGNAL_E801_BANDED_70,stock_futures_fees_only,stock_futures,0.0,False,0.0,0.0,-10.0,0.0,0
BHARTIARTL,1,SIGNAL_E1102_BANDED_70,stock_futures_fees_only,stock_futures,0.0,False,-0.001610486794079824,0.0031345282620399303,-0.034941143890665584,1.666666666388889,10
BHARTIARTL,1,FLAT,stock_futures_fees_only,stock_futures,0.0,False,0.0,0.0,-10.0,0.0,0
BHARTIARTL,1,SIGNAL_E211_BANDED_68,stock_futures_frictionless,stock_futures,0.0,True,0.0,0.0,-10.0,0.0,0
BHARTIARTL,1,SIGNAL_E801_BANDED_70,stock_futures_frictionless,stock_futures,0.0,True,0.0,0.0,-10.0,0.0,0
BHARTIARTL,1,SIGNAL_E1102_BANDED_70,stock_futures_frictionless,stock_futures,0.0,True,-0.00036000000000002697,0.002560000000000036,-0.007606373713362362,1.666666666388889,10
BHARTIARTL,1,FLAT,stock_futures_frictionless,stock_futures,0.0,True,0.0,0.0,-10.0,0.0,0
