experiment_id,rebalance_idx,open_ts,next_open_ts,eligible_count,portfolio_return,long_contribution,short_contribution,turnover,long_names,short_names
E1002,1,2023-04-17 10:15:00,2023-04-24 09:15:00,27,-0.011722189026221026,-0.011722189026221026,0.0,1.0,"INFY,DRREDDY,SUNPHARMA,AXISBANK,CIPLA",
E1002,6,2023-04-24 09:15:00,2023-05-02 09:15:00,27,0.030478335899450502,0.030478335899450502,0.0,1.6,"ICICIBANK,SUNPHARMA,LT,HINDUNILVR,WIPRO",
E1002,11,2023-05-02 09:15:00,2023-05-09 09:15:00,27,0.011770852237600705,0.011770852237600705,0.0,2.0,"TECHM,ULTRACEMCO,M&M,DRREDDY,ADANIPORTS",
E1002,16,2023-05-09 09:15:00,2023-05-16 09:15:00,27,-0.0148810871701397,-0.0148810871701397,0.0,2.0,"BPCL,WIPRO,LT,SUNPHARMA,ITC",
E1002,21,2023-05-16 09:15:00,2023-05-23 09:15:00,27,-0.0053765226296919235,-0.0053765226296919235,0.0,1.6,"BPCL,TCS,BAJAJ-AUTO,KOTAKBANK,BRITANNIA",
E1002,26,2023-05-23 09:15:00,2023-05-30 09:15:00,27,0.025079479384724733,0.025079479384724733,0.0,1.2000000000000002,"BAJAJ-AUTO,M&M,CIPLA,HCLTECH,TCS",
E1002,31,2023-05-30 09:15:00,2023-06-06 09:15:00,27,0.017979736953067003,0.017979736953067003,0.0,1.6,"AXISBANK,BPCL,DRREDDY,HINDUNILVR,M&M",
E1002,36,2023-06-06 09:15:00,2023-06-13 09:15:00,27,0.020606855865055645,0.020606855865055645,0.0,2.0,"ULTRACEMCO,INFY,WIPRO,LT,BRITANNIA",
E1002,41,2023-06-13 09:15:00,2023-06-20 09:15:00,27,-0.005003184980181306,-0.005003184980181306,0.0,1.2000000000000002,"NESTLEIND,AXISBANK,ITC,LT,WIPRO",
E1002,46,2023-06-20 09:15:00,2023-06-27 09:15:00,27,0.013741542278571021,0.013741542278571021,0.0,1.6,"WIPRO,TECHM,HDFCBANK,BAJAJ-AUTO,ICICIBANK",
E1002,51,2023-06-27 09:15:00,2023-07-05 09:15:00,27,0.023883093557478807,0.023883093557478807,0.0,0.8,"HINDUNILVR,M&M,WIPRO,HDFCBANK,BAJAJ-AUTO",
E1002,56,2023-07-05 09:15:00,2023-07-12 09:15:00,27,0.00827963672892384,0.00827963672892384,0.0,2.0,"ONGC,NESTLEIND,ADANIPORTS,LT,BHARTIARTL",
E1002,61,2023-07-12 09:15:00,2023-07-19 09:15:00,27,0.006506959055973434,0.006506959055973434,0.0,1.6,"ULTRACEMCO,BPCL,MARUTI,INFY,BHARTIARTL",
E1002,66,2023-07-19 09:15:00,2023-07-26 09:15:00,27,0.018288072901192692,0.018288072901192692,0.0,1.6,"NESTLEIND,M&M,BHARTIARTL,ONGC,SBIN",
E1002,71,2023-07-26 09:15:00,2023-08-02 09:15:00,27,0.0181930184093094,0.0181930184093094,0.0,1.2000000000000002,"MARUTI,ULTRACEMCO,CIPLA,ONGC,NESTLEIND",
E1002,76,2023-08-02 09:15:00,2023-08-09 09:15:00,27,-0.004839630530791689,-0.004839630530791689,0.0,1.2000000000000002,"ONGC,HDFCBANK,WIPRO,NESTLEIND,KOTAKBANK",
E1002,81,2023-08-09 09:15:00,2023-08-17 09:15:00,27,-0.007828593572860894,-0.007828593572860894,0.0,1.6,"SUNPHARMA,ADANIPORTS,TCS,DRREDDY,HDFCBANK",
E1002,86,2023-08-17 09:15:00,2023-08-24 09:15:00,27,-0.004639522625445208,-0.004639522625445208,0.0,1.2000000000000002,"HDFCBANK,M&M,TCS,BRITANNIA,HINDUNILVR",
E1002,91,2023-08-24 09:15:00,2023-08-31 09:15:00,27,-0.0054865429186713305,-0.0054865429186713305,0.0,2.0,"ULTRACEMCO,INFY,TECHM,CIPLA,SUNPHARMA",
E1002,96,2023-08-31 09:15:00,2023-09-07 09:15:00,27,0.01683412033001668,0.01683412033001668,0.0,1.6,"TECHM,LT,ADANIPORTS,SBIN,BHARTIARTL",
E1002,101,2023-09-07 09:15:00,2023-09-14 09:15:00,27,0.021615068392977183,0.021615068392977183,0.0,1.6,"DRREDDY,WIPRO,ONGC,INFY,TECHM",
E1002,106,2023-09-14 09:15:00,2023-09-22 09:15:00,27,-0.012439941489871494,-0.012439941489871494,0.0,2.0,"SBIN,BHARTIARTL,AXISBANK,ADANIPORTS,RELIANCE",
E1002,111,2023-09-22 09:15:00,2023-09-29 09:15:00,27,-0.008792003353055503,-0.008792003353055503,0.0,2.0,"MARUTI,ITC,INFY,SUNPHARMA,NESTLEIND",
E1002,116,2023-09-29 09:15:00,2023-10-09 09:15:00,27,-0.000706235373195773,-0.000706235373195773,0.0,1.2000000000000002,"ICICIBANK,INFY,SBIN,KOTAKBANK,ITC",
E1002,121,2023-10-09 09:15:00,2023-10-16 09:15:00,27,-0.006154221839476776,-0.006154221839476776,0.0,1.2000000000000002,"TCS,AXISBANK,INFY,ULTRACEMCO,SBIN",
E1002,126,2023-10-16 09:15:00,2023-10-23 09:15:00,27,-0.010460141716429212,-0.010460141716429212,0.0,1.6,"HDFCBANK,ICICIBANK,TECHM,BRITANNIA,SBIN",
E1002,131,2023-10-23 09:15:00,2023-10-31 09:15:00,27,-0.0023227739612716536,-0.0023227739612716536,0.0,1.6,"SBIN,AXISBANK,NESTLEIND,BPCL,BHARTIARTL",
E1002,136,2023-10-31 09:15:00,2023-11-07 09:15:00,27,0.021266221121605478,0.021266221121605478,0.0,1.6,"SUNPHARMA,HINDUNILVR,BPCL,WIPRO,INFY",
E1002,141,2023-11-07 09:15:00,2023-11-13 09:15:00,27,0.00198540033979737,0.00198540033979737,0.0,1.6,"INFY,ONGC,ICICIBANK,BRITANNIA,AXISBANK",
E1002,146,2023-11-13 09:15:00,2023-11-21 09:15:00,27,0.004626293109508423,0.004626293109508423,0.0,1.2000000000000002,"BRITANNIA,SBIN,HINDUNILVR,MARUTI,ONGC",
E1002,151,2023-11-21 09:15:00,2023-11-29 09:15:00,27,0.01700494322565443,0.01700494322565443,0.0,1.2000000000000002,"BPCL,BRITANNIA,ICICIBANK,ONGC,HCLTECH",
E1002,156,2023-11-29 09:15:00,2023-12-06 09:15:00,27,0.02690053750921254,0.02690053750921254,0.0,1.6,"ITC,NESTLEIND,HCLTECH,TECHM,M&M",
E1002,161,2023-12-06 09:15:00,2023-12-13 09:15:00,27,-0.011690331115431194,-0.011690331115431194,0.0,2.0,"ONGC,TCS,AXISBANK,BRITANNIA,KOTAKBANK",
E1002,166,2023-12-13 09:15:00,2023-12-20 09:15:00,27,0.022087960394735325,0.022087960394735325,0.0,2.0,"BHARTIARTL,ULTRACEMCO,RELIANCE,NESTLEIND,ADANIPORTS",
E1002,171,2023-12-20 09:15:00,2023-12-28 09:15:00,27,0.00227881022353139,0.00227881022353139,0.0,2.0,"INFY,CIPLA,HINDUNILVR,HCLTECH,SUNPHARMA",
E1002,176,2023-12-28 09:15:00,2024-01-04 09:15:00,27,0.005844437567074869,0.005844437567074869,0.0,1.6,"BHARTIARTL,DRREDDY,NESTLEIND,WIPRO,HINDUNILVR",
E1002,181,2024-01-04 09:15:00,2024-01-11 09:15:00,27,0.015072875394834609,0.015072875394834609,0.0,2.0,"ONGC,AXISBANK,BAJAJ-AUTO,TCS,CIPLA",
E1002,186,2024-01-11 09:15:00,2024-01-18 09:15:00,27,0.003563391365358731,0.003563391365358731,0.0,1.6,"CIPLA,RELIANCE,DRREDDY,INFY,NESTLEIND",
E1002,191,2024-01-18 09:15:00,2024-01-25 09:15:00,27,-0.018103967224075528,-0.018103967224075528,0.0,2.0,"ADANIPORTS,AXISBANK,HINDUNILVR,BAJAJ-AUTO,ICICIBANK",
E1002,196,2024-01-25 09:15:00,2024-02-02 09:15:00,27,0.03244651958562476,0.03244651958562476,0.0,1.6,"BPCL,ONGC,ICICIBANK,BRITANNIA,BHARTIARTL",
E1002,201,2024-02-02 09:15:00,2024-02-09 09:15:00,27,0.03104978154414044,0.03104978154414044,0.0,1.6,"RELIANCE,ADANIPORTS,LT,BPCL,BAJAJ-AUTO",
E1002,206,2024-02-09 09:15:00,2024-02-16 09:15:00,27,0.009352505683659893,0.009352505683659893,0.0,2.0,"ITC,BHARTIARTL,SUNPHARMA,M&M,NESTLEIND",
E1002,211,2024-02-16 09:15:00,2024-02-23 09:15:00,27,0.00036424114770305504,0.00036424114770305504,0.0,2.0,"MARUTI,BPCL,ADANIPORTS,ULTRACEMCO,BAJAJ-AUTO",
E1002,216,2024-02-23 09:15:00,2024-03-01 09:15:00,27,-0.011273117663474407,-0.011273117663474407,0.0,1.6,"BAJAJ-AUTO,M&M,BHARTIARTL,ITC,WIPRO",
E1002,221,2024-03-01 09:15:00,2024-03-07 09:15:00,27,0.02785309122183912,0.02785309122183912,0.0,1.6,"LT,HINDUNILVR,ONGC,BPCL,BAJAJ-AUTO",
E1002,226,2024-03-07 09:15:00,2024-03-15 09:15:00,27,-0.01574510636838084,-0.01574510636838084,0.0,1.2000000000000002,"BHARTIARTL,HINDUNILVR,CIPLA,ONGC,BRITANNIA",
E1002,231,2024-03-15 09:15:00,2024-03-22 09:15:00,27,-0.01729768933950998,-0.01729768933950998,0.0,1.6,"ICICIBANK,AXISBANK,DRREDDY,HDFCBANK,BRITANNIA",
E1002,236,2024-03-22 09:15:00,2024-04-02 09:15:00,27,0.021627440596415817,0.021627440596415817,0.0,1.6,"HCLTECH,ONGC,INFY,HDFCBANK,RELIANCE",
E1002,241,2024-04-02 09:15:00,2024-04-09 09:15:00,27,-0.009561777192956249,-0.009561777192956249,0.0,1.6,"RELIANCE,ICICIBANK,LT,ADANIPORTS,KOTAKBANK",
E1002,246,2024-04-09 09:15:00,2024-04-18 09:15:00,27,0.007690742987828543,0.007690742987828543,0.0,1.6,"BPCL,BRITANNIA,ONGC,ADANIPORTS,ITC",
E1002,251,2024-04-18 09:15:00,2024-04-25 09:15:00,27,-0.007603913408342237,-0.007603913408342237,0.0,1.2000000000000002,"BAJAJ-AUTO,ONGC,MARUTI,NESTLEIND,ITC",
E1002,256,2024-04-25 09:15:00,2024-05-03 09:15:00,27,0.03380188401267775,0.03380188401267775,0.0,1.2000000000000002,"HINDUNILVR,BAJAJ-AUTO,AXISBANK,MARUTI,BPCL",
E1002,261,2024-05-03 09:15:00,2024-05-10 09:15:00,27,-0.0316020942137353,-0.0316020942137353,0.0,1.2000000000000002,"NESTLEIND,ULTRACEMCO,RELIANCE,AXISBANK,BPCL",
E1002,266,2024-05-10 09:15:00,2024-05-17 09:15:00,27,0.006563127058048539,0.006563127058048539,0.0,1.6,"ITC,SBIN,CIPLA,RELIANCE,SUNPHARMA",
E1002,271,2024-05-17 09:15:00,2024-05-24 09:15:00,27,0.015259745112673055,0.015259745112673055,0.0,1.2000000000000002,"TCS,WIPRO,ITC,SBIN,INFY",
E1002,276,2024-05-24 09:15:00,2024-05-31 09:15:00,27,-0.017401086577454258,-0.017401086577454258,0.0,1.6,"SUNPHARMA,BHARTIARTL,RELIANCE,ITC,KOTAKBANK",
E1002,281,2024-05-31 09:15:00,2024-06-07 09:15:00,27,0.008596190600096473,0.008596190600096473,0.0,2.0,"ONGC,INFY,TECHM,SBIN,ADANIPORTS",
E1002,286,2024-06-07 09:15:00,2024-06-14 09:15:00,27,0.020075706918764633,0.020075706918764633,0.0,1.2000000000000002,"TECHM,INFY,BPCL,HINDUNILVR,LT",
E1002,291,2024-06-14 09:15:00,2024-06-24 09:15:00,27,-0.002130046143008062,-0.002130046143008062,0.0,1.2000000000000002,"TECHM,HCLTECH,ADANIPORTS,MARUTI,HINDUNILVR",
E1002,296,2024-06-24 09:15:00,2024-07-01 09:15:00,27,0.01571062583422167,0.01571062583422167,0.0,0.8,"TCS,TECHM,MARUTI,ICICIBANK,HINDUNILVR",
E1002,301,2024-07-01 09:15:00,2024-07-08 09:15:00,27,0.02881427378570362,0.02881427378570362,0.0,1.6,"INFY,HCLTECH,M&M,CIPLA,TECHM",
E1002,306,2024-07-08 09:15:00,2024-07-15 09:15:00,27,0.01101672936070198,0.01101672936070198,0.0,1.6,"TECHM,DRREDDY,ADANIPORTS,SUNPHARMA,BHARTIARTL",
E1002,311,2024-07-15 09:15:00,2024-07-23 09:15:00,27,-0.006886396630844678,-0.006886396630844678,0.0,1.2000000000000002,"AXISBANK,HCLTECH,BRITANNIA,ADANIPORTS,BHARTIARTL",
E1002,316,2024-07-23 09:15:00,2024-07-30 09:15:00,27,0.021519075010245876,0.021519075010245876,0.0,1.2000000000000002,"CIPLA,LT,HINDUNILVR,BRITANNIA,HCLTECH",
E1002,321,2024-07-30 09:15:00,2024-08-06 09:15:00,27,-0.011243288235185828,-0.011243288235185828,0.0,1.6,"HDFCBANK,TCS,CIPLA,ULTRACEMCO,SUNPHARMA",
E1002,326,2024-08-06 09:15:00,2024-08-13 09:15:00,27,0.0007761171127706455,0.0007761171127706455,0.0,1.6,"TECHM,HCLTECH,AXISBANK,TCS,WIPRO",
E1002,331,2024-08-13 09:15:00,2024-08-21 09:15:00,27,0.0318414918195767,0.0318414918195767,0.0,1.6,"BPCL,KOTAKBANK,HCLTECH,SUNPHARMA,RELIANCE",
E1002,336,2024-08-21 09:15:00,2024-08-28 09:15:00,27,0.006692940401414105,0.006692940401414105,0.0,1.2000000000000002,"ULTRACEMCO,RELIANCE,SBIN,SUNPHARMA,M&M",
E1002,341,2024-08-28 09:15:00,2024-09-04 09:15:00,27,0.0069166554224499265,0.0069166554224499265,0.0,1.2000000000000002,"RELIANCE,BAJAJ-AUTO,SBIN,DRREDDY,ICICIBANK",
E1002,346,2024-09-04 09:15:00,2024-09-11 09:15:00,27,-0.010558845695886613,-0.010558845695886613,0.0,1.6,"SBIN,AXISBANK,ULTRACEMCO,KOTAKBANK,M&M",
E1002,351,2024-09-11 09:15:00,2024-09-18 09:15:00,27,0.022674253092045873,0.022674253092045873,0.0,1.2000000000000002,"HDFCBANK,KOTAKBANK,ONGC,AXISBANK,RELIANCE",
E1002,356,2024-09-18 09:15:00,2024-09-25 09:15:00,27,0.007774309723993563,0.007774309723993563,0.0,1.6,"DRREDDY,WIPRO,INFY,HDFCBANK,SUNPHARMA",
E1002,361,2024-09-25 09:15:00,2024-10-03 09:15:00,27,-0.006771513668223169,-0.006771513668223169,0.0,1.6,"KOTAKBANK,BAJAJ-AUTO,HCLTECH,TCS,DRREDDY",
E1002,366,2024-10-03 09:15:00,2024-10-10 09:15:00,27,-0.02548872505656049,-0.02548872505656049,0.0,2.0,"ULTRACEMCO,M&M,LT,BRITANNIA,RELIANCE",
E1002,371,2024-10-10 09:15:00,2024-10-17 09:15:00,27,-0.028266682187303657,-0.028266682187303657,0.0,1.6,"BAJAJ-AUTO,M&M,TECHM,DRREDDY,INFY",
E1002,376,2024-10-17 09:15:00,2024-10-24 09:15:00,27,-0.01956744668223158,-0.01956744668223158,0.0,2.0,"AXISBANK,ICICIBANK,SUNPHARMA,ONGC,RELIANCE",
E1002,381,2024-10-24 09:15:00,2024-10-31 09:15:00,27,-0.010356324771803486,-0.010356324771803486,0.0,1.6,"TCS,SUNPHARMA,ADANIPORTS,KOTAKBANK,BAJAJ-AUTO",
E1002,386,2024-10-31 09:15:00,2024-11-07 09:15:00,27,0.009734931616038634,0.009734931616038634,0.0,1.6,"TECHM,HCLTECH,ICICIBANK,HDFCBANK,KOTAKBANK",
E1002,391,2024-11-07 09:15:00,2024-11-14 09:15:00,27,-0.021829470257898526,-0.021829470257898526,0.0,1.2000000000000002,"HCLTECH,SBIN,CIPLA,HINDUNILVR,TECHM",
E1002,396,2024-11-14 09:15:00,2024-11-25 09:15:00,27,0.026157251564003614,0.026157251564003614,0.0,0.8,"SBIN,KOTAKBANK,HDFCBANK,HCLTECH,CIPLA",
E1002,401,2024-11-25 09:15:00,2024-12-02 09:15:00,27,-0.012960925321085516,-0.012960925321085516,0.0,1.6,"ICICIBANK,INFY,KOTAKBANK,WIPRO,AXISBANK",
E1002,406,2024-12-02 09:15:00,2024-12-09 09:15:00,27,0.019823827302090383,0.019823827302090383,0.0,1.6,"HINDUNILVR,LT,BAJAJ-AUTO,SBIN,AXISBANK",
E1002,411,2024-12-09 09:15:00,2024-12-16 09:15:00,27,0.004588640393657739,0.004588640393657739,0.0,1.2000000000000002,"NESTLEIND,AXISBANK,BHARTIARTL,ULTRACEMCO,SBIN",
E1002,416,2024-12-16 09:15:00,2024-12-23 09:15:00,27,-0.02397136498452811,-0.02397136498452811,0.0,1.2000000000000002,"ADANIPORTS,AXISBANK,DRREDDY,ULTRACEMCO,KOTAKBANK",
E1002,421,2024-12-23 09:15:00,2024-12-31 09:15:00,27,-0.0009412497698002278,-0.0009412497698002278,0.0,2.0,"M&M,HCLTECH,RELIANCE,TECHM,BHARTIARTL",
E1002,426,2024-12-31 09:15:00,2025-01-07 09:15:00,27,0.0019749765620901295,0.0019749765620901295,0.0,1.6,"KOTAKBANK,INFY,WIPRO,ADANIPORTS,BHARTIARTL",
E1002,431,2025-01-07 09:15:00,2025-01-14 09:15:00,27,-0.01775298264561584,-0.01775298264561584,0.0,2.0,"TCS,HCLTECH,ONGC,LT,BRITANNIA",
E1002,436,2025-01-14 09:15:00,2025-01-21 09:15:00,27,0.035440449318711355,0.035440449318711355,0.0,1.6,"ADANIPORTS,BHARTIARTL,LT,WIPRO,SBIN",
E1002,441,2025-01-21 09:15:00,2025-01-28 09:15:00,27,-0.037851199591287785,-0.037851199591287785,0.0,1.6,"ICICIBANK,BPCL,AXISBANK,LT,SUNPHARMA",
E1002,446,2025-01-28 09:15:00,2025-02-03 09:15:00,27,0.028592373935713827,0.028592373935713827,0.0,1.2000000000000002,"BAJAJ-AUTO,HDFCBANK,ONGC,AXISBANK,SUNPHARMA",
E1002,451,2025-02-03 09:15:00,2025-02-10 09:15:00,27,-0.014970022645637278,-0.014970022645637278,0.0,1.2000000000000002,"ITC,ONGC,BRITANNIA,M&M,AXISBANK",
E1002,456,2025-02-10 09:15:00,2025-02-17 09:15:00,27,-0.02116714204838796,-0.02116714204838796,0.0,2.0,"BPCL,HINDUNILVR,LT,NESTLEIND,BHARTIARTL",
E1002,461,2025-02-17 09:15:00,2025-02-24 09:15:00,27,-0.011796847675257386,-0.011796847675257386,0.0,2.0,"TCS,CIPLA,SBIN,ADANIPORTS,INFY",
E1002,466,2025-02-24 09:15:00,2025-03-04 09:15:00,27,-0.05329208907261752,-0.05329208907261752,0.0,2.0,"BPCL,HCLTECH,M&M,LT,WIPRO",
E1002,471,2025-03-04 09:15:00,2025-03-11 09:15:00,27,0.02086020511216006,0.02086020511216006,0.0,2.0,"BAJAJ-AUTO,TECHM,DRREDDY,RELIANCE,NESTLEIND",
E1002,476,2025-03-11 09:15:00,2025-03-19 09:15:00,27,0.0027188053841927483,0.0027188053841927483,0.0,1.6,"BRITANNIA,INFY,BPCL,BAJAJ-AUTO,SBIN",
E1002,481,2025-03-19 09:15:00,2025-03-26 09:15:00,27,0.0354241728235221,0.0354241728235221,0.0,1.2000000000000002,"BRITANNIA,HDFCBANK,HCLTECH,MARUTI,BAJAJ-AUTO",
E1002,486,2025-03-26 09:15:00,2025-04-03 09:15:00,27,-0.020603160831750712,-0.020603160831750712,0.0,2.0,"DRREDDY,TCS,RELIANCE,AXISBANK,ULTRACEMCO",
E1002,491,2025-04-03 09:15:00,2025-04-11 09:15:00,27,-0.0333939556108793,-0.0333939556108793,0.0,1.6,"HCLTECH,INFY,HINDUNILVR,DRREDDY,SBIN",
E1002,496,2025-04-11 09:15:00,2025-04-22 09:15:00,27,0.023089947086076423,0.023089947086076423,0.0,1.6,"BRITANNIA,RELIANCE,HINDUNILVR,MARUTI,NESTLEIND",
E1002,501,2025-04-22 09:15:00,2025-04-29 09:15:00,27,0.025126318094505287,0.025126318094505287,0.0,2.0,"BAJAJ-AUTO,M&M,WIPRO,HCLTECH,BHARTIARTL",
E1002,506,2025-04-29 09:15:00,2025-05-07 09:15:00,27,-0.020361117928854547,-0.020361117928854547,0.0,1.6,"KOTAKBANK,HCLTECH,INFY,TCS,ULTRACEMCO",
E1002,511,2025-05-07 09:15:00,2025-05-14 09:15:00,27,0.00950411139501162,0.00950411139501162,0.0,2.0,"DRREDDY,MARUTI,ADANIPORTS,M&M,BPCL",
E1002,516,2025-05-14 09:15:00,2025-05-21 09:15:00,27,-0.015347636672870008,-0.015347636672870008,0.0,2.0,"CIPLA,NESTLEIND,BRITANNIA,BHARTIARTL,INFY",
E1002,521,2025-05-21 09:15:00,2025-05-28 09:15:00,27,0.008255212724504772,0.008255212724504772,0.0,1.6,"BPCL,ADANIPORTS,NESTLEIND,MARUTI,LT",
E1002,526,2025-05-28 09:15:00,2025-06-04 09:15:00,27,0.002266449771448248,0.002266449771448248,0.0,2.0,"HDFCBANK,DRREDDY,CIPLA,AXISBANK,BRITANNIA",
E1002,531,2025-06-04 09:15:00,2025-06-11 09:15:00,27,0.02807790672739449,0.02807790672739449,0.0,1.6,"NESTLEIND,ADANIPORTS,ITC,MARUTI,AXISBANK",
E1002,536,2025-06-11 09:15:00,2025-06-18 09:15:00,27,-0.0032003834801928354,-0.0032003834801928354,0.0,1.6,"MARUTI,SUNPHARMA,HCLTECH,HINDUNILVR,HDFCBANK",
E1002,541,2025-06-18 09:15:00,2025-06-25 09:15:00,27,-0.00741178114874163,-0.00741178114874163,0.0,2.0,"ADANIPORTS,DRREDDY,NESTLEIND,INFY,TCS",
E1002,546,2025-06-25 09:15:00,2025-07-02 09:15:00,27,-0.0009109994451302814,-0.0009109994451302814,0.0,2.0,"AXISBANK,KOTAKBANK,BHARTIARTL,HDFCBANK,ONGC",
E1002,551,2025-07-02 09:15:00,2025-07-09 09:15:00,27,-0.0070392677782421574,-0.0070392677782421574,0.0,2.0,"DRREDDY,SBIN,M&M,ADANIPORTS,ICICIBANK",
E1002,556,2025-07-09 09:15:00,2025-07-16 09:15:00,27,-0.028120504723409268,-0.028120504723409268,0.0,1.2000000000000002,"M&M,HCLTECH,ADANIPORTS,CIPLA,WIPRO",
E1002,561,2025-07-16 09:15:00,2025-07-23 09:15:00,27,-0.010539538812919821,-0.010539538812919821,0.0,1.6,"HINDUNILVR,BAJAJ-AUTO,CIPLA,INFY,SUNPHARMA",
E1002,566,2025-07-23 09:15:00,2025-07-30 09:15:00,27,-0.02096427072487443,-0.02096427072487443,0.0,1.6,"M&M,SUNPHARMA,BRITANNIA,ICICIBANK,NESTLEIND",
E1002,571,2025-07-30 09:15:00,2025-08-06 09:15:00,27,-0.009126976279493285,-0.009126976279493285,0.0,1.6,"LT,MARUTI,ADANIPORTS,ITC,SUNPHARMA",
E1002,576,2025-08-06 09:15:00,2025-08-13 09:15:00,27,0.004323394165541683,0.004323394165541683,0.0,0.8,"BPCL,MARUTI,ADANIPORTS,SBIN,LT",
E1002,581,2025-08-13 09:15:00,2025-08-21 09:15:00,27,0.023629586516301006,0.023629586516301006,0.0,1.6,"DRREDDY,TECHM,WIPRO,RELIANCE,ADANIPORTS",
E1002,586,2025-08-21 09:15:00,2025-08-29 09:15:00,27,-0.010255689300887189,-0.010255689300887189,0.0,1.6,"RELIANCE,LT,BHARTIARTL,ULTRACEMCO,BRITANNIA",
E1002,591,2025-08-29 09:15:00,2025-09-05 09:15:00,27,-0.004075054171431014,-0.004075054171431014,0.0,1.2000000000000002,"DRREDDY,SUNPHARMA,ULTRACEMCO,RELIANCE,MARUTI",
E1002,596,2025-09-05 09:15:00,2025-09-12 09:15:00,27,0.0019040396254633328,0.0019040396254633328,0.0,1.2000000000000002,"SUNPHARMA,BPCL,ULTRACEMCO,CIPLA,SBIN",
E1002,601,2025-09-12 09:15:00,2025-09-19 09:15:00,27,0.016288702907229637,0.016288702907229637,0.0,2.0,"WIPRO,LT,RELIANCE,ITC,AXISBANK",
E1002,606,2025-09-19 09:15:00,2025-09-26 09:15:00,27,-0.042890276896718385,-0.042890276896718385,0.0,1.6,"HDFCBANK,HCLTECH,RELIANCE,CIPLA,INFY",
E1002,611,2025-09-26 09:15:00,2025-10-06 09:15:00,27,-0.011345761483606664,-0.011345761483606664,0.0,2.0,"MARUTI,LT,M&M,WIPRO,HINDUNILVR",
E1002,616,2025-10-06 09:15:00,2025-10-13 09:15:00,27,0.009673159036568384,0.009673159036568384,0.0,2.0,"ONGC,TCS,TECHM,RELIANCE,BRITANNIA",
E1002,621,2025-10-13 09:15:00,2025-10-20 09:15:00,27,0.005316434681372134,0.005316434681372134,0.0,2.0,"BPCL,INFY,BAJAJ-AUTO,MARUTI,BHARTIARTL",
E1002,626,2025-10-20 09:15:00,2025-10-28 09:15:00,27,0.009224955251542991,0.009224955251542991,0.0,2.0,"ULTRACEMCO,ONGC,SUNPHARMA,DRREDDY,SBIN",
E1002,631,2025-10-28 09:15:00,2025-11-04 09:15:00,27,-0.00015157806071766254,-0.00015157806071766254,0.0,1.2000000000000002,"ADANIPORTS,SBIN,KOTAKBANK,INFY,ONGC",
E1002,636,2025-11-04 09:15:00,2025-11-12 09:15:00,27,0.011634065075340034,0.011634065075340034,0.0,2.0,"BAJAJ-AUTO,NESTLEIND,BPCL,MARUTI,WIPRO",
E1002,641,2025-11-12 09:15:00,2025-11-19 09:15:00,27,0.0035281032229654667,0.0035281032229654667,0.0,2.0,"AXISBANK,SBIN,ADANIPORTS,CIPLA,BRITANNIA",
E1002,646,2025-11-19 09:15:00,2025-11-26 09:15:00,27,0.0032275119767727397,0.0032275119767727397,0.0,1.6,"NESTLEIND,HINDUNILVR,AXISBANK,INFY,HDFCBANK",
E1002,651,2025-11-26 09:15:00,2025-12-03 09:15:00,27,-0.012313065128583756,-0.012313065128583756,0.0,1.6,"BRITANNIA,ULTRACEMCO,ADANIPORTS,NESTLEIND,SBIN",
E1002,656,2025-12-03 09:15:00,2025-12-10 09:15:00,27,-0.0018991866010163137,-0.0018991866010163137,0.0,2.0,"LT,M&M,KOTAKBANK,ONGC,INFY",
E1002,661,2025-12-10 09:15:00,2025-12-17 09:15:00,27,0.007971306087953215,0.007971306087953215,0.0,1.2000000000000002,"KOTAKBANK,HDFCBANK,DRREDDY,LT,WIPRO",
E1002,666,2025-12-17 09:15:00,2025-12-24 09:15:00,27,0.0029098911069242684,0.0029098911069242684,0.0,2.0,"SBIN,TCS,AXISBANK,CIPLA,BRITANNIA",
E1002,671,2025-12-24 09:15:00,2026-01-01 09:15:00,27,0.0012555714415309158,0.0012555714415309158,0.0,1.6,"SUNPHARMA,NESTLEIND,TECHM,RELIANCE,SBIN",
E1002,676,2026-01-01 09:15:00,2026-01-08 09:15:00,27,0.005913083882795621,0.005913083882795621,0.0,1.6,"TCS,SUNPHARMA,BPCL,HCLTECH,BAJAJ-AUTO",
E1002,681,2026-01-08 09:15:00,2026-01-16 09:15:00,27,-0.01894221304843862,-0.01894221304843862,0.0,2.0,"ITC,NESTLEIND,MARUTI,ULTRACEMCO,CIPLA",
E1002,686,2026-01-16 09:15:00,2026-01-23 09:15:00,27,-0.022513369307492162,-0.022513369307492162,0.0,2.0,"TECHM,WIPRO,M&M,BPCL,ONGC",
E1002,691,2026-01-23 09:15:00,2026-02-01 09:15:00,27,0.0014858663061106756,0.0014858663061106756,0.0,2.0,"DRREDDY,HDFCBANK,BRITANNIA,TCS,LT",
E1002,696,2026-02-01 09:15:00,2026-02-06 09:15:00,27,-0.006856057145230924,-0.006856057145230924,0.0,1.6,"AXISBANK,NESTLEIND,TECHM,BPCL,DRREDDY",
E1002,701,2026-02-06 09:15:00,2026-02-13 09:15:00,27,0.00551562053292565,0.00551562053292565,0.0,0.8,"AXISBANK,DRREDDY,CIPLA,BPCL,ICICIBANK",
E1002,706,2026-02-13 09:15:00,2026-02-20 09:15:00,27,-0.0026596777689847986,-0.0026596777689847986,0.0,1.6,"ADANIPORTS,TECHM,BPCL,HCLTECH,ONGC",
E1002,711,2026-02-20 09:15:00,2026-02-27 09:15:00,27,0.009262054045926473,0.009262054045926473,0.0,0.8,"BPCL,M&M,ONGC,ADANIPORTS,BHARTIARTL",
E1002,716,2026-02-27 09:15:00,2026-03-09 09:15:00,27,-0.052197833017591545,-0.052197833017591545,0.0,1.2000000000000002,"HDFCBANK,NESTLEIND,BHARTIARTL,ADANIPORTS,INFY",
E1002,721,2026-03-09 09:15:00,2026-03-13 09:15:00,27,-0.035782271896483364,-0.035782271896483364,0.0,1.6,"ADANIPORTS,SBIN,KOTAKBANK,M&M,LT",
E1003,1,2023-04-17 10:15:00,2023-04-24 09:15:00,27,-0.006550659356743758,-0.006550659356743758,0.0,1.0,"TECHM,LT,BRITANNIA,INFY,WIPRO",
E1003,6,2023-04-24 09:15:00,2023-05-02 09:15:00,27,0.01896778518122539,0.01896778518122539,0.0,1.6,"SUNPHARMA,MARUTI,WIPRO,ICICIBANK,AXISBANK",
E1003,11,2023-05-02 09:15:00,2023-05-09 09:15:00,27,0.012525672127362459,0.012525672127362459,0.0,2.0,"KOTAKBANK,M&M,HCLTECH,ADANIPORTS,CIPLA",
E1003,16,2023-05-09 09:15:00,2023-05-16 09:15:00,27,-0.0013751456350814262,-0.0013751456350814262,0.0,2.0,"LT,SUNPHARMA,WIPRO,BPCL,HINDUNILVR",
E1003,21,2023-05-16 09:15:00,2023-05-23 09:15:00,27,-0.0028795207023999364,-0.0028795207023999364,0.0,1.6,"BPCL,TCS,BAJAJ-AUTO,HDFCBANK,NESTLEIND",
E1003,26,2023-05-23 09:15:00,2023-05-30 09:15:00,27,0.01938939524052862,0.01938939524052862,0.0,1.2000000000000002,"BAJAJ-AUTO,AXISBANK,BHARTIARTL,ULTRACEMCO,NESTLEIND",
E1003,31,2023-05-30 09:15:00,2023-06-06 09:15:00,27,-0.0021500183606143306,-0.0021500183606143306,0.0,1.6,"BAJAJ-AUTO,RELIANCE,BPCL,LT,HCLTECH",
E1003,36,2023-06-06 09:15:00,2023-06-13 09:15:00,27,0.006340502522150362,0.006340502522150362,0.0,1.6,"ULTRACEMCO,TCS,INFY,WIPRO,HCLTECH",
E1003,41,2023-06-13 09:15:00,2023-06-20 09:15:00,27,-0.0027402743830680686,-0.0027402743830680686,0.0,2.0,"ITC,NESTLEIND,BPCL,HDFCBANK,ICICIBANK",
E1003,46,2023-06-20 09:15:00,2023-06-27 09:15:00,27,0.018526493729140687,0.018526493729140687,0.0,1.6,"HDFCBANK,BAJAJ-AUTO,ONGC,BHARTIARTL,LT",
E1003,51,2023-06-27 09:15:00,2023-07-05 09:15:00,27,0.032828144812595196,0.032828144812595196,0.0,1.6,"KOTAKBANK,M&M,SUNPHARMA,BAJAJ-AUTO,SBIN",
E1003,56,2023-07-05 09:15:00,2023-07-12 09:15:00,27,-0.004404559017272966,-0.004404559017272966,0.0,2.0,"ICICIBANK,HINDUNILVR,ONGC,HDFCBANK,MARUTI",
E1003,61,2023-07-12 09:15:00,2023-07-19 09:15:00,27,0.03434254451203432,0.03434254451203432,0.0,1.2000000000000002,"ULTRACEMCO,ONGC,HINDUNILVR,TCS,INFY",
E1003,66,2023-07-19 09:15:00,2023-07-26 09:15:00,27,0.0062763813057420854,0.0062763813057420854,0.0,1.6,"BHARTIARTL,ONGC,AXISBANK,ITC,NESTLEIND",
E1003,71,2023-07-26 09:15:00,2023-08-02 09:15:00,27,-0.0116045468445117,-0.0116045468445117,0.0,2.0,"HINDUNILVR,BRITANNIA,TECHM,BAJAJ-AUTO,ULTRACEMCO",
E1003,76,2023-08-02 09:15:00,2023-08-09 09:15:00,27,-0.02274859864498172,-0.02274859864498172,0.0,1.2000000000000002,"HDFCBANK,BRITANNIA,NESTLEIND,SUNPHARMA,BAJAJ-AUTO",
E1003,81,2023-08-09 09:15:00,2023-08-17 09:15:00,27,-0.012968615688432553,-0.012968615688432553,0.0,1.2000000000000002,"SUNPHARMA,ICICIBANK,HDFCBANK,ITC,TCS",
E1003,86,2023-08-17 09:15:00,2023-08-24 09:15:00,27,-0.0011423262971905815,-0.0011423262971905815,0.0,0.8,"TCS,BRITANNIA,ICICIBANK,HDFCBANK,TECHM",
E1003,91,2023-08-24 09:15:00,2023-08-31 09:15:00,27,-0.012895294147637926,-0.012895294147637926,0.0,1.2000000000000002,"LT,TECHM,INFY,RELIANCE,BRITANNIA",
E1003,96,2023-08-31 09:15:00,2023-09-07 09:15:00,27,0.012456975648013525,0.012456975648013525,0.0,1.2000000000000002,"LT,TECHM,ADANIPORTS,DRREDDY,ULTRACEMCO",
E1003,101,2023-09-07 09:15:00,2023-09-14 09:15:00,27,0.027636970496009074,0.027636970496009074,0.0,1.6,"WIPRO,TECHM,INFY,AXISBANK,ONGC",
E1003,106,2023-09-14 09:15:00,2023-09-22 09:15:00,27,-0.015950961455386263,-0.015950961455386263,0.0,1.6,"LT,INFY,MARUTI,RELIANCE,HCLTECH",
E1003,111,2023-09-22 09:15:00,2023-09-29 09:15:00,27,-0.006960258843394122,-0.006960258843394122,0.0,2.0,"BRITANNIA,ITC,CIPLA,BHARTIARTL,NESTLEIND",
E1003,116,2023-09-29 09:15:00,2023-10-09 09:15:00,27,-0.004160557284623661,-0.004160557284623661,0.0,1.6,"ICICIBANK,NESTLEIND,ULTRACEMCO,KOTAKBANK,SBIN",
E1003,121,2023-10-09 09:15:00,2023-10-16 09:15:00,27,-0.002390861430608021,-0.002390861430608021,0.0,1.6,"DRREDDY,AXISBANK,INFY,ULTRACEMCO,TCS",
E1003,126,2023-10-16 09:15:00,2023-10-23 09:15:00,27,0.008396326360576616,0.008396326360576616,0.0,2.0,"ADANIPORTS,BRITANNIA,HDFCBANK,BAJAJ-AUTO,BHARTIARTL",
E1003,131,2023-10-23 09:15:00,2023-10-31 09:15:00,27,-0.014941574631626034,-0.014941574631626034,0.0,1.6,"BPCL,ITC,BHARTIARTL,ICICIBANK,LT",
E1003,136,2023-10-31 09:15:00,2023-11-07 09:15:00,27,0.007139867755110806,0.007139867755110806,0.0,1.6,"AXISBANK,HCLTECH,M&M,ITC,ULTRACEMCO",
E1003,141,2023-11-07 09:15:00,2023-11-13 09:15:00,27,0.0032706449872045794,0.0032706449872045794,0.0,1.6,"ITC,BAJAJ-AUTO,MARUTI,ADANIPORTS,HINDUNILVR",
E1003,146,2023-11-13 09:15:00,2023-11-21 09:15:00,27,0.02299810789197731,0.02299810789197731,0.0,2.0,"BRITANNIA,BHARTIARTL,TCS,CIPLA,RELIANCE",
E1003,151,2023-11-21 09:15:00,2023-11-29 09:15:00,27,0.019140552758754505,0.019140552758754505,0.0,1.6,"CIPLA,BAJAJ-AUTO,BPCL,SUNPHARMA,DRREDDY",
E1003,156,2023-11-29 09:15:00,2023-12-06 09:15:00,27,0.06327615279735821,0.06327615279735821,0.0,1.6,"BPCL,WIPRO,M&M,TECHM,LT",
E1003,161,2023-12-06 09:15:00,2023-12-13 09:15:00,27,-0.0023658235282630205,-0.0023658235282630205,0.0,1.6,"ITC,M&M,HINDUNILVR,ICICIBANK,TCS",
E1003,166,2023-12-13 09:15:00,2023-12-20 09:15:00,27,0.017028072569087362,0.017028072569087362,0.0,2.0,"BHARTIARTL,ULTRACEMCO,RELIANCE,LT,MARUTI",
E1003,171,2023-12-20 09:15:00,2023-12-28 09:15:00,27,0.0034436942141534816,0.0034436942141534816,0.0,1.6,"BAJAJ-AUTO,TECHM,CIPLA,INFY,RELIANCE",
E1003,176,2023-12-28 09:15:00,2024-01-04 09:15:00,27,-0.009243028126546676,-0.009243028126546676,0.0,2.0,"M&M,BHARTIARTL,DRREDDY,WIPRO,HDFCBANK",
E1003,181,2024-01-04 09:15:00,2024-01-11 09:15:00,27,0.019322162382852823,0.019322162382852823,0.0,2.0,"RELIANCE,TCS,SUNPHARMA,AXISBANK,HCLTECH",
E1003,186,2024-01-11 09:15:00,2024-01-18 09:15:00,27,0.007307144223297562,0.007307144223297562,0.0,2.0,"BHARTIARTL,DRREDDY,INFY,CIPLA,ITC",
E1003,191,2024-01-18 09:15:00,2024-01-25 09:15:00,27,0.005700079038872708,0.005700079038872708,0.0,2.0,"AXISBANK,ONGC,ULTRACEMCO,ICICIBANK,TECHM",
E1003,196,2024-01-25 09:15:00,2024-02-02 09:15:00,27,0.0588942191638222,0.0588942191638222,0.0,1.2000000000000002,"BPCL,ICICIBANK,HINDUNILVR,ADANIPORTS,AXISBANK",
E1003,201,2024-02-02 09:15:00,2024-02-09 09:15:00,27,0.04645491224656809,0.04645491224656809,0.0,1.2000000000000002,"ONGC,LT,RELIANCE,BPCL,ADANIPORTS",
E1003,206,2024-02-09 09:15:00,2024-02-16 09:15:00,27,0.01768888630946546,0.01768888630946546,0.0,1.6,"ICICIBANK,BHARTIARTL,LT,SBIN,SUNPHARMA",
E1003,211,2024-02-16 09:15:00,2024-02-23 09:15:00,27,0.00036424114770305417,0.00036424114770305417,0.0,2.0,"BPCL,MARUTI,BAJAJ-AUTO,ULTRACEMCO,ADANIPORTS",
E1003,216,2024-02-23 09:15:00,2024-03-01 09:15:00,27,-0.01718006096711725,-0.01718006096711725,0.0,1.6,"BAJAJ-AUTO,RELIANCE,ITC,ONGC,HINDUNILVR",
E1003,221,2024-03-01 09:15:00,2024-03-07 09:15:00,27,0.020350260319151908,0.020350260319151908,0.0,1.2000000000000002,"LT,ULTRACEMCO,ONGC,BPCL,BAJAJ-AUTO",
E1003,226,2024-03-07 09:15:00,2024-03-15 09:15:00,27,-0.007108569639783883,-0.007108569639783883,0.0,1.2000000000000002,"BHARTIARTL,TCS,ONGC,ULTRACEMCO,ICICIBANK",
E1003,231,2024-03-15 09:15:00,2024-03-22 09:15:00,27,-0.006831349737910708,-0.006831349737910708,0.0,1.6,"AXISBANK,BRITANNIA,SBIN,ITC,BHARTIARTL",
E1003,236,2024-03-22 09:15:00,2024-04-02 09:15:00,27,0.008841717474645766,0.008841717474645766,0.0,1.6,"HCLTECH,SBIN,WIPRO,INFY,SUNPHARMA",
E1003,241,2024-04-02 09:15:00,2024-04-09 09:15:00,27,-0.005166930565162309,-0.005166930565162309,0.0,1.6,"LT,ICICIBANK,ONGC,RELIANCE,WIPRO",
E1003,246,2024-04-09 09:15:00,2024-04-18 09:15:00,27,-0.010689102818772406,-0.010689102818772406,0.0,1.6,"BPCL,NESTLEIND,ADANIPORTS,M&M,LT",
E1003,251,2024-04-18 09:15:00,2024-04-25 09:15:00,27,-0.018365148858284212,-0.018365148858284212,0.0,1.6,"ONGC,HCLTECH,NESTLEIND,HINDUNILVR,KOTAKBANK",
E1003,256,2024-04-25 09:15:00,2024-05-03 09:15:00,27,0.027672445315283824,0.027672445315283824,0.0,1.6,"RELIANCE,BAJAJ-AUTO,NESTLEIND,M&M,INFY",
E1003,261,2024-05-03 09:15:00,2024-05-10 09:15:00,27,-0.038480527981482396,-0.038480527981482396,0.0,1.2000000000000002,"ONGC,ADANIPORTS,RELIANCE,NESTLEIND,MARUTI",
E1003,266,2024-05-10 09:15:00,2024-05-17 09:15:00,27,0.037826080918831426,0.037826080918831426,0.0,1.6,"HINDUNILVR,ULTRACEMCO,RELIANCE,BHARTIARTL,M&M",
E1003,271,2024-05-17 09:15:00,2024-05-24 09:15:00,27,0.016340574448559696,0.016340574448559696,0.0,2.0,"NESTLEIND,MARUTI,WIPRO,TCS,INFY",
E1003,276,2024-05-24 09:15:00,2024-05-31 09:15:00,27,-0.01798865920421102,-0.01798865920421102,0.0,1.6,"BHARTIARTL,SUNPHARMA,HCLTECH,RELIANCE,MARUTI",
E1003,281,2024-05-31 09:15:00,2024-06-07 09:15:00,27,0.024272599242168392,0.024272599242168392,0.0,1.6,"ONGC,HCLTECH,DRREDDY,KOTAKBANK,BAJAJ-AUTO",
E1003,286,2024-06-07 09:15:00,2024-06-14 09:15:00,27,0.024095201208722727,0.024095201208722727,0.0,2.0,"RELIANCE,TCS,WIPRO,MARUTI,ULTRACEMCO",
E1003,291,2024-06-14 09:15:00,2024-06-24 09:15:00,27,0.00011331343842058139,0.00011331343842058139,0.0,1.6,"HCLTECH,KOTAKBANK,MARUTI,ADANIPORTS,HINDUNILVR",
E1003,296,2024-06-24 09:15:00,2024-07-01 09:15:00,27,0.029570833603115694,0.029570833603115694,0.0,2.0,"BAJAJ-AUTO,ICICIBANK,NESTLEIND,DRREDDY,TECHM",
E1003,301,2024-07-01 09:15:00,2024-07-08 09:15:00,27,0.02221530729091103,0.02221530729091103,0.0,1.6,"HCLTECH,CIPLA,SBIN,TECHM,BPCL",
E1003,306,2024-07-08 09:15:00,2024-07-15 09:15:00,27,0.012118351732818488,0.012118351732818488,0.0,1.6,"DRREDDY,TECHM,RELIANCE,SUNPHARMA,BHARTIARTL",
E1003,311,2024-07-15 09:15:00,2024-07-23 09:15:00,27,-0.009423814815884408,-0.009423814815884408,0.0,1.6,"ONGC,BRITANNIA,LT,RELIANCE,ADANIPORTS",
E1003,316,2024-07-23 09:15:00,2024-07-30 09:15:00,27,0.011060897423460878,0.011060897423460878,0.0,1.2000000000000002,"BRITANNIA,KOTAKBANK,LT,HDFCBANK,TECHM",
E1003,321,2024-07-30 09:15:00,2024-08-06 09:15:00,27,-0.01831951030937018,-0.01831951030937018,0.0,2.0,"SUNPHARMA,TCS,ULTRACEMCO,CIPLA,AXISBANK",
E1003,326,2024-08-06 09:15:00,2024-08-13 09:15:00,27,-0.0032669623217027608,-0.0032669623217027608,0.0,1.6,"TECHM,WIPRO,MARUTI,RELIANCE,SUNPHARMA",
E1003,331,2024-08-13 09:15:00,2024-08-21 09:15:00,27,0.013869594692822,0.013869594692822,0.0,1.6,"AXISBANK,KOTAKBANK,BPCL,NESTLEIND,MARUTI",
E1003,336,2024-08-21 09:15:00,2024-08-28 09:15:00,27,-0.0029056062987136777,-0.0029056062987136777,0.0,1.6,"TECHM,TCS,SBIN,KOTAKBANK,RELIANCE",
E1003,341,2024-08-28 09:15:00,2024-09-04 09:15:00,27,0.009533383500276743,0.009533383500276743,0.0,1.2000000000000002,"MARUTI,BAJAJ-AUTO,RELIANCE,TECHM,ULTRACEMCO",
E1003,346,2024-09-04 09:15:00,2024-09-11 09:15:00,27,-0.012658689418913968,-0.012658689418913968,0.0,2.0,"SBIN,ICICIBANK,AXISBANK,INFY,DRREDDY",
E1003,351,2024-09-11 09:15:00,2024-09-18 09:15:00,27,0.0162159455819443,0.0162159455819443,0.0,1.2000000000000002,"AXISBANK,HDFCBANK,ITC,KOTAKBANK,SBIN",
E1003,356,2024-09-18 09:15:00,2024-09-25 09:15:00,27,-0.008488194983889126,-0.008488194983889126,0.0,1.6,"ADANIPORTS,AXISBANK,TCS,HCLTECH,WIPRO",
E1003,361,2024-09-25 09:15:00,2024-10-03 09:15:00,27,-0.0018755814005631947,-0.0018755814005631947,0.0,1.6,"BAJAJ-AUTO,TECHM,INFY,HCLTECH,CIPLA",
E1003,366,2024-10-03 09:15:00,2024-10-10 09:15:00,27,-0.020316891111492555,-0.020316891111492555,0.0,2.0,"ULTRACEMCO,LT,AXISBANK,M&M,BRITANNIA",
E1003,371,2024-10-10 09:15:00,2024-10-17 09:15:00,27,-0.0022374224002072738,-0.0022374224002072738,0.0,1.6,"ITC,ICICIBANK,INFY,HINDUNILVR,BRITANNIA",
E1003,376,2024-10-17 09:15:00,2024-10-24 09:15:00,27,-0.023709099100100446,-0.023709099100100446,0.0,1.2000000000000002,"AXISBANK,BPCL,ITC,ICICIBANK,LT",
E1003,381,2024-10-24 09:15:00,2024-10-31 09:15:00,27,0.018136672933704717,0.018136672933704717,0.0,2.0,"SBIN,NESTLEIND,CIPLA,SUNPHARMA,ADANIPORTS",
E1003,386,2024-10-31 09:15:00,2024-11-07 09:15:00,27,0.004863566514423672,0.004863566514423672,0.0,1.2000000000000002,"TECHM,TCS,ADANIPORTS,KOTAKBANK,SUNPHARMA",
E1003,391,2024-11-07 09:15:00,2024-11-14 09:15:00,27,-0.009903373324530305,-0.009903373324530305,0.0,1.6,"BAJAJ-AUTO,MARUTI,TCS,WIPRO,HCLTECH",
E1003,396,2024-11-14 09:15:00,2024-11-25 09:15:00,27,0.03995153788805226,0.03995153788805226,0.0,2.0,"SBIN,KOTAKBANK,HDFCBANK,RELIANCE,ICICIBANK",
E1003,401,2024-11-25 09:15:00,2024-12-02 09:15:00,27,-0.011416025106282493,-0.011416025106282493,0.0,0.8,"ICICIBANK,KOTAKBANK,RELIANCE,INFY,WIPRO",
E1003,406,2024-12-02 09:15:00,2024-12-09 09:15:00,27,0.036730534793744885,0.036730534793744885,0.0,2.0,"TECHM,HDFCBANK,ULTRACEMCO,DRREDDY,ONGC",
E1003,411,2024-12-09 09:15:00,2024-12-16 09:15:00,27,0.010502923939327651,0.010502923939327651,0.0,1.6,"AXISBANK,INFY,ULTRACEMCO,CIPLA,WIPRO",
E1003,416,2024-12-16 09:15:00,2024-12-23 09:15:00,27,-0.04530769589489394,-0.04530769589489394,0.0,1.6,"AXISBANK,M&M,BRITANNIA,RELIANCE,NESTLEIND",
E1003,421,2024-12-23 09:15:00,2024-12-31 09:15:00,27,-0.0016653593594112347,-0.0016653593594112347,0.0,1.2000000000000002,"M&M,RELIANCE,HINDUNILVR,BHARTIARTL,HCLTECH",
E1003,426,2024-12-31 09:15:00,2025-01-07 09:15:00,27,0.0095008834517109,0.0095008834517109,0.0,2.0,"KOTAKBANK,INFY,TCS,ADANIPORTS,ULTRACEMCO",
E1003,431,2025-01-07 09:15:00,2025-01-14 09:15:00,27,-0.02457909035014999,-0.02457909035014999,0.0,2.0,"HDFCBANK,HCLTECH,RELIANCE,M&M,NESTLEIND",
E1003,436,2025-01-14 09:15:00,2025-01-21 09:15:00,27,0.016474168499942345,0.016474168499942345,0.0,1.6,"HCLTECH,ADANIPORTS,HINDUNILVR,WIPRO,MARUTI",
E1003,441,2025-01-21 09:15:00,2025-01-28 09:15:00,27,-0.03567971020606022,-0.03567971020606022,0.0,2.0,"BPCL,SBIN,INFY,RELIANCE,KOTAKBANK",
E1003,446,2025-01-28 09:15:00,2025-02-03 09:15:00,27,0.02751538710267326,0.02751538710267326,0.0,2.0,"SUNPHARMA,ICICIBANK,AXISBANK,HDFCBANK,BAJAJ-AUTO",
E1003,451,2025-02-03 09:15:00,2025-02-10 09:15:00,27,0.012618686327892868,0.012618686327892868,0.0,2.0,"LT,ULTRACEMCO,ONGC,BPCL,HCLTECH",
E1003,456,2025-02-10 09:15:00,2025-02-17 09:15:00,27,-0.020570398296365616,-0.020570398296365616,0.0,2.0,"SBIN,ITC,BHARTIARTL,KOTAKBANK,RELIANCE",
E1003,461,2025-02-17 09:15:00,2025-02-24 09:15:00,27,-0.0051327422122505045,-0.0051327422122505045,0.0,2.0,"ADANIPORTS,CIPLA,TCS,LT,DRREDDY",
E1003,466,2025-02-24 09:15:00,2025-03-04 09:15:00,27,-0.043223568881934425,-0.043223568881934425,0.0,2.0,"SBIN,RELIANCE,INFY,BPCL,NESTLEIND",
E1003,471,2025-03-04 09:15:00,2025-03-11 09:15:00,27,0.028906726348660552,0.028906726348660552,0.0,2.0,"ADANIPORTS,ITC,HINDUNILVR,DRREDDY,KOTAKBANK",
E1003,476,2025-03-11 09:15:00,2025-03-19 09:15:00,27,0.011091776440496248,0.011091776440496248,0.0,2.0,"BRITANNIA,SBIN,BPCL,HCLTECH,BAJAJ-AUTO",
E1003,481,2025-03-19 09:15:00,2025-03-26 09:15:00,27,0.03490075242744343,0.03490075242744343,0.0,1.6,"ONGC,MARUTI,ULTRACEMCO,BRITANNIA,LT",
E1003,486,2025-03-26 09:15:00,2025-04-03 09:15:00,27,-0.009486845322872674,-0.009486845322872674,0.0,1.2000000000000002,"DRREDDY,ONGC,HINDUNILVR,TCS,MARUTI",
E1003,491,2025-04-03 09:15:00,2025-04-11 09:15:00,27,-0.029117893402284704,-0.029117893402284704,0.0,1.2000000000000002,"DRREDDY,SUNPHARMA,RELIANCE,HCLTECH,HINDUNILVR",
E1003,496,2025-04-11 09:15:00,2025-04-22 09:15:00,27,0.026456365157143998,0.026456365157143998,0.0,1.6,"BRITANNIA,HINDUNILVR,ADANIPORTS,NESTLEIND,TCS",
E1003,501,2025-04-22 09:15:00,2025-04-29 09:15:00,27,0.0171238063763148,0.0171238063763148,0.0,2.0,"BAJAJ-AUTO,BHARTIARTL,DRREDDY,RELIANCE,BPCL",
E1003,506,2025-04-29 09:15:00,2025-05-07 09:15:00,27,-0.005866830352722867,-0.005866830352722867,0.0,1.6,"ULTRACEMCO,MARUTI,NESTLEIND,TCS,DRREDDY",
E1003,511,2025-05-07 09:15:00,2025-05-14 09:15:00,27,0.028979645125287626,0.028979645125287626,0.0,1.2000000000000002,"MARUTI,DRREDDY,ONGC,AXISBANK,TECHM",
E1003,516,2025-05-14 09:15:00,2025-05-21 09:15:00,27,-0.006480203250546262,-0.006480203250546262,0.0,1.6,"HINDUNILVR,AXISBANK,CIPLA,NESTLEIND,INFY",
E1003,521,2025-05-21 09:15:00,2025-05-28 09:15:00,27,0.00041871201686349575,0.00041871201686349575,0.0,1.6,"CIPLA,TCS,BHARTIARTL,ONGC,LT",
E1003,526,2025-05-28 09:15:00,2025-06-04 09:15:00,27,-0.006950224141277498,-0.006950224141277498,0.0,2.0,"BRITANNIA,NESTLEIND,SUNPHARMA,HDFCBANK,AXISBANK",
E1003,531,2025-06-04 09:15:00,2025-06-11 09:15:00,27,0.0268154263047747,0.0268154263047747,0.0,1.2000000000000002,"KOTAKBANK,SUNPHARMA,TCS,NESTLEIND,RELIANCE",
E1003,536,2025-06-11 09:15:00,2025-06-18 09:15:00,27,0.010402142241243993,0.010402142241243993,0.0,1.6,"MARUTI,SUNPHARMA,ICICIBANK,TECHM,HDFCBANK",
E1003,541,2025-06-18 09:15:00,2025-06-25 09:15:00,27,-0.0006299606904165036,-0.0006299606904165036,0.0,1.6,"DRREDDY,NESTLEIND,MARUTI,AXISBANK,HCLTECH",
E1003,546,2025-06-25 09:15:00,2025-07-02 09:15:00,27,-0.01048511790362092,-0.01048511790362092,0.0,0.8,"ONGC,ICICIBANK,MARUTI,AXISBANK,NESTLEIND",
E1003,551,2025-07-02 09:15:00,2025-07-09 09:15:00,27,0.003213949380327973,0.003213949380327973,0.0,1.2000000000000002,"DRREDDY,INFY,AXISBANK,NESTLEIND,BRITANNIA",
E1003,556,2025-07-09 09:15:00,2025-07-16 09:15:00,27,-0.012879197316852106,-0.012879197316852106,0.0,1.6,"KOTAKBANK,BPCL,ADANIPORTS,NESTLEIND,RELIANCE",
E1003,561,2025-07-16 09:15:00,2025-07-23 09:15:00,27,-0.011266483470591341,-0.011266483470591341,0.0,1.6,"BAJAJ-AUTO,ITC,CIPLA,RELIANCE,LT",
E1003,566,2025-07-23 09:15:00,2025-07-30 09:15:00,27,-0.02691414071616604,-0.02691414071616604,0.0,1.6,"ICICIBANK,NESTLEIND,ITC,HCLTECH,BHARTIARTL",
E1003,571,2025-07-30 09:15:00,2025-08-06 09:15:00,27,-0.00865969428548053,-0.00865969428548053,0.0,1.6,"LT,BHARTIARTL,MARUTI,M&M,CIPLA",
E1003,576,2025-08-06 09:15:00,2025-08-13 09:15:00,27,-0.010949551210382037,-0.010949551210382037,0.0,1.6,"ADANIPORTS,SBIN,RELIANCE,TECHM,BHARTIARTL",
E1003,581,2025-08-13 09:15:00,2025-08-21 09:15:00,27,0.025966495278107616,0.025966495278107616,0.0,1.6,"WIPRO,INFY,DRREDDY,ADANIPORTS,HDFCBANK",
E1003,586,2025-08-21 09:15:00,2025-08-29 09:15:00,27,-0.010290877899051979,-0.010290877899051979,0.0,2.0,"RELIANCE,LT,BHARTIARTL,MARUTI,TECHM",
E1003,591,2025-08-29 09:15:00,2025-09-05 09:15:00,27,0.007645564282396556,0.007645564282396556,0.0,1.6,"TCS,BHARTIARTL,SUNPHARMA,HDFCBANK,BAJAJ-AUTO",
E1003,596,2025-09-05 09:15:00,2025-09-12 09:15:00,27,0.021240064761161262,0.021240064761161262,0.0,1.6,"ITC,INFY,SUNPHARMA,DRREDDY,ICICIBANK",
E1003,601,2025-09-12 09:15:00,2025-09-19 09:15:00,27,-0.006123446847918025,-0.006123446847918025,0.0,2.0,"HINDUNILVR,WIPRO,BAJAJ-AUTO,BRITANNIA,HDFCBANK",
E1003,606,2025-09-19 09:15:00,2025-09-26 09:15:00,27,-0.04065042867984941,-0.04065042867984941,0.0,1.2000000000000002,"CIPLA,HCLTECH,BAJAJ-AUTO,INFY,HDFCBANK",
E1003,611,2025-09-26 09:15:00,2025-10-06 09:15:00,27,-0.006191426516300014,-0.006191426516300014,0.0,2.0,"LT,WIPRO,MARUTI,TCS,ADANIPORTS",
E1003,616,2025-10-06 09:15:00,2025-10-13 09:15:00,27,0.01315442405009352,0.01315442405009352,0.0,1.6,"AXISBANK,ONGC,BAJAJ-AUTO,CIPLA,TCS",
E1003,621,2025-10-13 09:15:00,2025-10-20 09:15:00,27,0.01509423179935225,0.01509423179935225,0.0,1.6,"BAJAJ-AUTO,BPCL,RELIANCE,BHARTIARTL,INFY",
E1003,626,2025-10-20 09:15:00,2025-10-28 09:15:00,27,-0.0009169787027995483,-0.0009169787027995483,0.0,2.0,"ICICIBANK,CIPLA,ITC,M&M,HCLTECH",
E1003,631,2025-10-28 09:15:00,2025-11-04 09:15:00,27,-0.01814276616501464,-0.01814276616501464,0.0,2.0,"KOTAKBANK,TCS,LT,TECHM,HDFCBANK",
E1003,636,2025-11-04 09:15:00,2025-11-12 09:15:00,27,0.0045104344647405115,0.0045104344647405115,0.0,2.0,"HINDUNILVR,BRITANNIA,BAJAJ-AUTO,NESTLEIND,ADANIPORTS",
E1003,641,2025-11-12 09:15:00,2025-11-19 09:15:00,27,0.0022809357570694752,0.0022809357570694752,0.0,1.6,"BHARTIARTL,BRITANNIA,BPCL,TCS,KOTAKBANK",
E1003,646,2025-11-19 09:15:00,2025-11-26 09:15:00,27,0.007032262215591525,0.007032262215591525,0.0,2.0,"HINDUNILVR,SBIN,HDFCBANK,HCLTECH,INFY",
E1003,651,2025-11-26 09:15:00,2025-12-03 09:15:00,27,-0.010211221971909358,-0.010211221971909358,0.0,2.0,"NESTLEIND,BRITANNIA,ADANIPORTS,ULTRACEMCO,AXISBANK",
E1003,656,2025-12-03 09:15:00,2025-12-10 09:15:00,27,-0.010464700842643768,-0.010464700842643768,0.0,0.8,"M&M,ONGC,ULTRACEMCO,BRITANNIA,NESTLEIND",
E1003,661,2025-12-10 09:15:00,2025-12-17 09:15:00,27,-0.0020796000976606045,-0.0020796000976606045,0.0,2.0,"HDFCBANK,TCS,HCLTECH,INFY,SUNPHARMA",
E1003,666,2025-12-17 09:15:00,2025-12-24 09:15:00,27,0.005737495218489604,0.005737495218489604,0.0,1.6,"HDFCBANK,BAJAJ-AUTO,SBIN,RELIANCE,LT",
E1003,671,2025-12-24 09:15:00,2026-01-01 09:15:00,27,-0.012775076615335577,-0.012775076615335577,0.0,1.6,"SUNPHARMA,WIPRO,RELIANCE,DRREDDY,INFY",
E1003,676,2026-01-01 09:15:00,2026-01-08 09:15:00,27,0.009416395782849179,0.009416395782849179,0.0,0.8,"TCS,SUNPHARMA,TECHM,INFY,WIPRO",
E1003,681,2026-01-08 09:15:00,2026-01-16 09:15:00,27,-0.017866308386269413,-0.017866308386269413,0.0,2.0,"ADANIPORTS,ITC,ULTRACEMCO,M&M,MARUTI",
E1003,686,2026-01-16 09:15:00,2026-01-23 09:15:00,27,-0.03259464355510805,-0.03259464355510805,0.0,1.2000000000000002,"TCS,WIPRO,BPCL,M&M,MARUTI",
E1003,691,2026-01-23 09:15:00,2026-02-01 09:15:00,27,0.0042647704371007265,0.0042647704371007265,0.0,1.6,"DRREDDY,NESTLEIND,TCS,TECHM,ULTRACEMCO",
E1003,696,2026-02-01 09:15:00,2026-02-06 09:15:00,27,-0.022511971297235735,-0.022511971297235735,0.0,1.2000000000000002,"NESTLEIND,ONGC,LT,ITC,TECHM",
E1003,701,2026-02-06 09:15:00,2026-02-13 09:15:00,27,0.017490411163706577,0.017490411163706577,0.0,1.6,"HINDUNILVR,DRREDDY,ICICIBANK,TECHM,SBIN",
E1003,706,2026-02-13 09:15:00,2026-02-20 09:15:00,27,-0.026114989128746446,-0.026114989128746446,0.0,1.6,"HINDUNILVR,BPCL,HCLTECH,RELIANCE,M&M",
E1003,711,2026-02-20 09:15:00,2026-02-27 09:15:00,27,-0.0024687041841058304,-0.0024687041841058304,0.0,1.6,"BHARTIARTL,MARUTI,ADANIPORTS,HINDUNILVR,INFY",
E1003,716,2026-02-27 09:15:00,2026-03-09 09:15:00,27,-0.07758934684233974,-0.07758934684233974,0.0,1.6,"KOTAKBANK,ITC,ULTRACEMCO,ADANIPORTS,AXISBANK",
E1003,721,2026-03-09 09:15:00,2026-03-13 09:15:00,27,-0.026690419106651837,-0.026690419106651837,0.0,1.2000000000000002,"HDFCBANK,ICICIBANK,AXISBANK,KOTAKBANK,MARUTI",
E1006,1,2023-04-17 10:15:00,2023-04-24 09:15:00,27,-0.0032062904606064264,-0.0032062904606064264,0.0,1.0,"DRREDDY,AXISBANK,INFY,ICICIBANK,TCS",
E1006,6,2023-04-24 09:15:00,2023-05-02 09:15:00,27,0.031870117295653914,0.031870117295653914,0.0,1.2000000000000002,"ICICIBANK,SUNPHARMA,BRITANNIA,TECHM,DRREDDY",
E1006,11,2023-05-02 09:15:00,2023-05-09 09:15:00,27,0.018008054146533264,0.018008054146533264,0.0,2.0,"ULTRACEMCO,KOTAKBANK,M&M,ADANIPORTS,ITC",
E1006,16,2023-05-09 09:15:00,2023-05-16 09:15:00,27,0.012996300701272227,0.012996300701272227,0.0,1.6,"SUNPHARMA,ITC,HINDUNILVR,BHARTIARTL,MARUTI",
E1006,21,2023-05-16 09:15:00,2023-05-23 09:15:00,27,0.0027651845266619154,0.0027651845266619154,0.0,1.6,"TCS,BPCL,BHARTIARTL,HDFCBANK,BAJAJ-AUTO",
E1006,26,2023-05-23 09:15:00,2023-05-30 09:15:00,27,0.006882184523314945,0.006882184523314945,0.0,1.6,"BAJAJ-AUTO,ADANIPORTS,HINDUNILVR,M&M,BRITANNIA",
E1006,31,2023-05-30 09:15:00,2023-06-06 09:15:00,27,0.00793144657577787,0.00793144657577787,0.0,0.8,"DRREDDY,HCLTECH,HINDUNILVR,ADANIPORTS,BAJAJ-AUTO",
E1006,36,2023-06-06 09:15:00,2023-06-13 09:15:00,27,0.0022057555247852016,0.0022057555247852016,0.0,2.0,"ULTRACEMCO,TCS,INFY,WIPRO,TECHM",
E1006,41,2023-06-13 09:15:00,2023-06-20 09:15:00,27,0.0074822957040804935,0.0074822957040804935,0.0,1.2000000000000002,"ITC,NESTLEIND,CIPLA,INFY,WIPRO",
E1006,46,2023-06-20 09:15:00,2023-06-27 09:15:00,27,0.011451637676502254,0.011451637676502254,0.0,1.6,"WIPRO,HDFCBANK,BAJAJ-AUTO,HINDUNILVR,TECHM",
E1006,51,2023-06-27 09:15:00,2023-07-05 09:15:00,27,0.023629701804360453,0.023629701804360453,0.0,1.2000000000000002,"M&M,HINDUNILVR,BAJAJ-AUTO,CIPLA,SUNPHARMA",
E1006,56,2023-07-05 09:15:00,2023-07-12 09:15:00,27,0.011984964832509057,0.011984964832509057,0.0,2.0,"BHARTIARTL,ONGC,BRITANNIA,MARUTI,ADANIPORTS",
E1006,61,2023-07-12 09:15:00,2023-07-19 09:15:00,27,-0.01521165540799524,-0.01521165540799524,0.0,1.6,"ULTRACEMCO,HINDUNILVR,M&M,BPCL,BHARTIARTL",
E1006,66,2023-07-19 09:15:00,2023-07-26 09:15:00,27,0.0078240912234751,0.0078240912234751,0.0,1.6,"ONGC,BHARTIARTL,SBIN,NESTLEIND,TCS",
E1006,71,2023-07-26 09:15:00,2023-08-02 09:15:00,27,0.020634604247617594,0.020634604247617594,0.0,2.0,"TECHM,CIPLA,ADANIPORTS,BAJAJ-AUTO,BRITANNIA",
E1006,76,2023-08-02 09:15:00,2023-08-09 09:15:00,27,-0.016303358631291263,-0.016303358631291263,0.0,1.6,"BRITANNIA,HDFCBANK,TCS,NESTLEIND,ONGC",
E1006,81,2023-08-09 09:15:00,2023-08-17 09:15:00,27,-0.007828593572860896,-0.007828593572860896,0.0,1.2000000000000002,"ADANIPORTS,TCS,SUNPHARMA,HDFCBANK,DRREDDY",
E1006,86,2023-08-17 09:15:00,2023-08-24 09:15:00,27,-0.00681043708984806,-0.00681043708984806,0.0,1.2000000000000002,"TCS,HDFCBANK,KOTAKBANK,WIPRO,ONGC",
E1006,91,2023-08-24 09:15:00,2023-08-31 09:15:00,27,-0.001361053990535233,-0.001361053990535233,0.0,1.6,"ONGC,BRITANNIA,HINDUNILVR,MARUTI,AXISBANK",
E1006,96,2023-08-31 09:15:00,2023-09-07 09:15:00,27,0.006302448593440353,0.006302448593440353,0.0,1.6,"ADANIPORTS,TECHM,AXISBANK,LT,SBIN",
E1006,101,2023-09-07 09:15:00,2023-09-14 09:15:00,27,0.026376594858937827,0.026376594858937827,0.0,1.2000000000000002,"WIPRO,DRREDDY,AXISBANK,TECHM,ONGC",
E1006,106,2023-09-14 09:15:00,2023-09-22 09:15:00,27,-0.014277250650425918,-0.014277250650425918,0.0,1.6,"TECHM,RELIANCE,LT,BPCL,KOTAKBANK",
E1006,111,2023-09-22 09:15:00,2023-09-29 09:15:00,27,-0.005182564753513259,-0.005182564753513259,0.0,1.6,"INFY,DRREDDY,LT,MARUTI,NESTLEIND",
E1006,116,2023-09-29 09:15:00,2023-10-09 09:15:00,27,-0.0028416937182908107,-0.0028416937182908107,0.0,2.0,"ICICIBANK,TCS,SBIN,TECHM,ULTRACEMCO",
E1006,121,2023-10-09 09:15:00,2023-10-16 09:15:00,27,-0.004476319477067849,-0.004476319477067849,0.0,1.6,"TCS,AXISBANK,INFY,KOTAKBANK,NESTLEIND",
E1006,126,2023-10-16 09:15:00,2023-10-23 09:15:00,27,0.014474246909383405,0.014474246909383405,0.0,1.6,"ICICIBANK,BAJAJ-AUTO,SBIN,TECHM,NESTLEIND",
E1006,131,2023-10-23 09:15:00,2023-10-31 09:15:00,27,-0.004514363034680426,-0.004514363034680426,0.0,1.2000000000000002,"BPCL,KOTAKBANK,SBIN,BHARTIARTL,NESTLEIND",
E1006,136,2023-10-31 09:15:00,2023-11-07 09:15:00,27,0.018805680722397057,0.018805680722397057,0.0,1.6,"INFY,M&M,BPCL,ULTRACEMCO,ICICIBANK",
E1006,141,2023-11-07 09:15:00,2023-11-13 09:15:00,27,0.01511593018602246,0.01511593018602246,0.0,1.6,"ADANIPORTS,BPCL,ONGC,ITC,BRITANNIA",
E1006,146,2023-11-13 09:15:00,2023-11-21 09:15:00,27,0.0006382913844449206,0.0006382913844449206,0.0,1.6,"BRITANNIA,ULTRACEMCO,BHARTIARTL,AXISBANK,HINDUNILVR",
E1006,151,2023-11-21 09:15:00,2023-11-29 09:15:00,27,0.009928218830829018,0.009928218830829018,0.0,1.2000000000000002,"BPCL,BRITANNIA,CIPLA,ICICIBANK,ULTRACEMCO",
E1006,156,2023-11-29 09:15:00,2023-12-06 09:15:00,27,0.01856211362084915,0.01856211362084915,0.0,2.0,"WIPRO,ITC,TECHM,NESTLEIND,DRREDDY",
E1006,161,2023-12-06 09:15:00,2023-12-13 09:15:00,27,0.00045287975834574075,0.00045287975834574075,0.0,1.6,"TCS,SUNPHARMA,M&M,HCLTECH,TECHM",
E1006,166,2023-12-13 09:15:00,2023-12-20 09:15:00,27,0.0041431806387549,0.0041431806387549,0.0,1.6,"M&M,ULTRACEMCO,BHARTIARTL,ITC,BRITANNIA",
E1006,171,2023-12-20 09:15:00,2023-12-28 09:15:00,27,0.0023914793574504986,0.0023914793574504986,0.0,1.6,"CIPLA,RELIANCE,ITC,NESTLEIND,INFY",
E1006,176,2023-12-28 09:15:00,2024-01-04 09:15:00,27,0.0038336679906865534,0.0038336679906865534,0.0,1.6,"BHARTIARTL,CIPLA,KOTAKBANK,TCS,DRREDDY",
E1006,181,2024-01-04 09:15:00,2024-01-11 09:15:00,27,0.0031111566504637427,0.0031111566504637427,0.0,1.6,"BAJAJ-AUTO,ONGC,TCS,BPCL,M&M",
E1006,186,2024-01-11 09:15:00,2024-01-18 09:15:00,27,-0.021570494216504345,-0.021570494216504345,0.0,1.6,"CIPLA,RELIANCE,DRREDDY,M&M,ADANIPORTS",
E1006,191,2024-01-18 09:15:00,2024-01-25 09:15:00,27,0.011709242704650171,0.011709242704650171,0.0,2.0,"ONGC,TECHM,SUNPHARMA,HDFCBANK,MARUTI",
E1006,196,2024-01-25 09:15:00,2024-02-02 09:15:00,27,0.02115844339115066,0.02115844339115066,0.0,2.0,"HINDUNILVR,BPCL,ICICIBANK,LT,M&M",
E1006,201,2024-02-02 09:15:00,2024-02-09 09:15:00,27,0.0653456045615978,0.0653456045615978,0.0,1.2000000000000002,"BPCL,ONGC,SBIN,LT,RELIANCE",
E1006,206,2024-02-09 09:15:00,2024-02-16 09:15:00,27,0.022007961833609736,0.022007961833609736,0.0,2.0,"ITC,WIPRO,SUNPHARMA,HCLTECH,M&M",
E1006,211,2024-02-16 09:15:00,2024-02-23 09:15:00,27,0.0012484036524216125,0.0012484036524216125,0.0,1.6,"BAJAJ-AUTO,ITC,MARUTI,BPCL,HINDUNILVR",
E1006,216,2024-02-23 09:15:00,2024-03-01 09:15:00,27,0.0006232371070199456,0.0006232371070199456,0.0,1.2000000000000002,"BAJAJ-AUTO,ITC,LT,M&M,ONGC",
E1006,221,2024-03-01 09:15:00,2024-03-07 09:15:00,27,0.0025055395710974317,0.0025055395710974317,0.0,0.8,"LT,ULTRACEMCO,ONGC,BPCL,M&M",
E1006,226,2024-03-07 09:15:00,2024-03-15 09:15:00,27,-0.011609541946465293,-0.011609541946465293,0.0,1.6,"BHARTIARTL,BAJAJ-AUTO,ONGC,INFY,BRITANNIA",
E1006,231,2024-03-15 09:15:00,2024-03-22 09:15:00,27,-0.004435122803830264,-0.004435122803830264,0.0,1.2000000000000002,"AXISBANK,LT,BPCL,BRITANNIA,BAJAJ-AUTO",
E1006,236,2024-03-22 09:15:00,2024-04-02 09:15:00,27,0.04163889183649669,0.04163889183649669,0.0,2.0,"WIPRO,ONGC,HCLTECH,ADANIPORTS,RELIANCE",
E1006,241,2024-04-02 09:15:00,2024-04-09 09:15:00,27,-0.006360046064882717,-0.006360046064882717,0.0,1.2000000000000002,"ICICIBANK,LT,ONGC,RELIANCE,KOTAKBANK",
E1006,246,2024-04-09 09:15:00,2024-04-18 09:15:00,27,0.0004525402168934331,0.0004525402168934331,0.0,2.0,"NESTLEIND,BPCL,M&M,ADANIPORTS,BAJAJ-AUTO",
E1006,251,2024-04-18 09:15:00,2024-04-25 09:15:00,27,-0.0118098583643544,-0.0118098583643544,0.0,0.8,"NESTLEIND,ONGC,HCLTECH,BAJAJ-AUTO,ADANIPORTS",
E1006,256,2024-04-25 09:15:00,2024-05-03 09:15:00,27,0.027787294272925252,0.027787294272925252,0.0,1.2000000000000002,"BAJAJ-AUTO,NESTLEIND,M&M,ITC,MARUTI",
E1006,261,2024-05-03 09:15:00,2024-05-10 09:15:00,27,-0.035183971492732155,-0.035183971492732155,0.0,1.2000000000000002,"ONGC,NESTLEIND,MARUTI,ULTRACEMCO,BPCL",
E1006,266,2024-05-10 09:15:00,2024-05-17 09:15:00,27,0.03932565507155977,0.03932565507155977,0.0,1.6,"ITC,RELIANCE,ULTRACEMCO,BHARTIARTL,M&M",
E1006,271,2024-05-17 09:15:00,2024-05-24 09:15:00,27,0.012560176151592923,0.012560176151592923,0.0,1.6,"NESTLEIND,TCS,WIPRO,ITC,INFY",
E1006,276,2024-05-24 09:15:00,2024-05-31 09:15:00,27,-0.012994486749389054,-0.012994486749389054,0.0,1.6,"HCLTECH,BHARTIARTL,ITC,SUNPHARMA,HINDUNILVR",
E1006,281,2024-05-31 09:15:00,2024-06-07 09:15:00,27,0.03251813340622924,0.03251813340622924,0.0,1.6,"ONGC,INFY,TECHM,CIPLA,HCLTECH",
E1006,286,2024-06-07 09:15:00,2024-06-14 09:15:00,27,0.020075706918764633,0.020075706918764633,0.0,1.2000000000000002,"TECHM,BPCL,INFY,LT,HINDUNILVR",
E1006,291,2024-06-14 09:15:00,2024-06-24 09:15:00,27,0.011061799242292216,0.011061799242292216,0.0,1.2000000000000002,"HCLTECH,KOTAKBANK,TECHM,LT,ICICIBANK",
E1006,296,2024-06-24 09:15:00,2024-07-01 09:15:00,27,0.029570833603115698,0.029570833603115698,0.0,1.2000000000000002,"NESTLEIND,TECHM,DRREDDY,BAJAJ-AUTO,ICICIBANK",
E1006,301,2024-07-01 09:15:00,2024-07-08 09:15:00,27,0.016635093016751333,0.016635093016751333,0.0,2.0,"WIPRO,INFY,BPCL,AXISBANK,HDFCBANK",
E1006,306,2024-07-08 09:15:00,2024-07-15 09:15:00,27,0.017051919668932228,0.017051919668932228,0.0,2.0,"SUNPHARMA,ADANIPORTS,DRREDDY,SBIN,MARUTI",
E1006,311,2024-07-15 09:15:00,2024-07-23 09:15:00,27,-0.0011182196010996667,-0.0011182196010996667,0.0,1.2000000000000002,"BHARTIARTL,ADANIPORTS,BRITANNIA,SUNPHARMA,AXISBANK",
E1006,316,2024-07-23 09:15:00,2024-07-30 09:15:00,27,0.009018723935366926,0.009018723935366926,0.0,1.6,"BRITANNIA,KOTAKBANK,RELIANCE,HDFCBANK,TECHM",
E1006,321,2024-07-30 09:15:00,2024-08-06 09:15:00,27,-0.011203365260764373,-0.011203365260764373,0.0,2.0,"ITC,SUNPHARMA,TCS,NESTLEIND,ULTRACEMCO",
E1006,326,2024-08-06 09:15:00,2024-08-13 09:15:00,27,-0.00862662327540092,-0.00862662327540092,0.0,2.0,"TECHM,WIPRO,HCLTECH,RELIANCE,BRITANNIA",
E1006,331,2024-08-13 09:15:00,2024-08-21 09:15:00,27,0.01722461133157915,0.01722461133157915,0.0,1.6,"BPCL,AXISBANK,CIPLA,ICICIBANK,HCLTECH",
E1006,336,2024-08-21 09:15:00,2024-08-28 09:15:00,27,0.016138377007409842,0.016138377007409842,0.0,2.0,"ULTRACEMCO,TECHM,SUNPHARMA,ONGC,BAJAJ-AUTO",
E1006,341,2024-08-28 09:15:00,2024-09-04 09:15:00,27,0.011215241968898847,0.011215241968898847,0.0,1.2000000000000002,"BAJAJ-AUTO,SUNPHARMA,RELIANCE,ITC,TCS",
E1006,346,2024-09-04 09:15:00,2024-09-11 09:15:00,27,-0.01291272466573894,-0.01291272466573894,0.0,2.0,"HCLTECH,AXISBANK,TECHM,SBIN,ICICIBANK",
E1006,351,2024-09-11 09:15:00,2024-09-18 09:15:00,27,0.015247291774978008,0.015247291774978008,0.0,1.2000000000000002,"ONGC,KOTAKBANK,AXISBANK,DRREDDY,SBIN",
E1006,356,2024-09-18 09:15:00,2024-09-25 09:15:00,27,0.00955362425529662,0.00955362425529662,0.0,0.4,"ONGC,AXISBANK,BPCL,KOTAKBANK,DRREDDY",
E1006,361,2024-09-25 09:15:00,2024-10-03 09:15:00,27,0.0050440902505822964,0.0050440902505822964,0.0,1.2000000000000002,"CIPLA,ADANIPORTS,KOTAKBANK,DRREDDY,SUNPHARMA",
E1006,366,2024-10-03 09:15:00,2024-10-10 09:15:00,27,-0.012085995422771278,-0.012085995422771278,0.0,2.0,"BRITANNIA,LT,M&M,ULTRACEMCO,TECHM",
E1006,371,2024-10-10 09:15:00,2024-10-17 09:15:00,27,-0.0027812231371782395,-0.0027812231371782395,0.0,1.6,"DRREDDY,INFY,TECHM,HINDUNILVR,AXISBANK",
E1006,376,2024-10-17 09:15:00,2024-10-24 09:15:00,27,-0.006941044824762101,-0.006941044824762101,0.0,1.6,"AXISBANK,RELIANCE,ICICIBANK,NESTLEIND,HDFCBANK",
E1006,381,2024-10-24 09:15:00,2024-10-31 09:15:00,27,-0.006797423552200772,-0.006797423552200772,0.0,2.0,"TCS,HINDUNILVR,SUNPHARMA,INFY,WIPRO",
E1006,386,2024-10-31 09:15:00,2024-11-07 09:15:00,27,0.020030238461107894,0.020030238461107894,0.0,2.0,"TECHM,SBIN,HDFCBANK,KOTAKBANK,HCLTECH",
E1006,391,2024-11-07 09:15:00,2024-11-14 09:15:00,27,-0.0065242206497196035,-0.0065242206497196035,0.0,0.8,"HCLTECH,TCS,SBIN,HDFCBANK,INFY",
E1006,396,2024-11-14 09:15:00,2024-11-25 09:15:00,27,0.024103440175989255,0.024103440175989255,0.0,1.2000000000000002,"HCLTECH,HDFCBANK,DRREDDY,KOTAKBANK,ICICIBANK",
E1006,401,2024-11-25 09:15:00,2024-12-02 09:15:00,27,-0.01884921950029221,-0.01884921950029221,0.0,1.2000000000000002,"ICICIBANK,BAJAJ-AUTO,WIPRO,KOTAKBANK,TECHM",
E1006,406,2024-12-02 09:15:00,2024-12-09 09:15:00,27,0.02904888916482546,0.02904888916482546,0.0,1.6,"ULTRACEMCO,LT,HINDUNILVR,TECHM,SBIN",
E1006,411,2024-12-09 09:15:00,2024-12-16 09:15:00,27,0.014085614648763437,0.014085614648763437,0.0,1.6,"ULTRACEMCO,INFY,AXISBANK,WIPRO,NESTLEIND",
E1006,416,2024-12-16 09:15:00,2024-12-23 09:15:00,27,-0.014766337287629609,-0.014766337287629609,0.0,1.2000000000000002,"AXISBANK,ITC,ULTRACEMCO,BPCL,DRREDDY",
E1006,421,2024-12-23 09:15:00,2024-12-31 09:15:00,27,5.288974996186927e-05,5.288974996186927e-05,0.0,1.6,"RELIANCE,HCLTECH,M&M,BHARTIARTL,BPCL",
E1006,426,2024-12-31 09:15:00,2025-01-07 09:15:00,27,0.0095008834517109,0.0095008834517109,0.0,2.0,"KOTAKBANK,INFY,ADANIPORTS,TCS,ULTRACEMCO",
E1006,431,2025-01-07 09:15:00,2025-01-14 09:15:00,27,-0.03186202624501064,-0.03186202624501064,0.0,2.0,"ONGC,BPCL,M&M,LT,BAJAJ-AUTO",
E1006,436,2025-01-14 09:15:00,2025-01-21 09:15:00,27,0.03132705223662116,0.03132705223662116,0.0,1.6,"ADANIPORTS,LT,BHARTIARTL,MARUTI,SBIN",
E1006,441,2025-01-21 09:15:00,2025-01-28 09:15:00,27,-0.0175450175428385,-0.0175450175428385,0.0,1.6,"KOTAKBANK,RELIANCE,ICICIBANK,SBIN,INFY",
E1006,446,2025-01-28 09:15:00,2025-02-03 09:15:00,27,0.01711669943345247,0.01711669943345247,0.0,1.6,"BAJAJ-AUTO,SUNPHARMA,ICICIBANK,HDFCBANK,HCLTECH",
E1006,451,2025-02-03 09:15:00,2025-02-10 09:15:00,27,0.005706536895172664,0.005706536895172664,0.0,1.6,"RELIANCE,TECHM,TCS,ONGC,HDFCBANK",
E1006,456,2025-02-10 09:15:00,2025-02-17 09:15:00,27,-0.009000262754977723,-0.009000262754977723,0.0,1.6,"RELIANCE,KOTAKBANK,CIPLA,BPCL,BHARTIARTL",
E1006,461,2025-02-17 09:15:00,2025-02-24 09:15:00,27,-0.00593734876256951,-0.00593734876256951,0.0,1.6,"M&M,ADANIPORTS,CIPLA,LT,MARUTI",
E1006,466,2025-02-24 09:15:00,2025-03-04 09:15:00,27,-0.04691726149760089,-0.04691726149760089,0.0,1.2000000000000002,"M&M,DRREDDY,CIPLA,NESTLEIND,BPCL",
E1006,471,2025-03-04 09:15:00,2025-03-11 09:15:00,27,0.01494690611765271,0.01494690611765271,0.0,1.6,"HINDUNILVR,KOTAKBANK,TECHM,DRREDDY,SUNPHARMA",
E1006,476,2025-03-11 09:15:00,2025-03-19 09:15:00,27,0.013538537701506901,0.013538537701506901,0.0,2.0,"BRITANNIA,SBIN,BPCL,BAJAJ-AUTO,ITC",
E1006,481,2025-03-19 09:15:00,2025-03-26 09:15:00,27,0.04097612642843018,0.04097612642843018,0.0,1.6,"HCLTECH,BRITANNIA,TECHM,WIPRO,TCS",
E1006,486,2025-03-26 09:15:00,2025-04-03 09:15:00,27,0.006940045362215465,0.006940045362215465,0.0,2.0,"DRREDDY,ICICIBANK,SUNPHARMA,ONGC,ULTRACEMCO",
E1006,491,2025-04-03 09:15:00,2025-04-11 09:15:00,27,-0.030591192298314154,-0.030591192298314154,0.0,2.0,"HCLTECH,HINDUNILVR,INFY,ADANIPORTS,TECHM",
E1006,496,2025-04-11 09:15:00,2025-04-22 09:15:00,27,0.03413930819381331,0.03413930819381331,0.0,1.6,"BRITANNIA,NESTLEIND,ADANIPORTS,MARUTI,BAJAJ-AUTO",
E1006,501,2025-04-22 09:15:00,2025-04-29 09:15:00,27,0.017678182617581632,0.017678182617581632,0.0,1.2000000000000002,"HCLTECH,HINDUNILVR,SUNPHARMA,NESTLEIND,BAJAJ-AUTO",
E1006,506,2025-04-29 09:15:00,2025-05-07 09:15:00,27,-0.006495161697419064,-0.006495161697419064,0.0,0.8,"INFY,TCS,NESTLEIND,BAJAJ-AUTO,HCLTECH",
E1006,511,2025-05-07 09:15:00,2025-05-14 09:15:00,27,0.015245238168728924,0.015245238168728924,0.0,2.0,"ULTRACEMCO,ADANIPORTS,MARUTI,RELIANCE,DRREDDY",
E1006,516,2025-05-14 09:15:00,2025-05-21 09:15:00,27,-0.013077911887404302,-0.013077911887404302,0.0,2.0,"BRITANNIA,BHARTIARTL,HINDUNILVR,KOTAKBANK,M&M",
E1006,521,2025-05-21 09:15:00,2025-05-28 09:15:00,27,-0.011899532804433378,-0.011899532804433378,0.0,2.0,"ADANIPORTS,ULTRACEMCO,NESTLEIND,ITC,MARUTI",
E1006,526,2025-05-28 09:15:00,2025-06-04 09:15:00,27,-0.0070960880582276835,-0.0070960880582276835,0.0,2.0,"CIPLA,HINDUNILVR,HDFCBANK,HCLTECH,AXISBANK",
E1006,531,2025-06-04 09:15:00,2025-06-11 09:15:00,27,0.029196096441581172,0.029196096441581172,0.0,2.0,"NESTLEIND,ADANIPORTS,ONGC,BRITANNIA,RELIANCE",
E1006,536,2025-06-11 09:15:00,2025-06-18 09:15:00,27,0.009634226853722786,0.009634226853722786,0.0,2.0,"MARUTI,SUNPHARMA,WIPRO,DRREDDY,HCLTECH",
E1006,541,2025-06-18 09:15:00,2025-06-25 09:15:00,27,-0.0007075054595432019,-0.0007075054595432019,0.0,1.6,"DRREDDY,NESTLEIND,ADANIPORTS,AXISBANK,TCS",
E1006,546,2025-06-25 09:15:00,2025-07-02 09:15:00,27,0.0021155589711658093,0.0021155589711658093,0.0,1.6,"HDFCBANK,BHARTIARTL,ITC,ICICIBANK,DRREDDY",
E1006,551,2025-07-02 09:15:00,2025-07-09 09:15:00,27,0.013626497640911393,0.013626497640911393,0.0,1.6,"MARUTI,DRREDDY,INFY,BRITANNIA,HINDUNILVR",
E1006,556,2025-07-09 09:15:00,2025-07-16 09:15:00,27,-0.026328856632613154,-0.026328856632613154,0.0,2.0,"HCLTECH,ADANIPORTS,BPCL,CIPLA,WIPRO",
E1006,561,2025-07-16 09:15:00,2025-07-23 09:15:00,27,-0.010497120561341009,-0.010497120561341009,0.0,1.6,"CIPLA,HINDUNILVR,BAJAJ-AUTO,ITC,BRITANNIA",
E1006,566,2025-07-23 09:15:00,2025-07-30 09:15:00,27,-0.040097592642458726,-0.040097592642458726,0.0,1.6,"ICICIBANK,BRITANNIA,INFY,TECHM,NESTLEIND",
E1006,571,2025-07-30 09:15:00,2025-08-06 09:15:00,27,-0.0110838971376012,-0.0110838971376012,0.0,2.0,"LT,MARUTI,SUNPHARMA,ADANIPORTS,BHARTIARTL",
E1006,576,2025-08-06 09:15:00,2025-08-13 09:15:00,27,0.010023463238573702,0.010023463238573702,0.0,2.0,"BAJAJ-AUTO,BPCL,ULTRACEMCO,TECHM,M&M",
E1006,581,2025-08-13 09:15:00,2025-08-21 09:15:00,27,0.026255547727426286,0.026255547727426286,0.0,1.6,"TECHM,DRREDDY,WIPRO,INFY,ADANIPORTS",
E1006,586,2025-08-21 09:15:00,2025-08-29 09:15:00,27,-0.020221873032866003,-0.020221873032866003,0.0,1.6,"RELIANCE,LT,WIPRO,SUNPHARMA,BPCL",
E1006,591,2025-08-29 09:15:00,2025-09-05 09:15:00,27,0.00431048546634459,0.00431048546634459,0.0,1.6,"CIPLA,BPCL,SBIN,TECHM,TCS",
E1006,596,2025-09-05 09:15:00,2025-09-12 09:15:00,27,0.009830550176084748,0.009830550176084748,0.0,2.0,"LT,ULTRACEMCO,SUNPHARMA,WIPRO,INFY",
E1006,601,2025-09-12 09:15:00,2025-09-19 09:15:00,27,0.006488745926387955,0.006488745926387955,0.0,1.6,"AXISBANK,HINDUNILVR,WIPRO,HDFCBANK,ITC",
E1006,606,2025-09-19 09:15:00,2025-09-26 09:15:00,27,-0.03506940928927967,-0.03506940928927967,0.0,2.0,"ULTRACEMCO,NESTLEIND,ICICIBANK,BAJAJ-AUTO,CIPLA",
E1006,611,2025-09-26 09:15:00,2025-10-06 09:15:00,27,-0.0036716454637455284,-0.0036716454637455284,0.0,1.6,"LT,MARUTI,WIPRO,HINDUNILVR,CIPLA",
E1006,616,2025-10-06 09:15:00,2025-10-13 09:15:00,27,0.006479516880924874,0.006479516880924874,0.0,1.6,"BAJAJ-AUTO,ONGC,M&M,AXISBANK,CIPLA",
E1006,621,2025-10-13 09:15:00,2025-10-20 09:15:00,27,0.015464026497400363,0.015464026497400363,0.0,1.2000000000000002,"BAJAJ-AUTO,MARUTI,BHARTIARTL,BPCL,ONGC",
E1006,626,2025-10-20 09:15:00,2025-10-28 09:15:00,27,-0.0031545179925993334,-0.0031545179925993334,0.0,2.0,"NESTLEIND,KOTAKBANK,HCLTECH,SBIN,ICICIBANK",
E1006,631,2025-10-28 09:15:00,2025-11-04 09:15:00,27,-0.012423351495673775,-0.012423351495673775,0.0,1.2000000000000002,"BRITANNIA,TCS,ITC,SBIN,KOTAKBANK",
E1006,636,2025-11-04 09:15:00,2025-11-12 09:15:00,27,0.005219215649024766,0.005219215649024766,0.0,1.6,"BAJAJ-AUTO,NESTLEIND,CIPLA,SUNPHARMA,TCS",
E1006,641,2025-11-12 09:15:00,2025-11-19 09:15:00,27,0.006601147951985833,0.006601147951985833,0.0,1.6,"BRITANNIA,TCS,HINDUNILVR,BHARTIARTL,ADANIPORTS",
E1006,646,2025-11-19 09:15:00,2025-11-26 09:15:00,27,5.895984559987043e-05,5.895984559987043e-05,0.0,1.6,"HINDUNILVR,NESTLEIND,TECHM,ICICIBANK,BPCL",
E1006,651,2025-11-26 09:15:00,2025-12-03 09:15:00,27,-0.004154333652483279,-0.004154333652483279,0.0,1.6,"BRITANNIA,NESTLEIND,HCLTECH,HDFCBANK,ADANIPORTS",
E1006,656,2025-12-03 09:15:00,2025-12-10 09:15:00,27,-0.0033331383739759217,-0.0033331383739759217,0.0,2.0,"ONGC,M&M,KOTAKBANK,ULTRACEMCO,INFY",
E1006,661,2025-12-10 09:15:00,2025-12-17 09:15:00,27,0.0029483609546573546,0.0029483609546573546,0.0,2.0,"HDFCBANK,MARUTI,LT,TCS,ICICIBANK",
E1006,666,2025-12-17 09:15:00,2025-12-24 09:15:00,27,0.0003053216212310528,0.0003053216212310528,0.0,1.6,"SBIN,KOTAKBANK,ICICIBANK,CIPLA,BPCL",
E1006,671,2025-12-24 09:15:00,2026-01-01 09:15:00,27,-0.013374673736357083,-0.013374673736357083,0.0,1.6,"SUNPHARMA,DRREDDY,RELIANCE,ICICIBANK,INFY",
E1006,676,2026-01-01 09:15:00,2026-01-08 09:15:00,27,0.012982998157974351,0.012982998157974351,0.0,1.6,"SUNPHARMA,HCLTECH,TCS,BAJAJ-AUTO,CIPLA",
E1006,681,2026-01-08 09:15:00,2026-01-16 09:15:00,27,-0.02169654252338152,-0.02169654252338152,0.0,2.0,"MARUTI,ADANIPORTS,ITC,ULTRACEMCO,DRREDDY",
E1006,686,2026-01-16 09:15:00,2026-01-23 09:15:00,27,-0.019125571362549037,-0.019125571362549037,0.0,1.6,"WIPRO,TECHM,ONGC,MARUTI,BPCL",
E1006,691,2026-01-23 09:15:00,2026-02-01 09:15:00,27,0.014256941520275042,0.014256941520275042,0.0,2.0,"DRREDDY,TCS,NESTLEIND,AXISBANK,SBIN",
E1006,696,2026-02-01 09:15:00,2026-02-06 09:15:00,27,-0.03440590985083093,-0.03440590985083093,0.0,1.6,"NESTLEIND,ONGC,TECHM,INFY,MARUTI",
E1006,701,2026-02-06 09:15:00,2026-02-13 09:15:00,27,-0.012251661322669659,-0.012251661322669659,0.0,2.0,"HINDUNILVR,KOTAKBANK,ICICIBANK,HCLTECH,RELIANCE",
E1006,706,2026-02-13 09:15:00,2026-02-20 09:15:00,27,-0.017189020539969756,-0.017189020539969756,0.0,0.8,"ICICIBANK,TECHM,HINDUNILVR,BRITANNIA,HCLTECH",
E1006,711,2026-02-20 09:15:00,2026-02-27 09:15:00,27,0.006969799758616489,0.006969799758616489,0.0,2.0,"BPCL,MARUTI,BHARTIARTL,M&M,ONGC",
E1006,716,2026-02-27 09:15:00,2026-03-09 09:15:00,27,-0.054083660133040154,-0.054083660133040154,0.0,1.6,"NESTLEIND,ITC,MARUTI,RELIANCE,HINDUNILVR",
E1006,721,2026-03-09 09:15:00,2026-03-13 09:15:00,27,-0.03553599993614866,-0.03553599993614866,0.0,1.2000000000000002,"MARUTI,NESTLEIND,AXISBANK,LT,M&M",
