fold_id,rebalance_ts,next_rebalance_ts,universe_return,active_return,dispersion,active_weight,retained_names,excluded_losers
1,2016-05-26 10:15:00,2016-06-09 09:15:00,0.035613355241382275,0.04916887720152441,0.0044945297888407,0.25,LT|BAJAJ-AUTO|ONGC,SBIN|TCS|ADANIPORTS
1,2016-06-09 09:15:00,2016-06-23 09:15:00,-0.0016026461503562827,0.015088013627445399,0.0015000562765232,0.25,HCLTECH|SBIN|ICICIBANK,BHARTIARTL|INFY|HINDUNILVR
1,2016-06-23 09:15:00,2016-07-08 09:15:00,0.019574944617905685,-0.035321124958492746,0.0089125591137274,0.25,HCLTECH|SBIN|BHARTIARTL,BPCL|SUNPHARMA|TCS
1,2016-07-08 09:15:00,2016-07-22 09:15:00,0.021573161847643914,0.0594478885796409,0.0034332740518937996,0.25,SBIN|BHARTIARTL|ICICIBANK,NESTLEIND|KOTAKBANK|MARUTI
1,2016-07-22 09:15:00,2016-08-05 09:15:00,0.012982647614782631,-0.023867223812739022,0.0048669225834159,0.25,BHARTIARTL|NESTLEIND|LT,AXISBANK|ITC|SBIN
1,2016-08-05 09:15:00,2016-08-22 09:15:00,0.015507124780042179,0.11917344657680672,0.0042987464752604,0.25,BRITANNIA|ITC|HINDUNILVR,KOTAKBANK|HCLTECH|LT
1,2016-08-22 09:15:00,2016-09-06 09:15:00,0.012425533082259325,-0.00025596752814370375,0.0029958547001532,0.25,ITC|HINDUNILVR|BAJAJ-AUTO,TECHM|CIPLA|SUNPHARMA
1,2016-09-06 09:15:00,2016-09-21 09:15:00,-0.0015402439139780668,0.04228808666120577,0.0032802171954054004,0.25,RELIANCE|ADANIPORTS|AXISBANK,M&M|LT|ONGC
1,2016-09-21 09:15:00,2016-10-05 09:15:00,-0.006276033349761543,-0.024480660809016966,0.0113932879974523,0.25,BAJAJ-AUTO|DRREDDY|BPCL,BRITANNIA|SBIN|AXISBANK
1,2016-10-05 09:15:00,2016-10-21 09:15:00,-5.1078558084040584e-05,-0.044833304912060404,0.0013274888809797001,0.25,BAJAJ-AUTO|M&M|SBIN,DRREDDY|RELIANCE|TCS
1,2016-10-21 09:15:00,2016-11-04 09:15:00,-0.024768472010279947,-0.04207789546313798,0.0018725299977515003,0.25,M&M|RELIANCE|ICICIBANK,TCS|KOTAKBANK|BHARTIARTL
1,2016-11-04 09:15:00,2016-11-21 09:15:00,-0.04176858413664981,0.04780032662814726,0.0045340535493384,0.25,TECHM|DRREDDY|SUNPHARMA,BAJAJ-AUTO|BRITANNIA|HCLTECH
1,2016-11-21 09:15:00,2016-12-05 09:15:00,0.02019202951938295,-0.05813843562239479,0.0031553160701478004,0.25,SBIN|KOTAKBANK|BHARTIARTL,NESTLEIND|TECHM|HCLTECH
1,2016-12-05 09:15:00,2016-12-19 09:15:00,-0.0057458275294315145,0.02792230009674735,0.0034089898456035,0.25,SBIN|KOTAKBANK|TCS,BPCL|MARUTI|ADANIPORTS
1,2016-12-19 09:15:00,2017-01-02 09:15:00,0.003771955612074913,0.011311397984885044,0.0037972428149593,0.25,TCS|HINDUNILVR|BPCL,AXISBANK|LT|SUNPHARMA
1,2017-01-02 09:15:00,2017-01-16 09:15:00,0.023601382269207025,-0.025262760817242012,0.0016566214748923998,0.25,BPCL|TECHM|DRREDDY,HINDUNILVR|ULTRACEMCO|BAJAJ-AUTO
1,2017-01-16 09:15:00,2017-01-31 09:15:00,0.01919549393332944,0.034070958859328065,0.0019719580599436,0.25,BRITANNIA|ADANIPORTS|HINDUNILVR,HDFCBANK|HCLTECH|AXISBANK
1,2017-01-31 09:15:00,2017-02-14 09:15:00,0.02279072083631156,0.014119268097222595,0.0014649866242099,0.25,HINDUNILVR|HCLTECH|AXISBANK,SBIN|BHARTIARTL|RELIANCE
1,2017-02-14 09:15:00,2017-03-01 09:15:00,0.01528229745441591,0.060306701577231114,0.0013653347296863003,0.25,HDFCBANK|SUNPHARMA|BPCL,ONGC|MARUTI|BRITANNIA
1,2017-03-01 09:15:00,2017-03-16 09:15:00,0.01665274662518684,0.0433203941807789,0.0062091857008788,0.25,HDFCBANK|BPCL|RELIANCE,ULTRACEMCO|TECHM|AXISBANK
1,2017-03-16 09:15:00,2017-03-30 09:15:00,-0.001358969236963827,0.006137786863633834,0.0020256578027629,0.25,HDFCBANK|LT|CIPLA,SUNPHARMA|HCLTECH|INFY
1,2017-03-30 09:15:00,2017-04-17 09:15:00,-0.004014300470458632,0.030044292339884007,0.0008967022446334,0.25,HDFCBANK|LT|BPCL,ADANIPORTS|KOTAKBANK|MARUTI
1,2017-04-17 09:15:00,2017-05-02 09:15:00,0.01731412088376611,-0.01419608476893377,0.0039227039014586,0.25,LT|BPCL|INFY,RELIANCE|ADANIPORTS|DRREDDY
1,2017-05-02 09:15:00,2017-05-16 09:15:00,0.027056546838880976,-0.021705815905373405,0.0020235920297639,0.25,ONGC|TECHM|RELIANCE,HDFCBANK|NESTLEIND|BPCL
1,2017-05-16 09:15:00,2017-05-24 09:15:00,-0.01805114576293534,-0.05941594799011832,0.0007929903401438002,0.25,RELIANCE|ULTRACEMCO|DRREDDY,ITC|WIPRO|BHARTIARTL
2,2017-05-25 09:15:00,2017-06-08 09:15:00,0.020624460350768356,0.016296135571117042,0.0035398503484286,0.37186870339832145,TCS|DRREDDY|BHARTIARTL,MARUTI|NESTLEIND|ICICIBANK
2,2017-06-08 09:15:00,2017-06-22 09:15:00,-0.004493665191187895,-0.029473311942704524,0.0051108715163779,0.5,TCS|DRREDDY|BHARTIARTL,HCLTECH|SBIN|SUNPHARMA
2,2017-06-22 09:15:00,2017-07-07 09:15:00,5.226211759289267e-05,-0.011098761176108037,0.0056844915909126,0.5,ADANIPORTS|LT|ITC,HINDUNILVR|BAJAJ-AUTO|BRITANNIA
2,2017-07-07 09:15:00,2017-07-21 09:15:00,0.03559220238242534,0.02265649864823494,0.005573616421851901,0.5,BRITANNIA|NESTLEIND|ICICIBANK,M&M|ITC|BHARTIARTL
2,2017-07-21 09:15:00,2017-08-04 09:15:00,-0.003866232589799884,-0.0023164404669518287,0.0008636412625507,0.0,HCLTECH|MARUTI|BPCL,ULTRACEMCO|KOTAKBANK|BRITANNIA
2,2017-08-04 09:15:00,2017-08-21 09:15:00,-0.011774610322909973,-0.023303454645481458,0.0016264762267185998,0.0,HCLTECH|MARUTI|RELIANCE,BHARTIARTL|DRREDDY|SUNPHARMA
2,2017-08-21 09:15:00,2017-09-05 09:15:00,0.008609260830480735,0.044536365787785914,0.0034710066701654,0.35005038893070783,MARUTI|NESTLEIND|SUNPHARMA,ULTRACEMCO|ICICIBANK|INFY
2,2017-09-05 09:15:00,2017-09-19 09:15:00,0.01987599692796766,-0.03987547964642318,0.0069199380475287,0.5,BPCL|TECHM|M&M,BRITANNIA|SUNPHARMA|NESTLEIND
2,2017-09-19 09:15:00,2017-10-04 09:15:00,-0.017589696061379237,-0.06667836849266431,0.004128133705316,0.5,LT|RELIANCE|CIPLA,BPCL|INFY|SBIN
2,2017-10-04 09:15:00,2017-10-18 09:15:00,0.03676040472143175,0.015249234571054439,0.0033751553356265,0.3196726605485205,RELIANCE|DRREDDY|BPCL,ITC|ONGC|BRITANNIA
2,2017-10-18 09:15:00,2017-11-02 09:15:00,0.043117724529292384,0.20598368790327848,0.003917911417828,0.49168588208802766,BPCL|SBIN|AXISBANK,NESTLEIND|BAJAJ-AUTO|RELIANCE
2,2017-11-02 09:15:00,2017-11-16 09:15:00,-0.012133055916710869,-0.0620082305273248,0.0017537902845538,0.0,SBIN|BHARTIARTL|HINDUNILVR,WIPRO|AXISBANK|SUNPHARMA
2,2017-11-16 09:15:00,2017-11-30 09:15:00,0.007442321773679621,-0.03488921642808353,0.0116171060539305,0.5,BHARTIARTL|NESTLEIND|BPCL,M&M|SUNPHARMA|RELIANCE
2,2017-11-30 09:15:00,2017-12-14 09:15:00,0.0006234114830443202,-0.03488227804282895,0.0106953388558171,0.5,BPCL|WIPRO|ADANIPORTS,SUNPHARMA|M&M|NESTLEIND
2,2017-12-14 09:15:00,2017-12-29 09:15:00,0.028429162807191138,0.03860099911467821,0.0048131757042645,0.5,ADANIPORTS|M&M|DRREDDY,INFY|TECHM|WIPRO
2,2017-12-29 09:15:00,2018-01-12 09:15:00,0.015645966357521742,-0.0001625384110689149,0.0033135116924795,0.3001362205290228,M&M|DRREDDY|TECHM,BPCL|ADANIPORTS|ICICIBANK
2,2018-01-12 09:15:00,2018-01-29 09:15:00,0.03204052524163392,-0.0021627220448340507,0.0013007125750100436,0.0,DRREDDY|SBIN|BPCL,SUNPHARMA|RELIANCE|ICICIBANK
2,2018-01-29 09:15:00,2018-02-12 09:15:00,-0.04675775716990826,-0.08125006803093389,0.0030119385495013,0.2045600131780826,DRREDDY|SBIN|ULTRACEMCO,CIPLA|AXISBANK|TCS
2,2018-02-12 09:15:00,2018-02-27 09:15:00,-0.002258711740872028,-0.04480794850759487,0.004872282975047401,0.5,SBIN|ULTRACEMCO|BRITANNIA,SUNPHARMA|TECHM|WIPRO
2,2018-02-27 09:15:00,2018-03-14 09:15:00,-0.017861716544357736,0.026869770792924002,0.0022950971510501002,0.0,SBIN|BRITANNIA|TECHM,BHARTIARTL|HINDUNILVR|DRREDDY
2,2018-03-14 09:15:00,2018-03-28 09:15:00,-0.026299853168155862,-0.04693102053900693,0.0012216066187406998,0.0,ICICIBANK|LT|INFY,HCLTECH|SBIN|NESTLEIND
2,2018-03-28 09:15:00,2018-04-13 09:15:00,0.037049311624377614,-0.005452561053270824,0.0016188095833285995,0.0,INFY|ULTRACEMCO|DRREDDY,ADANIPORTS|NESTLEIND|BHARTIARTL
2,2018-04-13 09:15:00,2018-04-27 09:15:00,0.02633245054379518,0.05382985028488621,0.0043888979853975,0.5,INFY|HCLTECH|LT,BHARTIARTL|ADANIPORTS|RELIANCE
2,2018-04-27 09:15:00,2018-05-14 09:15:00,0.002316524066685987,-0.050043563734926196,0.0017793270621703002,0.0,HCLTECH|TCS|NESTLEIND,DRREDDY|RELIANCE|SBIN
2,2018-05-14 09:15:00,2018-05-21 09:15:00,-0.023213709970496425,-0.041650993137179106,0.0036625745700037005,0.4107631338917306,HCLTECH|DRREDDY|BRITANNIA,TECHM|BHARTIARTL|SUNPHARMA
3,2018-05-22 09:15:00,2018-06-05 09:15:00,0.015068965158108204,0.05664216665759511,0.0020216807868381004,0.0,SBIN|DRREDDY|INFY,AXISBANK|BHARTIARTL|ULTRACEMCO
3,2018-06-05 09:15:00,2018-06-19 09:15:00,0.02931523200762116,0.0025166893820294384,0.0028176144614267,0.08064686446343194,INFY|ULTRACEMCO|RELIANCE,BAJAJ-AUTO|KOTAKBANK|LT
3,2018-06-19 09:15:00,2018-07-03 09:15:00,-0.011716419232174723,-0.10159155660016715,0.0045594129153835004,0.5,BPCL|HINDUNILVR|TCS,ITC|DRREDDY|ICICIBANK
3,2018-07-03 09:15:00,2018-07-17 09:15:00,0.024506245720696627,0.03317999265361298,0.0019664796115867,0.0,HINDUNILVR|BAJAJ-AUTO|ONGC,BPCL|ULTRACEMCO|ICICIBANK
3,2018-07-17 09:15:00,2018-07-31 09:15:00,0.025584965788453106,0.03660019964505698,0.0016150263210463,0.0,CIPLA|ULTRACEMCO|BHARTIARTL,M&M|ICICIBANK|WIPRO
3,2018-07-31 09:15:00,2018-08-14 09:15:00,0.014614135980901864,-0.023246765549065195,0.0068613979006832,0.5,BPCL|MARUTI|RELIANCE,ULTRACEMCO|TECHM|BHARTIARTL
3,2018-08-14 09:15:00,2018-08-30 09:15:00,0.03267193250312913,-0.016927065794826897,0.0038871806058075,0.39596032424610783,BPCL|RELIANCE|AXISBANK,LT|SBIN|ONGC
3,2018-08-30 09:15:00,2018-09-14 09:15:00,-0.010411813576278928,-0.008268132056917692,0.0035273707310385,0.2898865698799711,AXISBANK|BHARTIARTL|WIPRO,DRREDDY|HDFCBANK|ULTRACEMCO
3,2018-09-14 09:15:00,2018-10-01 09:15:00,-0.042029371046255516,-0.014945660084720057,0.0031295411118969,0.17260440432658863,AXISBANK|TECHM|SUNPHARMA,RELIANCE|M&M|BPCL
3,2018-10-01 09:15:00,2018-10-16 09:15:00,-0.037396261157649324,0.007028470723588845,0.0038225277893834,0.37690034993925536,TECHM|DRREDDY|BRITANNIA,BAJAJ-AUTO|BHARTIARTL|LT
3,2018-10-16 09:15:00,2018-10-31 09:15:00,-0.030062462015354157,0.0035529177934579288,0.0016107561904957,0.0,BRITANNIA|HCLTECH|ADANIPORTS,SBIN|ULTRACEMCO|ONGC
3,2018-10-31 09:15:00,2018-11-15 09:15:00,0.04100558896656622,-0.02076376816163908,0.0035956055667619997,0.31000254142854233,INFY|M&M|AXISBANK,ULTRACEMCO|HINDUNILVR|DRREDDY
3,2018-11-15 09:15:00,2018-11-30 09:15:00,0.027279832807201174,0.05962911288212259,0.009216729834974999,0.5,M&M|BPCL|ULTRACEMCO,LT|WIPRO|NESTLEIND
3,2018-11-30 09:15:00,2018-12-14 09:15:00,-0.002633434229494539,0.026484659436006964,0.0028449827465664,0.0887151720861582,M&M|NESTLEIND|BHARTIARTL,AXISBANK|KOTAKBANK|HDFCBANK
3,2018-12-14 09:15:00,2018-12-31 09:15:00,0.00666023681902675,0.0022338851507265854,0.0016474004487251996,0.0,M&M|BHARTIARTL|ULTRACEMCO,HCLTECH|MARUTI|WIPRO
3,2018-12-31 09:15:00,2019-01-14 09:15:00,-0.01770681448647438,-0.042263349616058314,0.001335211066561,0.0,TCS|RELIANCE|KOTAKBANK,SBIN|M&M|DRREDDY
3,2019-01-14 09:15:00,2019-01-28 09:15:00,-0.0068496811063933575,-0.06726964982066416,0.0035287843441429998,0.29030331010788113,TCS|SUNPHARMA|ICICIBANK,NESTLEIND|BPCL|INFY
3,2019-01-28 09:15:00,2019-02-11 09:15:00,0.025912822288505995,-0.000624710245505769,0.0012315545261900001,0.0,ICICIBANK|HDFCBANK|ONGC,ULTRACEMCO|TCS|BHARTIARTL
3,2019-02-11 09:15:00,2019-02-25 09:15:00,-0.0051934081036607,-0.02163621695817244,0.0024853729186792997,0.0,BRITANNIA|NESTLEIND|ITC,CIPLA|LT|DRREDDY
3,2019-02-25 09:15:00,2019-03-12 09:15:00,0.03929858255174286,0.07956829524468106,0.0009160746386478002,0.0,ITC|ICICIBANK|M&M,BPCL|ADANIPORTS|ONGC
3,2019-03-12 09:15:00,2019-03-27 09:15:00,0.005632991069474248,-0.008084420727431395,0.0049624875084173,0.5,BAJAJ-AUTO|HCLTECH|SBIN,LT|BHARTIARTL|NESTLEIND
3,2019-03-27 09:15:00,2019-04-10 09:15:00,0.015226756186089119,-0.009902352289551412,0.001999886926739,0.0,SBIN|RELIANCE|CIPLA,ICICIBANK|BRITANNIA|ULTRACEMCO
3,2019-04-10 09:15:00,2019-04-26 09:15:00,0.016939633710750853,0.034182790033818106,0.0010622906261781998,0.0,TCS|SUNPHARMA|ITC,WIPRO|BRITANNIA|ONGC
3,2019-04-26 09:15:00,2019-05-14 09:15:00,-0.04405070517320068,-0.04119375441331607,0.0046508733869140995,0.5,CIPLA|BPCL|HDFCBANK,RELIANCE|ULTRACEMCO|M&M
3,2019-05-14 09:15:00,2019-05-21 09:15:00,0.05254864979796566,0.007329874274363565,0.0008583900223367001,0.0,HDFCBANK|TCS|WIPRO,KOTAKBANK|ADANIPORTS|ITC
4,2019-05-22 09:15:00,2019-06-06 09:15:00,0.02275292536243032,0.007251688325021247,0.0012411500956540002,0.0,SUNPHARMA|BPCL|ULTRACEMCO,BAJAJ-AUTO|DRREDDY|ICICIBANK
4,2019-06-06 09:15:00,2019-06-20 09:15:00,-0.024521843968569688,0.016641913932767483,0.0010215578259955003,0.0,TCS|AXISBANK|ICICIBANK,MARUTI|ULTRACEMCO|BHARTIARTL
4,2019-06-20 09:15:00,2019-07-04 09:15:00,0.014926483906153941,0.0009490726528740587,0.0010280738846317,0.0,AXISBANK|ONGC|BHARTIARTL,BPCL|WIPRO|ADANIPORTS
4,2019-07-04 09:15:00,2019-07-18 09:15:00,-0.0261819442928204,-0.013942326892709146,0.0033421080807029,0.26886792294857487,NESTLEIND|BRITANNIA|CIPLA,SBIN|KOTAKBANK|BHARTIARTL
4,2019-07-18 09:15:00,2019-08-01 09:15:00,-0.04571900277986115,-0.055542957447061114,0.0081237296324872,0.5,ONGC|HCLTECH|ICICIBANK,BRITANNIA|CIPLA|INFY
4,2019-08-01 09:15:00,2019-08-19 09:15:00,0.004444785914657151,-0.03845413150972889,0.0035606343065603,0.3354873608819806,CIPLA|SUNPHARMA|SBIN,TCS|HINDUNILVR|NESTLEIND
4,2019-08-19 09:15:00,2019-09-03 09:15:00,-0.005970883286344915,-0.006376766796350005,0.0042396818460199,0.5,SBIN|BPCL|MARUTI,NESTLEIND|CIPLA|ITC
4,2019-09-03 09:15:00,2019-09-18 09:15:00,-0.003373599414064767,-0.05307235530740155,0.0020015651760485003,0.0,SBIN|BRITANNIA|HCLTECH,ULTRACEMCO|ONGC|TECHM
4,2019-09-18 09:15:00,2019-10-03 09:15:00,0.04771812661344384,0.06912107441786483,0.0027884544468618,0.10008226003070386,BRITANNIA|BHARTIARTL|ULTRACEMCO,MARUTI|TCS|ADANIPORTS
4,2019-10-03 09:15:00,2019-10-18 09:15:00,0.03950918765574357,0.041686730076749945,0.0023484518996659005,0.0,AXISBANK|LT|SBIN,SUNPHARMA|INFY|HCLTECH
4,2019-10-18 09:15:00,2019-11-04 09:15:00,0.03281709953155682,-0.010787752849359133,0.00440831592497,0.5,LT|SBIN|BHARTIARTL,WIPRO|ICICIBANK|SUNPHARMA
4,2019-11-04 09:15:00,2019-11-19 09:15:00,-0.018050063373632044,-0.03409136713308387,0.0024158323518737998,0.0,LT|INFY|TCS,BHARTIARTL|ULTRACEMCO|TECHM
4,2019-11-19 09:15:00,2019-12-03 09:15:00,0.0028389798826894243,-0.012441589018156536,0.0038925600738342,0.43667754052582497,LT|HCLTECH|HINDUNILVR,AXISBANK|CIPLA|BHARTIARTL
4,2019-12-03 09:15:00,2019-12-17 09:15:00,-0.0008262333649880226,-0.03550194148285732,0.0029900422450141,0.161537885113904,BAJAJ-AUTO|BHARTIARTL|TECHM,DRREDDY|NESTLEIND|BRITANNIA
4,2019-12-17 09:15:00,2020-01-01 09:15:00,0.006749049410204011,0.022287053269618516,0.0034284822051175003,0.2951997538211113,HCLTECH|ONGC|SUNPHARMA,HINDUNILVR|SBIN|MARUTI
4,2020-01-01 09:15:00,2020-01-15 09:15:00,0.012391003410736416,-0.014846549189481991,0.0041435905854351005,0.5,ONGC|CIPLA|DRREDDY,WIPRO|LT|ADANIPORTS
4,2020-01-15 09:15:00,2020-01-29 09:15:00,0.004737358710509164,0.008303956018033416,0.0020641783820331,0.0,ICICIBANK|INFY|TCS,RELIANCE|BAJAJ-AUTO|SBIN
4,2020-01-29 09:15:00,2020-02-11 09:15:00,-0.006282870376470803,-0.04181194264497483,0.0011547264581216001,0.0,M&M|BPCL|DRREDDY,INFY|HINDUNILVR|ULTRACEMCO
4,2020-02-11 09:15:00,2020-02-26 09:15:00,-0.036449790168508626,-0.0883269771006755,0.0021276034553763,0.0,M&M|ONGC|ADANIPORTS,BAJAJ-AUTO|ICICIBANK|BPCL
4,2020-02-26 09:15:00,2020-03-12 09:15:00,-0.14313132014494723,-0.09946039672259997,0.0055521155676445996,0.5,BHARTIARTL|MARUTI|BAJAJ-AUTO,HINDUNILVR|NESTLEIND|SUNPHARMA
4,2020-03-12 09:15:00,2020-03-26 09:15:00,-0.11764165400901995,-0.20848492047724032,0.003714169016854299,0.3822936243541235,BHARTIARTL|MARUTI|BPCL,AXISBANK|KOTAKBANK|HDFCBANK
4,2020-03-26 09:15:00,2020-04-15 09:15:00,0.14170935737517001,0.07206562943988894,0.0089207003025989,0.5,ADANIPORTS|RELIANCE|DRREDDY,AXISBANK|HDFCBANK|ICICIBANK
4,2020-04-15 09:15:00,2020-04-29 09:15:00,-0.002401860312107647,-0.06708740565205468,0.0079109997492726,0.5,MARUTI|HINDUNILVR|ONGC,ADANIPORTS|LT|AXISBANK
4,2020-04-29 09:15:00,2020-05-14 09:15:00,-0.005316469278502617,-0.06040634035814545,0.006093578724199701,0.5,HINDUNILVR|ONGC|HDFCBANK,CIPLA|BHARTIARTL|DRREDDY
4,2020-05-14 09:15:00,2020-05-21 09:15:00,-0.003383200212381123,0.007843236761210811,0.0213480250010416,0.5,HINDUNILVR|M&M|WIPRO,ICICIBANK|CIPLA|KOTAKBANK
5,2020-05-22 09:15:00,2020-06-08 09:15:00,0.125835307344491,0.06557738557991365,0.0020476431944018,0.0,ULTRACEMCO|ONGC|LT,HDFCBANK|ITC|HCLTECH
5,2020-06-08 09:15:00,2020-06-22 09:15:00,-0.01094933260751992,-0.016083131624992357,0.0016199128510667,0.0,ULTRACEMCO|ONGC|ADANIPORTS,SUNPHARMA|BPCL|BRITANNIA
5,2020-06-22 09:15:00,2020-07-06 09:15:00,0.030759547821579206,0.025976810423145567,0.0048937433813544,0.5,ADANIPORTS|BAJAJ-AUTO|SBIN,ICICIBANK|KOTAKBANK|RELIANCE
5,2020-07-06 09:15:00,2020-07-20 09:15:00,0.030135149743666538,0.04063606667188109,0.0115190763159014,0.5,TECHM|M&M|ITC,TCS|HCLTECH|RELIANCE
5,2020-07-20 09:15:00,2020-08-03 09:15:00,0.012018087817596501,0.04549935225708058,0.0025093459770732,0.0040532850702048595,M&M|ITC|MARUTI,AXISBANK|DRREDDY|BRITANNIA
5,2020-08-03 09:15:00,2020-08-17 09:15:00,0.0224716073012071,0.01712425028098157,0.0060817486260675005,0.5,M&M|SBIN|ICICIBANK,WIPRO|TCS|BAJAJ-AUTO
5,2020-08-17 09:15:00,2020-08-31 09:15:00,0.036342102018769314,0.016230830312836935,0.0083865787662786,0.5,RELIANCE|BAJAJ-AUTO|INFY,BPCL|BHARTIARTL|AXISBANK
5,2020-08-31 09:15:00,2020-09-14 09:15:00,-0.027214846261836175,-0.06273999939161799,0.0013763671066280999,0.0,BAJAJ-AUTO|ONGC|ADANIPORTS,ICICIBANK|SUNPHARMA|AXISBANK
5,2020-09-14 09:15:00,2020-09-28 09:15:00,-0.014138925640684592,0.03906434949986286,0.0025353402986748,0.011864525041075491,ONGC|HCLTECH|MARUTI,HINDUNILVR|RELIANCE|TECHM
5,2020-09-28 09:15:00,2020-10-13 09:15:00,0.05426202540221233,-0.04761410574593619,0.0047210225156176,0.5,ONGC|BHARTIARTL|BPCL,HCLTECH|ULTRACEMCO|M&M
5,2020-10-13 09:15:00,2020-10-27 09:15:00,-0.01682662406195323,0.009257261492124172,0.004719758684924399,0.5,ADANIPORTS|KOTAKBANK|SBIN,MARUTI|BHARTIARTL|ULTRACEMCO
5,2020-10-27 09:15:00,2020-11-10 09:15:00,0.04982115291549816,0.12995799876010852,0.0099298771810774,0.5,KOTAKBANK|BPCL|HINDUNILVR,ADANIPORTS|ULTRACEMCO|LT
5,2020-11-10 09:15:00,2020-11-24 09:15:00,0.0443409172899281,0.04014786607269449,0.0114710672597984,0.5,SBIN|ICICIBANK|AXISBANK,ONGC|CIPLA|WIPRO
5,2020-11-24 09:15:00,2020-12-09 09:15:00,0.05195483432165551,0.04297193664822781,0.0094546393350623,0.5,M&M|MARUTI|TECHM,BAJAJ-AUTO|BPCL|ADANIPORTS
5,2020-12-09 09:15:00,2020-12-23 09:15:00,0.0015160104814403853,-0.006685713496118046,0.0031386826351416995,0.19316765142998282,BRITANNIA|BAJAJ-AUTO|ONGC,INFY|LT|RELIANCE
5,2020-12-23 09:15:00,2021-01-07 09:15:00,0.0502579157693236,0.11244865960757419,0.0008356112916074999,0.0,BAJAJ-AUTO|ONGC|AXISBANK,CIPLA|TECHM|SUNPHARMA
5,2021-01-07 09:15:00,2021-01-21 09:15:00,0.040472655801544806,0.03231878099478492,0.0033103196422084,0.24474421767503196,BAJAJ-AUTO|SBIN|ULTRACEMCO,AXISBANK|WIPRO|ADANIPORTS
5,2021-01-21 09:15:00,2021-02-05 09:15:00,0.01866845404116198,0.12423033469984945,0.0044142767149902,0.5,BAJAJ-AUTO|ADANIPORTS|AXISBANK,MARUTI|ONGC|RELIANCE
5,2021-02-05 09:15:00,2021-02-19 09:15:00,0.012152297525734752,0.05998494968122027,0.006380762326102,0.5,ADANIPORTS|AXISBANK|M&M,BAJAJ-AUTO|DRREDDY|SBIN
5,2021-02-19 09:15:00,2021-03-05 09:15:00,-0.0001054736423712837,-0.026033923841984222,0.0037210013964186998,0.3681532368816478,BAJAJ-AUTO|BPCL|ULTRACEMCO,ONGC|CIPLA|TECHM
5,2021-03-05 09:15:00,2021-03-22 09:15:00,-0.021300006122367796,-0.06085371699523641,0.0021854224875207003,0.0,RELIANCE|NESTLEIND|DRREDDY,WIPRO|BPCL|ONGC
5,2021-03-22 09:15:00,2021-04-07 09:15:00,0.013729588128483983,0.04413650808434193,0.0015603101156278,0.0,TCS|BHARTIARTL|CIPLA,ICICIBANK|RELIANCE|ULTRACEMCO
5,2021-04-07 09:15:00,2021-04-23 09:15:00,-0.015473839678688308,-0.13426829706643922,0.0208715568071809,0.5,TCS|ADANIPORTS|TECHM,HDFCBANK|SBIN|KOTAKBANK
5,2021-04-23 09:15:00,2021-05-07 09:15:00,0.021235563499594164,-0.0073489549349716275,0.0060361169827414,0.5,TCS|ADANIPORTS|BRITANNIA,DRREDDY|SBIN|WIPRO
5,2021-05-07 09:15:00,2021-05-17 09:15:00,-0.00016591580929696897,0.0021955634913232635,0.0043533789614217,0.5,ADANIPORTS|SUNPHARMA|CIPLA,NESTLEIND|M&M|RELIANCE
6,2021-05-18 09:15:00,2021-06-01 09:15:00,0.03523226781940913,0.07807864300605491,0.0028151724026965,0.07580838611976704,SBIN|HCLTECH|MARUTI,ULTRACEMCO|BAJAJ-AUTO|RELIANCE
6,2021-06-01 09:15:00,2021-06-15 09:15:00,0.016777356872094733,-0.025314145271173576,0.0036003128421346,0.30612307610063594,BAJAJ-AUTO|TECHM|TCS,ADANIPORTS|M&M|RELIANCE
6,2021-06-15 09:15:00,2021-06-29 09:15:00,-0.005706774834309953,-0.014218078767695746,0.0019544566404388003,0.0,TECHM|DRREDDY|ONGC,ADANIPORTS|ULTRACEMCO|ITC
6,2021-06-29 09:15:00,2021-07-13 09:15:00,-0.008415222751683667,-0.011412693568085127,0.0039887364468105995,0.42006404461860924,DRREDDY|LT|WIPRO,BPCL|KOTAKBANK|ONGC
6,2021-07-13 09:15:00,2021-07-28 09:15:00,-0.007272148102435133,0.055415603787077064,0.0034789578640943997,0.2705245605472062,ULTRACEMCO|BHARTIARTL|MARUTI,INFY|ICICIBANK|ADANIPORTS
6,2021-07-28 09:15:00,2021-08-11 09:15:00,0.03532093866984956,0.0768447164415892,0.0031830046636012995,0.18370904806488397,HDFCBANK|SUNPHARMA|NESTLEIND,BAJAJ-AUTO|LT|DRREDDY
6,2021-08-11 09:15:00,2021-08-26 09:15:00,0.024012574956287273,0.0028704018361779006,0.0017412588386706998,0.0,HDFCBANK|AXISBANK|BRITANNIA,ONGC|RELIANCE|BAJAJ-AUTO
6,2021-08-26 09:15:00,2021-09-09 09:15:00,0.037314854225357505,0.045874388563588823,0.0016170724729339,0.0,HDFCBANK|AXISBANK|TCS,SBIN|ADANIPORTS|BHARTIARTL
6,2021-09-09 09:15:00,2021-09-24 09:15:00,0.0310159109522022,0.11816775980904214,0.0031224243764955,0.16593830369498552,KOTAKBANK|ONGC|BPCL,INFY|HDFCBANK|WIPRO
6,2021-09-24 09:15:00,2021-10-08 09:15:00,0.004041241805725305,0.009142621808770887,0.003951093901227699,0.40902190390016546,KOTAKBANK|ONGC|SBIN,HINDUNILVR|INFY|WIPRO
6,2021-10-08 09:15:00,2021-10-25 09:15:00,-0.004263121541419271,-0.03822843856624669,0.0077487837950115,0.5,SUNPHARMA|BPCL|ICICIBANK,RELIANCE|DRREDDY|ONGC
6,2021-10-25 09:15:00,2021-11-09 09:15:00,0.008555046564576048,-0.06824902106129117,0.0005477069578848999,0.0,HDFCBANK|AXISBANK|KOTAKBANK,TCS|RELIANCE|ICICIBANK
6,2021-11-09 09:15:00,2021-11-24 09:15:00,-0.021907294363544064,-0.02542799583235961,0.0020808796081188,0.0,KOTAKBANK|CIPLA|BPCL,HDFCBANK|LT|BRITANNIA
6,2021-11-24 09:15:00,2021-12-08 09:15:00,-0.016218372322609233,-0.01722468787827662,0.0033320540372973996,0.22743149384697559,CIPLA|BPCL|ITC,INFY|ONGC|AXISBANK
6,2021-12-08 09:15:00,2021-12-22 09:15:00,-0.015543437106880961,-0.013980180438238888,0.0021730659617953995,0.0,CIPLA|M&M|ULTRACEMCO,BRITANNIA|BPCL|WIPRO
6,2021-12-22 09:15:00,2022-01-05 09:15:00,0.05312600265285312,0.03937315716402344,0.0015462052565762,0.0,M&M|AXISBANK|NESTLEIND,HCLTECH|DRREDDY|CIPLA
6,2022-01-05 09:15:00,2022-01-19 09:15:00,0.0034558540562512905,-0.05076780237608085,0.0013344747492391998,0.0,NESTLEIND|WIPRO|BPCL,TCS|BRITANNIA|KOTAKBANK
6,2022-01-19 09:15:00,2022-02-03 09:15:00,-0.003135387256991695,-0.01231494093033297,0.0011248504577501999,0.0,ICICIBANK|BAJAJ-AUTO|KOTAKBANK,M&M|ONGC|ADANIPORTS
6,2022-02-03 09:15:00,2022-02-17 09:15:00,-0.01965757928175787,-0.005963668728610576,0.0015296606783269003,0.0,ADANIPORTS|CIPLA|NESTLEIND,BPCL|M&M|BAJAJ-AUTO
6,2022-02-17 09:15:00,2022-03-04 09:15:00,-0.07257509530822162,-0.0703147505620633,0.0035062061228234996,0.2785176200643067,ADANIPORTS|AXISBANK|ONGC,ITC|INFY|ICICIBANK
6,2022-03-04 09:15:00,2022-03-21 09:15:00,0.06693643653732145,0.056067361456147574,0.0012095792509782002,0.0,ULTRACEMCO|DRREDDY|BHARTIARTL,KOTAKBANK|ITC|CIPLA
6,2022-03-21 09:15:00,2022-04-04 09:15:00,0.023273669151874423,-0.004250461971451489,0.0033543032093799,0.2339581111413025,ULTRACEMCO|WIPRO|BAJAJ-AUTO,SUNPHARMA|MARUTI|ONGC
6,2022-04-04 09:15:00,2022-04-20 09:15:00,-0.018443897918741813,0.053119266576573114,0.007230985076078699,0.5,ONGC|ITC|HDFCBANK,SUNPHARMA|TECHM|CIPLA
6,2022-04-20 09:15:00,2022-05-05 09:15:00,-0.017632799505541596,-0.04130778578615799,0.004922865207643101,0.5,ONGC|ICICIBANK|MARUTI,RELIANCE|HINDUNILVR|ITC
6,2022-05-05 09:15:00,2022-05-12 09:15:00,-0.05303320123386874,-0.10921847686263896,0.0006925343973607999,0.0,RELIANCE|ULTRACEMCO|SUNPHARMA,KOTAKBANK|MARUTI|SBIN
7,2022-05-13 09:15:00,2022-05-27 09:15:00,0.021261567924365857,0.04169612130007117,0.0018369684813237,0.0,RELIANCE|LT|MARUTI,ITC|SUNPHARMA|DRREDDY
7,2022-05-27 09:15:00,2022-06-10 09:15:00,-0.0029888202657695536,0.0019893001261888587,0.001972870101334,0.0,BAJAJ-AUTO|CIPLA|BPCL,M&M|KOTAKBANK|HINDUNILVR
7,2022-06-10 09:15:00,2022-06-24 09:15:00,-0.027113936418964115,-0.05292238165331839,0.0036928331526278,0.36136758036453087,BPCL|ADANIPORTS|LT,MARUTI|CIPLA|DRREDDY
7,2022-06-24 09:15:00,2022-07-08 09:15:00,0.03793137088119337,0.00797588151099052,0.0015992701390499004,0.0,DRREDDY|HCLTECH|CIPLA,BHARTIARTL|ITC|ADANIPORTS
7,2022-07-08 09:15:00,2022-07-22 09:15:00,0.023467804499438267,0.045629196833873335,0.0034439195523604995,0.28645639585784854,ULTRACEMCO|LT|HINDUNILVR,AXISBANK|BRITANNIA|ADANIPORTS
7,2022-07-22 09:15:00,2022-08-05 09:15:00,0.03673694909939053,0.03900173402698704,0.0010061307555055,0.0,LT|ONGC|INFY,TECHM|ULTRACEMCO|KOTAKBANK
7,2022-08-05 09:15:00,2022-08-23 09:15:00,-0.0037728955050376437,0.028605358687542437,0.0012821249288454996,0.0,BHARTIARTL|HINDUNILVR|ADANIPORTS,BAJAJ-AUTO|BPCL|HCLTECH
7,2022-08-23 09:15:00,2022-09-07 09:15:00,-0.0002609336503627474,0.023782274668413754,0.0035406991646916,0.31558246766764464,ADANIPORTS|KOTAKBANK|CIPLA,TCS|WIPRO|HDFCBANK
7,2022-09-07 09:15:00,2022-09-21 09:15:00,0.01595958268599659,0.054606508964999106,0.0021280387855886996,0.0,ADANIPORTS|MARUTI|SBIN,BHARTIARTL|ULTRACEMCO|TECHM
7,2022-09-21 09:15:00,2022-10-06 09:15:00,-0.010726821228922372,-0.11624068702237365,0.0024437731318434,0.0,ADANIPORTS|RELIANCE|DRREDDY,HDFCBANK|CIPLA|SBIN
7,2022-10-06 09:15:00,2022-10-20 09:15:00,-9.505287069872999e-05,-0.020006110634483792,0.0006361239346504,0.0,SUNPHARMA|BPCL|BAJAJ-AUTO,ADANIPORTS|RELIANCE|LT
7,2022-10-20 09:15:00,2022-11-04 09:15:00,0.03703733050499288,0.03864193500339322,0.0004905768573506,0.0,SUNPHARMA|BPCL|SBIN,CIPLA|HCLTECH|ITC
7,2022-11-04 09:15:00,2022-11-21 09:15:00,0.002468985221960838,0.022320913312672677,0.0008869338910561999,0.0,SBIN|KOTAKBANK|RELIANCE,AXISBANK|ITC|ULTRACEMCO
7,2022-11-21 09:15:00,2022-12-05 09:15:00,0.027058060024728905,0.08785258760208291,0.0043468715412046,0.5,BPCL|ITC|INFY,MARUTI|ULTRACEMCO|HINDUNILVR
7,2022-12-05 09:15:00,2022-12-19 09:15:00,-0.013448902906994646,-0.018251868425114202,0.0014922298628425,0.0,ITC|ADANIPORTS|BAJAJ-AUTO,M&M|ONGC|MARUTI
7,2022-12-19 09:15:00,2023-01-02 09:15:00,-0.01278471948496351,-0.0061939443997141965,0.0016996663948029,0.0,ONGC|BHARTIARTL|INFY,ULTRACEMCO|BAJAJ-AUTO|CIPLA
7,2023-01-02 09:15:00,2023-01-16 09:15:00,0.003493650446628025,0.03806183073236265,0.0005717470038112,0.0,INFY|ULTRACEMCO|WIPRO,TECHM|BPCL|BAJAJ-AUTO
7,2023-01-16 09:15:00,2023-01-31 09:15:00,-0.01819230048053663,-0.024447125999204396,0.0008368145713664,0.0,ULTRACEMCO|WIPRO|HINDUNILVR,TECHM|SBIN|BPCL
7,2023-01-31 09:15:00,2023-02-14 09:15:00,0.015954443782050395,-0.06543403400375482,0.0015815693071498,0.0,ADANIPORTS|ONGC|HCLTECH,MARUTI|BHARTIARTL|TECHM
7,2023-02-14 09:15:00,2023-02-28 09:15:00,-0.02263784562137156,-0.06244162800802038,0.0013390713581051,0.0,ADANIPORTS|HCLTECH|M&M,SUNPHARMA|RELIANCE|NESTLEIND
7,2023-02-28 09:15:00,2023-03-15 09:15:00,-0.0060346927230571015,0.007245512856893779,0.012225488753102,0.5,ADANIPORTS|CIPLA|BRITANNIA,ITC|M&M|BAJAJ-AUTO
7,2023-03-15 09:15:00,2023-03-29 09:15:00,-0.006409726271506768,-0.06409478408639215,0.0082361372273587,0.5,ADANIPORTS|KOTAKBANK|M&M,BPCL|LT|MARUTI
7,2023-03-29 09:15:00,2023-04-18 09:15:00,0.03313247857320131,0.007921806965290094,0.0004841593447458001,0.0,HINDUNILVR|BPCL|TECHM,HCLTECH|ULTRACEMCO|WIPRO
7,2023-04-18 09:15:00,2023-05-03 09:15:00,0.026659135866970114,0.04690643982484704,0.0030979719432288003,0.18234257825414768,HINDUNILVR|BPCL|RELIANCE,TCS|HCLTECH|SUNPHARMA
7,2023-05-03 09:15:00,2023-05-10 09:15:00,0.009893847433825046,0.030574422553676157,0.0035195560706041,0.309219399436218,BPCL|MARUTI|ONGC,RELIANCE|HINDUNILVR|ULTRACEMCO
8,2023-05-11 09:15:00,2023-05-25 09:15:00,0.002405120697259371,0.020893855380373492,0.0022590242344706,0.0,HCLTECH|HINDUNILVR|DRREDDY,KOTAKBANK|CIPLA|NESTLEIND
8,2023-05-25 09:15:00,2023-06-08 09:15:00,0.027441362743184865,0.030570126191385237,0.0008234948128757,0.0,NESTLEIND|CIPLA|M&M,TCS|BPCL|ADANIPORTS
8,2023-06-08 09:15:00,2023-06-22 09:15:00,0.003878361264925052,0.022982623239798917,0.005600815439000899,0.5,NESTLEIND|CIPLA|ONGC,RELIANCE|KOTAKBANK|M&M
8,2023-06-22 09:15:00,2023-07-07 09:15:00,0.03655462308925409,0.015710035630245686,0.0019162226473580998,0.0,CIPLA|WIPRO|BRITANNIA,ITC|BHARTIARTL|M&M
8,2023-07-07 09:15:00,2023-07-21 09:15:00,0.010441973828980333,0.02909689222455231,0.0018301565103802002,0.0,BRITANNIA|SUNPHARMA|MARUTI,RELIANCE|TECHM|ADANIPORTS
8,2023-07-21 09:15:00,2023-08-04 09:15:00,-0.007832115494163508,-0.055687367964084494,0.0026376146422894,0.09035722909918287,ITC|WIPRO|LT,ADANIPORTS|BRITANNIA|KOTAKBANK
8,2023-08-04 09:15:00,2023-08-21 09:15:00,-0.0011006107815484843,0.01846602772590674,0.0005012367109373998,0.0,HCLTECH|TCS|RELIANCE,ICICIBANK|BAJAJ-AUTO|SUNPHARMA
8,2023-08-21 09:15:00,2023-09-04 09:15:00,0.005207910569067088,0.014321734767748305,0.0010298558487995,0.0,RELIANCE|M&M|WIPRO,SUNPHARMA|TECHM|KOTAKBANK
8,2023-09-04 09:15:00,2023-09-18 09:15:00,0.041335006447782846,0.0206559443247128,0.009677973477392798,0.5,ULTRACEMCO|ONGC|DRREDDY,BAJAJ-AUTO|LT|MARUTI
8,2023-09-18 09:15:00,2023-10-04 09:15:00,-0.03727681443142141,-0.044253203261933154,0.004420124109120601,0.5,ULTRACEMCO|DRREDDY|BAJAJ-AUTO,LT|CIPLA|BPCL
8,2023-10-04 09:15:00,2023-10-18 09:15:00,0.022053132726183453,0.024573412987194728,0.0027359501689029,0.12168742015211176,NESTLEIND|SUNPHARMA|BHARTIARTL,BPCL|MARUTI|ULTRACEMCO
8,2023-10-18 09:15:00,2023-11-02 09:15:00,-0.027704734224541453,-0.03265255365101877,0.0045432239990683,0.5,BHARTIARTL|ICICIBANK|MARUTI,LT|BPCL|RELIANCE
8,2023-11-02 09:15:00,2023-11-16 09:15:00,0.03677733303693585,0.043798569943830704,0.0031231627862586004,0.24505529845249918,ADANIPORTS|CIPLA|SUNPHARMA,BRITANNIA|BPCL|AXISBANK
8,2023-11-16 09:15:00,2023-12-01 09:15:00,0.03033136835475409,0.07123378043715572,0.0057729563168554,0.5,CIPLA|BHARTIARTL|ITC,BAJAJ-AUTO|TCS|SUNPHARMA
8,2023-12-01 09:15:00,2023-12-15 09:15:00,0.05117590123844848,0.07052578429340851,0.0017053755208998,0.0,BAJAJ-AUTO|SBIN|M&M,INFY|HCLTECH|AXISBANK
8,2023-12-15 09:15:00,2024-01-01 09:15:00,0.02171306614021309,0.05873927599458963,0.0029478467948862,0.18919874595830743,WIPRO|TCS|HCLTECH,AXISBANK|SUNPHARMA|NESTLEIND
8,2024-01-01 09:15:00,2024-01-15 09:15:00,0.022819283951986003,-0.018032673131511637,0.006637269283096,0.5,BRITANNIA|BPCL|BAJAJ-AUTO,SUNPHARMA|CIPLA|INFY
8,2024-01-15 09:15:00,2024-01-30 09:15:00,0.010655037452938663,-0.037557580952467515,0.0042862407441520995,0.5,WIPRO|HCLTECH|INFY,ONGC|BHARTIARTL|CIPLA
8,2024-01-30 09:15:00,2024-02-13 09:15:00,0.017387391023770706,0.044913042528730095,0.0061724614549303995,0.5,INFY|ONGC|BPCL,BAJAJ-AUTO|TECHM|CIPLA
8,2024-02-13 09:15:00,2024-02-27 09:15:00,0.025550330923998516,0.041729238171682746,0.0028943593877905002,0.17215739029627342,SBIN|ITC|BAJAJ-AUTO,HDFCBANK|ONGC|HCLTECH
8,2024-02-27 09:15:00,2024-03-12 09:15:00,0.007865083669322502,0.0016663971299787418,0.0014704118837231002,0.0,SBIN|ITC|DRREDDY,BAJAJ-AUTO|WIPRO|LT
8,2024-03-12 09:15:00,2024-03-27 09:15:00,-0.011023886255434316,-0.02400880576531083,0.0014270220909712002,0.0,ITC|DRREDDY|HDFCBANK,NESTLEIND|SBIN|HCLTECH
8,2024-03-27 09:15:00,2024-04-12 09:15:00,0.008806898404961915,0.012695647525599622,0.0016862429695185999,0.0,ADANIPORTS|RELIANCE|BAJAJ-AUTO,INFY|BRITANNIA|KOTAKBANK
8,2024-04-12 09:15:00,2024-04-29 09:15:00,-0.004927610976593642,0.014294834456603237,0.0024811691926401,0.04051292566509668,BPCL|HDFCBANK|INFY,BAJAJ-AUTO|MARUTI|NESTLEIND
8,2024-04-29 09:15:00,2024-05-07 09:15:00,0.0014961025276212852,0.02768354088474256,0.0014131951046151,0.0,ICICIBANK|BRITANNIA|TECHM,BAJAJ-AUTO|SUNPHARMA|ULTRACEMCO
9,2024-05-08 09:15:00,2024-05-22 09:15:00,0.015933175397988525,-0.03368278689171471,0.002160739605987,0.0,DRREDDY|BPCL|LT,WIPRO|CIPLA|TECHM
9,2024-05-22 09:15:00,2024-06-05 09:15:00,-0.015316702410205852,0.0786119142790129,0.0020294061493710998,0.0,DRREDDY|HINDUNILVR|KOTAKBANK,BRITANNIA|SUNPHARMA|CIPLA
9,2024-06-05 09:15:00,2024-06-20 09:15:00,0.0591123753780528,0.10786134238348742,0.0119581077614836,0.5,LT|BPCL|ADANIPORTS,BHARTIARTL|RELIANCE|HINDUNILVR
9,2024-06-20 09:15:00,2024-07-04 09:15:00,0.03269225392676123,-0.01539835257893882,0.004381897714412299,0.5,BAJAJ-AUTO|DRREDDY|SBIN,MARUTI|HDFCBANK|M&M
9,2024-07-04 09:15:00,2024-07-19 09:15:00,0.033443138795269736,-0.06480425986793202,0.0058981597032406,0.5,HDFCBANK|ICICIBANK|RELIANCE,INFY|KOTAKBANK|SBIN
9,2024-07-19 09:15:00,2024-08-02 09:15:00,0.00438455043916038,-0.09137396832614564,0.0034022793126784,0.363692030914893,RELIANCE|WIPRO|SUNPHARMA,ICICIBANK|ADANIPORTS|ITC
9,2024-08-02 09:15:00,2024-08-19 09:15:00,-1.2442433684075646e-05,-0.03171920905248761,0.0007860280343802996,0.0,WIPRO|ADANIPORTS|HCLTECH,BAJAJ-AUTO|SBIN|SUNPHARMA
9,2024-08-19 09:15:00,2024-09-02 09:15:00,0.026978062610362827,0.01609884015679868,0.0024976399325771998,0.0675700562386391,ICICIBANK|M&M|BAJAJ-AUTO,DRREDDY|NESTLEIND|BPCL
9,2024-09-02 09:15:00,2024-09-16 09:15:00,0.003165816899943009,0.013940915523461994,0.0009874966169185998,0.0,ICICIBANK|M&M|HDFCBANK,ONGC|DRREDDY|NESTLEIND
9,2024-09-16 09:15:00,2024-09-30 09:15:00,0.022549035280989487,0.03490978622032749,0.0047659184688906,0.5,HDFCBANK|HINDUNILVR|AXISBANK,NESTLEIND|BAJAJ-AUTO|BRITANNIA
9,2024-09-30 09:15:00,2024-10-15 09:15:00,-0.02947203372819193,-0.03829533940070447,0.0038886877314573,0.5,BPCL|HCLTECH|INFY,BHARTIARTL|AXISBANK|ICICIBANK
9,2024-10-15 09:15:00,2024-10-29 09:15:00,-0.0443321992675092,-0.04298763006660027,0.0027760721902475,0.1587112466052064,HCLTECH|ONGC|WIPRO,MARUTI|BAJAJ-AUTO|M&M
9,2024-10-29 09:15:00,2024-11-12 09:15:00,0.006922283611906429,0.0003378794319567367,0.0016908225475595,0.0,HDFCBANK|DRREDDY|AXISBANK,BAJAJ-AUTO|HINDUNILVR|LT
9,2024-11-12 09:15:00,2024-11-28 09:15:00,-0.0074245493256532066,0.0005362751051272638,0.0022950259663195,0.0012470007703861974,HDFCBANK|ICICIBANK|SUNPHARMA,INFY|LT|CIPLA
9,2024-11-28 09:15:00,2024-12-12 09:15:00,0.013806788690068243,0.04213517732058327,0.0031451605769913004,0.2795275456927173,INFY|SBIN|TECHM,ADANIPORTS|HDFCBANK|HCLTECH
9,2024-12-12 09:15:00,2024-12-27 09:15:00,-0.015889147907210636,-0.053326477384204804,0.005084598617502299,0.5,SBIN|TECHM|SUNPHARMA,BAJAJ-AUTO|BPCL|MARUTI
9,2024-12-27 09:15:00,2025-01-10 09:15:00,-0.00876976445320102,-0.03902387184808987,0.0015596599477483001,0.0,SBIN|LT|BAJAJ-AUTO,TECHM|TCS|M&M
9,2025-01-10 09:15:00,2025-01-24 09:15:00,-0.011975090592536949,-0.03537216917520719,0.0030931761282586004,0.26251111024916884,TCS|M&M|ADANIPORTS,LT|ICICIBANK|BHARTIARTL
9,2025-01-24 09:15:00,2025-02-06 09:15:00,0.01392514791290849,0.004668338229840324,0.0016160120207638997,0.0,M&M|KOTAKBANK|ULTRACEMCO,BHARTIARTL|MARUTI|HINDUNILVR
9,2025-02-06 09:15:00,2025-02-20 09:15:00,-0.03256543457060083,-0.033977715258346884,0.0015289545017181999,0.0,BRITANNIA|BPCL|SBIN,M&M|ITC|TECHM
9,2025-02-20 09:15:00,2025-03-07 09:15:00,-0.02550008716154712,-0.03011893991805707,0.0034323941647953,0.3735497373911931,BPCL|SUNPHARMA|M&M,MARUTI|HDFCBANK|AXISBANK
9,2025-03-07 09:15:00,2025-03-24 09:15:00,0.0343345913711414,0.038428923725631094,0.0026177415813894997,0.10688377415814165,BPCL|HINDUNILVR|ICICIBANK,SBIN|BAJAJ-AUTO|RELIANCE
9,2025-03-24 09:15:00,2025-04-08 09:15:00,-0.05035763005407482,-0.04470042620677606,0.0016855804019146,0.0,BPCL|ADANIPORTS|BHARTIARTL,KOTAKBANK|ONGC|TECHM
9,2025-04-08 09:15:00,2025-04-25 09:15:00,0.07166331319455578,0.06404393894160255,0.0035690660371640003,0.4182875032001423,ADANIPORTS|BRITANNIA|HINDUNILVR,INFY|CIPLA|TCS
9,2025-04-25 09:15:00,2025-05-05 09:15:00,0.017072525150208687,0.009866050529863684,0.0026949217283869,0.13214769482906918,HINDUNILVR|LT|AXISBANK,SUNPHARMA|ADANIPORTS|TCS
10,2025-05-06 09:15:00,2025-05-20 09:15:00,0.02393540101079912,0.008931904204461029,0.001083045114361,0.0,ITC|BRITANNIA|ADANIPORTS,KOTAKBANK|NESTLEIND|M&M
10,2025-05-20 09:15:00,2025-06-03 09:15:00,-0.013515026511668162,-0.023528534462645252,0.0017887415237924,0.0,SUNPHARMA|ICICIBANK|AXISBANK,BAJAJ-AUTO|CIPLA|ITC
10,2025-06-03 09:15:00,2025-06-17 09:15:00,0.01726986656892926,-0.002106235507995872,0.0026025404658935004,0.11871384842543053,AXISBANK|ADANIPORTS|TECHM,RELIANCE|ONGC|DRREDDY
10,2025-06-17 09:15:00,2025-07-01 09:15:00,0.015215251034333048,0.014820057763687744,0.0017275058048202,0.0,ADANIPORTS|SUNPHARMA|M&M,HCLTECH|BPCL|WIPRO
10,2025-07-01 09:15:00,2025-07-15 09:15:00,-0.011524537999555662,-0.01602032906151386,0.0010724497887827998,0.0,SUNPHARMA|BAJAJ-AUTO|CIPLA,HDFCBANK|KOTAKBANK|BRITANNIA
10,2025-07-15 09:15:00,2025-07-29 09:15:00,-0.025822407639073973,-0.04183248560757011,0.0021657064124367,0.0,SBIN|HCLTECH|AXISBANK,BAJAJ-AUTO|SUNPHARMA|ADANIPORTS
10,2025-07-29 09:15:00,2025-08-12 09:15:00,-0.0009672928576495154,-0.011185238796305579,0.0042200739072932,0.5,AXISBANK|NESTLEIND|RELIANCE,DRREDDY|HDFCBANK|BHARTIARTL
10,2025-08-12 09:15:00,2025-08-28 09:15:00,0.008536215868923214,-0.017907724036492056,0.0020125103772372,0.0,LT|M&M|MARUTI,SUNPHARMA|TECHM|TCS
10,2025-08-28 09:15:00,2025-09-11 09:15:00,0.0189643396138419,0.08155961072100774,0.0051493204866144,0.5,LT|M&M|ITC,TECHM|MARUTI|ADANIPORTS
10,2025-09-11 09:15:00,2025-09-25 09:15:00,0.0008292305253772703,0.06481457458755342,0.0036668243956448003,0.47396603395261083,ITC|MARUTI|BPCL,WIPRO|INFY|ONGC
10,2025-09-25 09:15:00,2025-10-10 09:15:00,0.008998476737806153,0.008622591594618215,0.0014810920422445,0.0,ITC|MARUTI|HCLTECH,ONGC|INFY|DRREDDY
10,2025-10-10 09:15:00,2025-10-27 09:15:00,0.022997484836406793,-0.002415419631416005,0.0019078374419304002,0.0,ITC|WIPRO|DRREDDY,MARUTI|ONGC|M&M
10,2025-10-27 09:15:00,2025-11-11 09:15:00,-0.013122080363058319,0.023042262315342406,0.0019059736567776,0.0,WIPRO|SBIN|HCLTECH,ONGC|ADANIPORTS|BRITANNIA
10,2025-11-11 09:15:00,2025-11-25 09:15:00,0.020166449869693022,0.03508123851260882,0.0050309452256637995,0.5,WIPRO|SBIN|HCLTECH,ONGC|TCS|BRITANNIA
10,2025-11-25 09:15:00,2025-12-09 09:15:00,-0.001531717080919535,0.019258797615608374,0.0009719639043273001,0.0,WIPRO|INFY|BPCL,AXISBANK|DRREDDY|TCS
10,2025-12-09 09:15:00,2025-12-23 09:15:00,0.01940308310681873,-0.005545637298987247,0.0028258606459865,0.19325690956974417,INFY|M&M|ICICIBANK,HINDUNILVR|HDFCBANK|WIPRO
10,2025-12-23 09:15:00,2026-01-07 09:15:00,0.0038437726400481756,0.032153233340883276,0.0016100655909023001,0.0,ICICIBANK|ONGC|AXISBANK,NESTLEIND|CIPLA|ULTRACEMCO
10,2026-01-07 09:15:00,2026-01-22 09:15:00,-0.030239786382906468,0.024213714947368032,0.0015946206591386002,0.0,SBIN|HINDUNILVR|LT,ICICIBANK|NESTLEIND|CIPLA
10,2026-01-22 09:15:00,2026-02-05 09:15:00,0.01023089739749773,0.025595294496634207,0.0036726486850286,0.4759101500619476,HDFCBANK|DRREDDY|TECHM,BAJAJ-AUTO|ADANIPORTS|M&M
10,2026-02-05 09:15:00,2026-02-19 09:15:00,-0.0017807596387975479,-0.08422469214763127,0.0016047005751762002,0.0,TECHM|WIPRO|HCLTECH,SBIN|BAJAJ-AUTO|BHARTIARTL
10,2026-02-19 09:15:00,2026-03-06 09:15:00,-0.04219095450498484,-0.02163846424539553,0.0028362989520668005,0.19674115934987102,RELIANCE|BHARTIARTL|ADANIPORTS,TECHM|HCLTECH|TCS
10,2026-03-06 09:15:00,2026-03-20 09:15:00,-0.05902067794330633,-0.01130695325939312,0.004324135235602501,0.5,HCLTECH|TECHM|TCS,BHARTIARTL|BPCL|HDFCBANK
10,2026-03-20 09:15:00,2026-04-08 09:15:00,0.029816330729810717,0.004244226870426117,0.005400086698780299,0.5,BHARTIARTL|ICICIBANK|M&M,SBIN|RELIANCE|BPCL
10,2026-04-08 09:15:00,2026-04-23 09:15:00,0.018873103050015785,0.004148425295195797,0.004584481995595101,0.5,TECHM|BPCL|LT,AXISBANK|ONGC|NESTLEIND
10,2026-04-23 09:15:00,2026-04-30 09:15:00,-0.009678481403109226,0.011114644558964826,0.0025196897470061,0.09105872920914693,TECHM|DRREDDY|KOTAKBANK,ONGC|BHARTIARTL|M&M
