strategy,trade_count,first_entry,last_expiry,total_pnl_points,mean_pnl_points,median_pnl_points,worst_trade_points,win_rate,max_drawdown_points,mean_return_on_margin,total_return_on_margin,annualized_return_on_margin,mean_days_to_expiry,mean_total_contracts
TB11_T08_dte10_ret5_0p01,141,2016-08-17,2024-06-27,2984.6050000000005,21.167411347517735,11.924999999999999,-69.20500000000014,0.8936170212765957,-69.20500000000015,0.03231990261036034,4.557106268060808,0.24382708585507884,6.184397163120567,281558.4539007092
TB11_T08_dte9_ret5_0p01,135,2016-08-17,2024-06-27,2946.82,21.828296296296298,12.0075,-69.20500000000014,0.8888888888888888,-69.20500000000015,0.03328294135692105,4.493197083184342,0.2419980532403312,6.014814814814815,286695.74074074073
TB11_T08_dte10_ret5_0p012,120,2016-09-21,2024-06-13,2684.6475000000005,22.372062500000006,11.96875,-69.20500000000014,0.9166666666666666,-69.20500000000015,0.03509420374849134,4.211304449818961,0.23820914591358333,6.241666666666666,242911.25
TB11_T08_dte9_ret5_0p012,114,2016-09-21,2024-06-13,2646.8625000000006,23.218092105263164,13.137500000000003,-69.20500000000014,0.9122807017543859,-69.20500000000015,0.036380660218793825,4.147395264942496,0.23623320475223752,6.043859649122807,246960.81578947368
TB11_T08_dte10_ret5_0p015,91,2017-04-24,2024-05-30,2027.0099999999998,22.274835164835164,12.975000000000001,-69.20500000000014,0.9230769230769231,-69.20500000000015,0.03630938957735094,3.3041544515389356,0.22825756320775814,5.956043956043956,269418.1868131868
TB11_T08_dte8_ret5_0p01,119,2016-08-17,2024-06-27,2562.627500000001,21.534684873949587,12.0075,-69.20500000000014,0.8907563025210085,-69.20500000000015,0.03346335110677761,3.9821387817065355,0.2266638761191262,5.61344537815126,308157.12605042016
TB11_T08_dte9_ret5_0p015,87,2017-04-24,2024-05-30,2002.7274999999993,23.01985632183907,13.4225,-69.20500000000014,0.9195402298850575,-69.20500000000015,0.03750758676469488,3.2631600485284546,0.22660294563435301,5.7701149425287355,273240.4827586207
TB11_T08_dte8_ret5_0p012,101,2016-09-21,2024-06-13,2318.755000000001,22.957970297029714,12.975000000000001,-69.20500000000014,0.9207920792079208,-69.20500000000015,0.0365318115834932,3.6897129699328133,0.2214230558603345,5.663366336633663,263487.3366336634
TB11_T08_dte8_ret5_0p015,78,2017-04-24,2024-05-23,1803.1899999999998,23.11782051282051,13.361250000000002,-69.20500000000014,0.9230769230769231,-69.20500000000015,0.03817338295313005,2.977523870344144,0.21531844756495366,5.397435897435898,291402.39743589744
TB11_T08_dte10_ret5_0p02,61,2017-04-24,2024-05-23,1528.995,25.065491803278686,14.455000000000002,-68.50250000000001,0.9344262295081968,-68.50250000000005,0.039530873061003155,2.4113832567211926,0.18924627060704124,5.786885245901639,245638.31147540984
TB11_T08_dte7_ret5_0p01,90,2016-10-20,2024-05-23,1670.6149999999998,18.562388888888886,11.938749999999999,-69.20500000000014,0.8777777777777778,-69.20500000000015,0.029952257450095172,2.6957031705085654,0.18796071123401625,4.844444444444444,369921.31111111114
TB11_T08_dte9_ret5_0p02,58,2017-04-24,2024-05-23,1509.1125,26.01918103448276,15.02875,-68.50250000000001,0.9310344827586207,-68.50250000000005,0.04098701222538461,2.3772467090723075,0.18755817824960874,5.568965517241379,246700.0
TB11_T08_dte7_ret5_0p012,78,2016-10-20,2024-05-23,1556.2649999999996,19.95211538461538,11.96875,-69.20500000000014,0.9230769230769231,-69.20500000000015,0.032643342789383474,2.5461807375719108,0.18151361053240644,4.9743589743589745,307140.6666666667
TB11_T08_dte7_ret5_0p015,65,2017-04-24,2024-05-23,1323.1975,20.356884615384615,11.952499999999997,-69.20500000000014,0.9076923076923077,-69.20500000000015,0.03350032270894089,2.177520976081158,0.17737720072784802,4.876923076923077,326296.8769230769
TB11_T08_dte8_ret5_0p02,51,2017-04-24,2024-05-23,1351.0449999999998,26.491078431372546,15.212500000000002,-1.252499999999999,0.9411764705882353,-1.252499999999999,0.04206554643638441,2.145342868255605,0.1756858035284352,5.098039215686274,264618.7450980392
TB11_T08_dte7_ret5_0p02,43,2017-04-24,2024-02-08,1035.24,24.0753488372093,14.455000000000002,-1.252499999999999,0.9302325581395349,-1.252499999999999,0.03848148101527918,1.6547036836570048,0.15457768987464693,4.558139534883721,292164.5813953488
TB11_T08_dte7_ret5_1pct_h25_c2,90,2016-10-20,2024-05-23,958.4849999999999,10.649833333333332,5.381249999999998,-75.01500000000014,0.7,-76.42750000000012,0.017737930750672166,1.5964137675604948,0.1339648472522681,4.844444444444444,369921.31111111114
TB11_T08_dte6_ret5_0p02,27,2017-04-24,2022-11-03,499.16249999999997,18.487499999999997,11.924999999999999,-1.252499999999999,0.8888888888888888,-1.252499999999999,0.029816031175116015,0.8050328417281324,0.11275561600430417,3.111111111111111,383046.8888888889
TB11_T08_dte6_ret5_0p01,50,2017-04-24,2024-05-23,671.1775,13.42355,6.7612499999999995,-2.5125,0.84,-3.792500000000018,0.020535704120455925,1.0267852060227962,0.10492785402448512,3.12,553823.82
TB11_T08_dte6_ret5_0p012,41,2017-04-24,2024-05-23,584.69,14.260731707317074,6.782499999999999,-2.5125,0.9024390243902439,-2.5125000000000455,0.02250779753005483,0.922819698732248,0.096740424990571,3.1463414634146343,456456.8292682927
TB11_T08_dte6_ret5_0p015,36,2017-04-24,2024-05-23,540.61,15.016944444444444,6.952499999999999,-2.5125,0.8888888888888888,-2.5125000000000455,0.023723882683066445,0.854059776590392,0.09111404041151183,3.1666666666666665,482179.4166666667
TB11_T08_dte6_ret5_1pct_h25_c2,50,2017-04-24,2024-05-23,322.0625,6.44125,0.7937500000000002,-7.0875,0.58,-20.374999999999886,0.010240125149068507,0.5120062574534253,0.060133069867578826,3.12,553823.82
