scenario,allocation,entry_date,expiry_date,weighted_pnl_points,weighted_return_on_margin,active_legs,has_defensive,has_growth
base,def_full_resg0_ovg0,2019-02-25,2019-02-28,-1.252499999999999,-0.0020971029840812,1,True,True
base,def_full_resg0_ovg0,2019-12-16,2019-12-19,-0.6625000000000005,-0.000664718497987,1,True,True
base,def_full_resg0_ovg0,2017-04-24,2017-04-27,-0.5749999999999997,-0.0011579318330564,1,True,True
base,def_full_resg0_ovg0,2021-05-31,2021-06-03,2.4400000000000004,0.0030747517516003,1,True,True
base,def_full_resg0_ovg0,2020-12-07,2020-12-10,2.4475000000000007,0.0035289325609813,1,True,True
base,def_full_resg0_ovg0,2020-08-10,2020-08-13,3.33,0.0056186410650108,1,True,True
base,def_full_resg0_ovg0,2020-12-28,2020-12-31,4.850000000000001,0.0070172900238732,1,True,True
base,def_full_resg0_ovg0,2019-10-17,2019-10-24,6.315000000000001,0.0079968595072718,1,True,True
base,def_full_resg0_ovg0,2022-10-31,2022-11-03,6.397500000000001,0.0068087302875418,1,True,True
base,def_full_resg0_ovg0,2019-10-14,2019-10-17,6.455,0.010949121780356,1,True,True
base,def_full_resg0_ovg50,2019-02-25,2019-02-28,-1.8787499999999984,-0.0031456544761218,2,True,True
base,def_full_resg0_ovg50,2019-12-16,2019-12-19,-0.9937500000000008,-0.0009970777469804,2,True,True
base,def_full_resg0_ovg50,2017-04-24,2017-04-27,-0.8624999999999996,-0.0017368977495846,2,True,True
base,def_full_resg0_ovg50,2021-05-31,2021-06-03,3.6600000000000006,0.0046121276274004,2,True,True
base,def_full_resg0_ovg50,2020-12-07,2020-12-10,3.671250000000001,0.0052933988414719,2,True,True
base,def_full_resg0_ovg50,2020-08-10,2020-08-13,4.995,0.0084279615975162,2,True,True
base,def_full_resg0_ovg50,2020-12-28,2020-12-31,7.275000000000002,0.0105259350358098,2,True,True
base,def_full_resg0_ovg50,2019-10-17,2019-10-24,9.472500000000002,0.0119952892609077,2,True,True
base,def_full_resg0_ovg50,2022-10-31,2022-11-03,9.59625,0.0102130954313127,2,True,True
base,def_full_resg0_ovg50,2019-10-14,2019-10-17,9.6825,0.016423682670534,2,True,True
base,def_full_resg100_ovg50,2021-08-26,2021-09-02,-69.20500000000014,-0.0822288100853717,1,False,True
base,def_full_resg100_ovg50,2022-07-19,2022-07-28,-68.50250000000001,-0.084964077630767,1,False,True
base,def_full_resg100_ovg50,2021-05-19,2021-05-27,-3.3974999999996385,-0.004760086725347,1,False,True
base,def_full_resg100_ovg50,2023-11-06,2023-11-09,-2.5125,-0.0025162429113306,1,False,True
base,def_full_resg100_ovg50,2023-11-09,2023-11-16,-2.385,-0.0023888580056791,1,False,True
base,def_full_resg100_ovg50,2024-04-29,2024-05-02,-2.0499999999999994,-0.0017856365140891,1,False,True
base,def_full_resg100_ovg50,2019-02-25,2019-02-28,-1.8787499999999984,-0.0031456544761218,2,True,True
base,def_full_resg100_ovg50,2020-02-10,2020-02-13,-1.7125000000000004,-0.0024544493613056,1,False,True
base,def_full_resg100_ovg50,2019-12-16,2019-12-19,-0.9937500000000008,-0.0009970777469804,2,True,True
base,def_full_resg100_ovg50,2023-02-13,2023-02-16,-0.91,-0.0010145945524077,1,False,True
base,def_full_resg50_ovg50,2021-08-26,2021-09-02,-34.60250000000007,-0.0411144050426858,1,False,True
base,def_full_resg50_ovg50,2022-07-19,2022-07-28,-34.251250000000006,-0.0424820388153835,1,False,True
base,def_full_resg50_ovg50,2019-02-25,2019-02-28,-1.8787499999999984,-0.0031456544761218,2,True,True
base,def_full_resg50_ovg50,2021-05-19,2021-05-27,-1.6987499999998192,-0.0023800433626735,1,False,True
base,def_full_resg50_ovg50,2023-11-06,2023-11-09,-1.25625,-0.0012581214556653,1,False,True
base,def_full_resg50_ovg50,2023-11-09,2023-11-16,-1.1925,-0.0011944290028395,1,False,True
base,def_full_resg50_ovg50,2024-04-29,2024-05-02,-1.0249999999999997,-0.0008928182570445,1,False,True
base,def_full_resg50_ovg50,2019-12-16,2019-12-19,-0.9937500000000008,-0.0009970777469804,2,True,True
base,def_full_resg50_ovg50,2017-04-24,2017-04-27,-0.8624999999999996,-0.0017368977495846,2,True,True
base,def_full_resg50_ovg50,2020-02-10,2020-02-13,-0.8562500000000002,-0.0012272246806528,1,False,True
harsh_stress,def_full_resg0_ovg0,2019-02-25,2019-02-28,-10.355,-0.0173057800135371,1,True,True
harsh_stress,def_full_resg0_ovg0,2019-12-16,2019-12-19,-9.675,-0.0096975467963014,1,True,True
harsh_stress,def_full_resg0_ovg0,2017-04-24,2017-04-27,-9.55,-0.0191940508491608,1,True,True
harsh_stress,def_full_resg0_ovg0,2021-05-31,2021-06-03,-7.7200000000000015,-0.0097019051927813,1,True,True
harsh_stress,def_full_resg0_ovg0,2020-12-07,2020-12-10,-7.555000000000001,-0.0108618297618448,1,True,True
harsh_stress,def_full_resg0_ovg0,2020-08-10,2020-08-13,-6.740000000000001,-0.0113326831892928,1,True,True
harsh_stress,def_full_resg0_ovg0,2020-12-28,2020-12-31,-6.300000000000002,-0.0090738873685726,1,True,True
harsh_stress,def_full_resg0_ovg0,2019-10-17,2019-10-24,-4.669999999999999,-0.0058914806918389,1,True,True
harsh_stress,def_full_resg0_ovg0,2020-11-13,2020-11-19,-4.285000000000001,-0.0066714931844897,1,True,True
harsh_stress,def_full_resg0_ovg0,2022-10-31,2022-11-03,-4.0550000000000015,-0.0043044195933358,1,True,True
harsh_stress,def_full_resg0_ovg50,2019-02-25,2019-02-28,-15.5325,-0.0259586700203056,2,True,True
harsh_stress,def_full_resg0_ovg50,2019-12-16,2019-12-19,-14.5125,-0.014546320194452,2,True,True
harsh_stress,def_full_resg0_ovg50,2017-04-24,2017-04-27,-14.325,-0.0287910762737412,2,True,True
harsh_stress,def_full_resg0_ovg50,2021-05-31,2021-06-03,-11.580000000000002,-0.0145528577891719,2,True,True
harsh_stress,def_full_resg0_ovg50,2020-12-07,2020-12-10,-11.3325,-0.0162927446427672,2,True,True
harsh_stress,def_full_resg0_ovg50,2020-08-10,2020-08-13,-10.11,-0.0169990247839392,2,True,True
harsh_stress,def_full_resg0_ovg50,2020-12-28,2020-12-31,-9.450000000000005,-0.0136108310528589,2,True,True
harsh_stress,def_full_resg0_ovg50,2019-10-17,2019-10-24,-7.004999999999999,-0.0088372210377583,2,True,True
harsh_stress,def_full_resg0_ovg50,2020-11-13,2020-11-19,-6.427500000000002,-0.0100072397767345,2,True,True
harsh_stress,def_full_resg0_ovg50,2022-10-31,2022-11-03,-6.082500000000002,-0.0064566293900037,2,True,True
harsh_stress,def_full_resg100_ovg50,2022-07-19,2022-07-28,-86.605,-0.1060874252010461,1,False,True
harsh_stress,def_full_resg100_ovg50,2021-08-26,2021-09-02,-79.92000000000014,-0.0946549334975662,1,False,True
harsh_stress,def_full_resg100_ovg50,2021-05-19,2021-05-27,-20.794999999999643,-0.0287563351748261,1,False,True
harsh_stress,def_full_resg100_ovg50,2019-02-25,2019-02-28,-15.5325,-0.0259586700203056,2,True,True
harsh_stress,def_full_resg100_ovg50,2019-12-16,2019-12-19,-14.5125,-0.014546320194452,2,True,True
harsh_stress,def_full_resg100_ovg50,2017-04-24,2017-04-27,-14.325,-0.0287910762737412,2,True,True
harsh_stress,def_full_resg100_ovg50,2021-05-31,2021-06-03,-11.580000000000002,-0.0145528577891719,2,True,True
harsh_stress,def_full_resg100_ovg50,2023-11-09,2023-11-16,-11.57,-0.0115749772402132,1,False,True
harsh_stress,def_full_resg100_ovg50,2024-04-29,2024-05-02,-11.4,-0.0099182182008004,1,False,True
harsh_stress,def_full_resg100_ovg50,2023-11-06,2023-11-09,-11.375,-0.0113821138211382,1,False,True
harsh_stress,def_full_resg50_ovg50,2022-07-19,2022-07-28,-43.3025,-0.053043712600523,1,False,True
harsh_stress,def_full_resg50_ovg50,2021-08-26,2021-09-02,-39.96000000000007,-0.0473274667487831,1,False,True
harsh_stress,def_full_resg50_ovg50,2019-02-25,2019-02-28,-15.5325,-0.0259586700203056,2,True,True
harsh_stress,def_full_resg50_ovg50,2019-12-16,2019-12-19,-14.5125,-0.014546320194452,2,True,True
harsh_stress,def_full_resg50_ovg50,2017-04-24,2017-04-27,-14.325,-0.0287910762737412,2,True,True
harsh_stress,def_full_resg50_ovg50,2021-05-31,2021-06-03,-11.580000000000002,-0.0145528577891719,2,True,True
harsh_stress,def_full_resg50_ovg50,2020-12-07,2020-12-10,-11.3325,-0.0162927446427672,2,True,True
harsh_stress,def_full_resg50_ovg50,2021-05-19,2021-05-27,-10.39749999999982,-0.014378167587413,1,False,True
harsh_stress,def_full_resg50_ovg50,2020-08-10,2020-08-13,-10.11,-0.0169990247839392,2,True,True
harsh_stress,def_full_resg50_ovg50,2020-12-28,2020-12-31,-9.450000000000005,-0.0136108310528589,2,True,True
moderate_stress,def_full_resg0_ovg0,2019-02-25,2019-02-28,-5.9875,-0.0100127511026568,1,True,True
moderate_stress,def_full_resg0_ovg0,2019-12-16,2019-12-19,-5.3375,-0.0053517490317971,1,True,True
moderate_stress,def_full_resg0_ovg0,2017-04-24,2017-04-27,-5.225,-0.0105083211825632,1,True,True
moderate_stress,def_full_resg0_ovg0,2021-05-31,2021-06-03,-3.0,-0.0037735849056603,1,True,True
moderate_stress,def_full_resg0_ovg0,2020-12-07,2020-12-10,-2.8875,-0.0041553488874098,1,True,True
moderate_stress,def_full_resg0_ovg0,2020-08-10,2020-08-13,-2.0500000000000007,-0.0034508879723928,1,True,True
moderate_stress,def_full_resg0_ovg0,2020-12-28,2020-12-31,-1.25,-0.0018031013342949,1,True,True
moderate_stress,def_full_resg0_ovg0,2019-10-17,2019-10-24,0.325000000000001,0.0004105219945053,1,True,True
moderate_stress,def_full_resg0_ovg0,2020-11-13,2020-11-19,0.7374999999999989,0.00115007504727,1,True,True
moderate_stress,def_full_resg0_ovg0,2022-10-31,2022-11-03,0.7624999999999993,0.0008101037198369,1,True,True
moderate_stress,def_full_resg0_ovg50,2019-02-25,2019-02-28,-8.98125,-0.0150191266539852,2,True,True
moderate_stress,def_full_resg0_ovg50,2019-12-16,2019-12-19,-8.006250000000001,-0.0080276235476956,2,True,True
moderate_stress,def_full_resg0_ovg50,2017-04-24,2017-04-27,-7.837499999999999,-0.0157624817738448,2,True,True
moderate_stress,def_full_resg0_ovg50,2021-05-31,2021-06-03,-4.5,-0.0056603773584904,2,True,True
moderate_stress,def_full_resg0_ovg50,2020-12-07,2020-12-10,-4.33125,-0.0062330233311147,2,True,True
moderate_stress,def_full_resg0_ovg50,2020-08-10,2020-08-13,-3.075000000000001,-0.0051763319585892,2,True,True
moderate_stress,def_full_resg0_ovg50,2020-12-28,2020-12-31,-1.875,-0.0027046520014423,2,True,True
moderate_stress,def_full_resg0_ovg50,2019-10-17,2019-10-24,0.4875000000000015,0.0006157829917579,2,True,True
moderate_stress,def_full_resg0_ovg50,2020-11-13,2020-11-19,1.1062499999999984,0.001725112570905,2,True,True
moderate_stress,def_full_resg0_ovg50,2022-10-31,2022-11-03,1.143749999999999,0.0012151555797553,2,True,True
moderate_stress,def_full_resg100_ovg50,2022-07-19,2022-07-28,-79.23750000000001,-0.0974645981641784,1,False,True
moderate_stress,def_full_resg100_ovg50,2021-08-26,2021-09-02,-75.01500000000014,-0.088940925393485,1,False,True
moderate_stress,def_full_resg100_ovg50,2021-05-19,2021-05-27,-13.66249999999964,-0.0189753650110236,1,False,True
moderate_stress,def_full_resg100_ovg50,2019-02-25,2019-02-28,-8.98125,-0.0150191266539852,2,True,True
moderate_stress,def_full_resg100_ovg50,2019-12-16,2019-12-19,-8.006250000000001,-0.0080276235476956,2,True,True
moderate_stress,def_full_resg100_ovg50,2017-04-24,2017-04-27,-7.837499999999999,-0.0157624817738448,2,True,True
moderate_stress,def_full_resg100_ovg50,2023-11-09,2023-11-16,-7.175000000000001,-0.0071809242625165,1,False,True
moderate_stress,def_full_resg100_ovg50,2023-11-06,2023-11-09,-7.0875,-0.0070939732505911,1,False,True
moderate_stress,def_full_resg100_ovg50,2024-04-29,2024-05-02,-6.949999999999999,-0.0060490012620218,1,False,True
moderate_stress,def_full_resg100_ovg50,2020-02-10,2020-02-13,-6.2875000000000005,-0.009004170918139,1,False,True
moderate_stress,def_full_resg50_ovg50,2022-07-19,2022-07-28,-39.618750000000006,-0.0487322990820892,1,False,True
moderate_stress,def_full_resg50_ovg50,2021-08-26,2021-09-02,-37.50750000000007,-0.0444704626967425,1,False,True
moderate_stress,def_full_resg50_ovg50,2019-02-25,2019-02-28,-8.98125,-0.0150191266539852,2,True,True
moderate_stress,def_full_resg50_ovg50,2019-12-16,2019-12-19,-8.006250000000001,-0.0080276235476956,2,True,True
moderate_stress,def_full_resg50_ovg50,2017-04-24,2017-04-27,-7.837499999999999,-0.0157624817738448,2,True,True
moderate_stress,def_full_resg50_ovg50,2021-05-19,2021-05-27,-6.83124999999982,-0.0094876825055118,1,False,True
moderate_stress,def_full_resg50_ovg50,2021-05-31,2021-06-03,-4.5,-0.0056603773584904,2,True,True
moderate_stress,def_full_resg50_ovg50,2020-12-07,2020-12-10,-4.33125,-0.0062330233311147,2,True,True
moderate_stress,def_full_resg50_ovg50,2023-11-09,2023-11-16,-3.5875000000000004,-0.0035904621312582,1,False,True
moderate_stress,def_full_resg50_ovg50,2023-11-06,2023-11-09,-3.54375,-0.0035469866252955,1,False,True
