collection_date_ist,observed_timestamp_ist,underlying,spot_source,spot_last_price,spot_timestamp,expiry_date,days_to_expiry,band_low,band_high,tradingsymbol,instrument_token,strike,option_type,moneyness_pct,quote_source,quote_timestamp,quote_age_seconds,bid,ask,mid,last_price,volume,oi,spread_points,spread_pct,all_quote_available,quote_freshness_pass,spread_quality_pass,broker_order_allowed,order_route,selection_reason
2026-07-23,2026-07-23T09:46:46.144937+05:30,NIFTY,NSE:NIFTY 50,23912.0,2026-07-23 09:46:43,2026-07-28,5,22716.399999999998,25107.600000000002,NIFTY26JUL22000PE,16347138,22000.0,PE,-0.07995985279357642,kite_quote_api,2026-07-23 09:46:45,1.144937,1.75,1.8,1.775,1.8,859300,4542460,0.050000000000000044,0.028169014084507067,True,True,True,False,blocked_no_broker_call,selected_profile_leg_supplement
2026-07-23,2026-07-23T09:46:46.144937+05:30,NIFTY,NSE:NIFTY 50,23912.0,2026-07-23 09:46:43,2026-07-28,5,22716.399999999998,25107.600000000002,NIFTY26JUL22750CE,16354562,22750.0,CE,-0.04859484777517564,kite_quote_api,2026-07-23 09:46:45,1.144937,1159.35,1189.75,1174.55,1203.65,17095,4550,30.40000000000009,0.02588225277765961,True,True,True,False,blocked_no_broker_call,spot_band
2026-07-23,2026-07-23T09:46:46.144937+05:30,NIFTY,NSE:NIFTY 50,23912.0,2026-07-23 09:46:43,2026-07-28,5,22716.399999999998,25107.600000000002,NIFTY26JUL22750PE,16354818,22750.0,PE,-0.04859484777517564,kite_quote_api,2026-07-23 09:46:45,1.144937,3.15,3.2,3.175,3.2,465530,310960,0.050000000000000266,0.01574803149606308,True,True,True,False,blocked_no_broker_call,spot_band
2026-07-23,2026-07-23T09:46:46.144937+05:30,NIFTY,NSE:NIFTY 50,23912.0,2026-07-23 09:46:43,2026-07-28,5,22716.399999999998,25107.600000000002,NIFTY26JUL22800CE,16355074,22800.0,CE,-0.04650384744061564,kite_quote_api,2026-07-23 09:46:45,1.144937,1117.25,1128.6,1122.925,1136.1,26715,23140,11.349999999999909,0.010107531669523709,True,True,True,False,blocked_no_broker_call,spot_band
2026-07-23,2026-07-23T09:46:46.144937+05:30,NIFTY,NSE:NIFTY 50,23912.0,2026-07-23 09:46:43,2026-07-28,5,22716.399999999998,25107.600000000002,NIFTY26JUL22800PE,16355330,22800.0,PE,-0.04650384744061564,kite_quote_api,2026-07-23 09:46:45,1.144937,3.3,3.35,3.325,3.3,2852850,3160820,0.050000000000000266,0.015037593984962485,True,True,True,False,blocked_no_broker_call,spot_band
2026-07-23,2026-07-23T09:46:46.144937+05:30,NIFTY,NSE:NIFTY 50,23912.0,2026-07-23 09:46:43,2026-07-28,5,22716.399999999998,25107.600000000002,NIFTY26JUL22850CE,16355586,22850.0,CE,-0.04441284710605553,kite_quote_api,2026-07-23 09:46:38,8.144937,1048.85,1085.9,1067.375,1154.5,0,845,37.05000000000018,0.03471132451106704,True,True,True,False,blocked_no_broker_call,spot_band
2026-07-23,2026-07-23T09:46:46.144937+05:30,NIFTY,NSE:NIFTY 50,23912.0,2026-07-23 09:46:43,2026-07-28,5,22716.399999999998,25107.600000000002,NIFTY26JUL22850PE,16355842,22850.0,PE,-0.04441284710605553,kite_quote_api,2026-07-23 09:46:45,1.144937,3.75,3.8,3.775,3.8,1376310,946660,0.04999999999999982,0.013245033112582735,True,True,True,False,blocked_no_broker_call,spot_band
2026-07-23,2026-07-23T09:46:46.144937+05:30,NIFTY,NSE:NIFTY 50,23912.0,2026-07-23 09:46:43,2026-07-28,5,22716.399999999998,25107.600000000002,NIFTY26JUL22900CE,16356098,22900.0,CE,-0.04232184677149553,kite_quote_api,2026-07-23 09:46:45,1.144937,1015.9,1027.0,1021.45,1020.0,910,54990,11.100000000000023,0.010866904890107222,True,True,True,False,blocked_no_broker_call,spot_band
2026-07-23,2026-07-23T09:46:46.144937+05:30,NIFTY,NSE:NIFTY 50,23912.0,2026-07-23 09:46:43,2026-07-28,5,22716.399999999998,25107.600000000002,NIFTY26JUL22900PE,16356354,22900.0,PE,-0.04232184677149553,kite_quote_api,2026-07-23 09:46:44,2.144937,3.95,4.0,3.975,4.0,3085030,1677390,0.04999999999999982,0.012578616352201213,True,True,True,False,blocked_no_broker_call,spot_band
2026-07-23,2026-07-23T09:46:46.144937+05:30,NIFTY,NSE:NIFTY 50,23912.0,2026-07-23 09:46:43,2026-07-28,5,22716.399999999998,25107.600000000002,NIFTY26JUL22950CE,16356610,22950.0,CE,-0.04023084643693542,kite_quote_api,2026-07-23 09:46:45,1.144937,959.45,997.3,978.375,958.0,195,1365,37.84999999999991,0.038686597674715634,True,True,True,False,blocked_no_broker_call,spot_band
2026-07-23,2026-07-23T09:46:46.144937+05:30,NIFTY,NSE:NIFTY 50,23912.0,2026-07-23 09:46:43,2026-07-28,5,22716.399999999998,25107.600000000002,NIFTY26JUL22950PE,16356866,22950.0,PE,-0.04023084643693542,kite_quote_api,2026-07-23 09:46:44,2.144937,4.35,4.4,4.375,4.4,1822990,959140,0.05000000000000071,0.011428571428571592,True,True,True,False,blocked_no_broker_call,spot_band
2026-07-23,2026-07-23T09:46:46.144937+05:30,NIFTY,NSE:NIFTY 50,23912.0,2026-07-23 09:46:43,2026-07-28,5,22716.399999999998,25107.600000000002,NIFTY26JUL23000CE,16357122,23000.0,CE,-0.03813984610237542,kite_quote_api,2026-07-23 09:46:45,1.144937,920.25,924.85,922.55,923.25,28080,651365,4.600000000000023,0.004986179610861225,True,True,True,False,blocked_no_broker_call,spot_band
2026-07-23,2026-07-23T09:46:46.144937+05:30,NIFTY,NSE:NIFTY 50,23912.0,2026-07-23 09:46:43,2026-07-28,5,22716.399999999998,25107.600000000002,NIFTY26JUL23000PE,16357378,23000.0,PE,-0.03813984610237542,kite_quote_api,2026-07-23 09:46:45,1.144937,4.85,4.9,4.875,4.85,7251985,11073465,0.05000000000000071,0.010256410256410402,True,True,True,False,blocked_no_broker_call,spot_band
2026-07-23,2026-07-23T09:46:46.144937+05:30,NIFTY,NSE:NIFTY 50,23912.0,2026-07-23 09:46:43,2026-07-28,5,22716.399999999998,25107.600000000002,NIFTY26JUL23050CE,16357634,23050.0,CE,-0.03604884576781531,kite_quote_api,2026-07-23 09:46:45,1.144937,838.4,894.5,866.45,958.35,0,1755,56.10000000000002,0.0647469559697617,True,True,True,False,blocked_no_broker_call,spot_band
2026-07-23,2026-07-23T09:46:46.144937+05:30,NIFTY,NSE:NIFTY 50,23912.0,2026-07-23 09:46:43,2026-07-28,5,22716.399999999998,25107.600000000002,NIFTY26JUL23050PE,16357890,23050.0,PE,-0.03604884576781531,kite_quote_api,2026-07-23 09:46:45,1.144937,5.2,5.25,5.225,5.25,1364480,588770,0.04999999999999982,0.009569377990430589,True,True,True,False,blocked_no_broker_call,spot_band
2026-07-23,2026-07-23T09:46:46.144937+05:30,NIFTY,NSE:NIFTY 50,23912.0,2026-07-23 09:46:43,2026-07-28,5,22716.399999999998,25107.600000000002,NIFTY26JUL23100CE,16358146,23100.0,CE,-0.03395784543325531,kite_quote_api,2026-07-23 09:46:45,1.144937,821.0,830.15,825.575,816.5,1365,47190,9.149999999999977,0.011083184447203437,True,True,True,False,blocked_no_broker_call,spot_band
2026-07-23,2026-07-23T09:46:46.144937+05:30,NIFTY,NSE:NIFTY 50,23912.0,2026-07-23 09:46:43,2026-07-28,5,22716.399999999998,25107.600000000002,NIFTY26JUL23100PE,16358402,23100.0,PE,-0.03395784543325531,kite_quote_api,2026-07-23 09:46:45,1.144937,5.75,5.8,5.775,5.8,3253640,2189590,0.04999999999999982,0.008658008658008627,True,True,True,False,blocked_no_broker_call,spot_band
2026-07-23,2026-07-23T09:46:46.144937+05:30,NIFTY,NSE:NIFTY 50,23912.0,2026-07-23 09:46:43,2026-07-28,5,22716.399999999998,25107.600000000002,NIFTY26JUL23150CE,16358658,23150.0,CE,-0.031866845098695196,kite_quote_api,2026-07-23 09:46:45,1.144937,773.1,778.35,775.725,858.7,0,2340,5.25,0.006767862322343614,True,True,True,False,blocked_no_broker_call,spot_band
2026-07-23,2026-07-23T09:46:46.144937+05:30,NIFTY,NSE:NIFTY 50,23912.0,2026-07-23 09:46:43,2026-07-28,5,22716.399999999998,25107.600000000002,NIFTY26JUL23150PE,16358914,23150.0,PE,-0.031866845098695196,kite_quote_api,2026-07-23 09:46:45,1.144937,6.45,6.5,6.475,6.5,1502020,694785,0.04999999999999982,0.007722007722007695,True,True,True,False,blocked_no_broker_call,spot_band
2026-07-23,2026-07-23T09:46:46.144937+05:30,NIFTY,NSE:NIFTY 50,23912.0,2026-07-23 09:46:43,2026-07-28,5,22716.399999999998,25107.600000000002,NIFTY26JUL23200CE,16359170,23200.0,CE,-0.029775844764135195,kite_quote_api,2026-07-23 09:46:45,1.144937,725.15,730.65,727.9,728.25,1690,53495,5.5,0.007555982964692952,True,True,True,False,blocked_no_broker_call,spot_band
2026-07-23,2026-07-23T09:46:46.144937+05:30,NIFTY,NSE:NIFTY 50,23912.0,2026-07-23 09:46:43,2026-07-28,5,22716.399999999998,25107.600000000002,NIFTY26JUL23200PE,16359426,23200.0,PE,-0.029775844764135195,kite_quote_api,2026-07-23 09:46:45,1.144937,7.45,7.5,7.475,7.45,3548285,3895320,0.04999999999999982,0.006688963210702318,True,True,True,False,blocked_no_broker_call,spot_band|selected_profile_leg
2026-07-23,2026-07-23T09:46:46.144937+05:30,NIFTY,NSE:NIFTY 50,23912.0,2026-07-23 09:46:43,2026-07-28,5,22716.399999999998,25107.600000000002,NIFTY26JUL23250CE,16359682,23250.0,CE,-0.027684844429575084,kite_quote_api,2026-07-23 09:46:44,2.144937,674.35,678.4,676.375,667.4,1040,3770,4.0499999999999545,0.005987802624283799,True,True,True,False,blocked_no_broker_call,spot_band
2026-07-23,2026-07-23T09:46:46.144937+05:30,NIFTY,NSE:NIFTY 50,23912.0,2026-07-23 09:46:43,2026-07-28,5,22716.399999999998,25107.600000000002,NIFTY26JUL23250PE,16359938,23250.0,PE,-0.027684844429575084,kite_quote_api,2026-07-23 09:46:45,1.144937,8.65,8.7,8.675,8.7,2204995,1002300,0.049999999999998934,0.005763688760806793,True,True,True,False,blocked_no_broker_call,spot_band
2026-07-23,2026-07-23T09:46:46.144937+05:30,NIFTY,NSE:NIFTY 50,23912.0,2026-07-23 09:46:43,2026-07-28,5,22716.399999999998,25107.600000000002,NIFTY26JUL23300CE,16360194,23300.0,CE,-0.025593844095015084,kite_quote_api,2026-07-23 09:46:45,1.144937,628.05,631.1,629.575,628.4,49400,81575,3.050000000000068,0.004844537981972073,True,True,True,False,blocked_no_broker_call,spot_band
2026-07-23,2026-07-23T09:46:46.144937+05:30,NIFTY,NSE:NIFTY 50,23912.0,2026-07-23 09:46:43,2026-07-28,5,22716.399999999998,25107.600000000002,NIFTY26JUL23300PE,16360450,23300.0,PE,-0.025593844095015084,kite_quote_api,2026-07-23 09:46:45,1.144937,10.15,10.2,10.175,10.15,5522790,4489680,0.049999999999998934,0.004914004914004809,True,True,True,False,blocked_no_broker_call,spot_band
2026-07-23,2026-07-23T09:46:46.144937+05:30,NIFTY,NSE:NIFTY 50,23912.0,2026-07-23 09:46:43,2026-07-28,5,22716.399999999998,25107.600000000002,NIFTY26JUL23350CE,16360706,23350.0,CE,-0.023502843760454972,kite_quote_api,2026-07-23 09:46:45,1.144937,580.35,585.3,582.825,586.9,2405,45695,4.949999999999932,0.008493115429159578,True,True,True,False,blocked_no_broker_call,spot_band
2026-07-23,2026-07-23T09:46:46.144937+05:30,NIFTY,NSE:NIFTY 50,23912.0,2026-07-23 09:46:43,2026-07-28,5,22716.399999999998,25107.600000000002,NIFTY26JUL23350PE,16360962,23350.0,PE,-0.023502843760454972,kite_quote_api,2026-07-23 09:46:45,1.144937,12.25,12.3,12.275,12.25,3332615,1606735,0.05000000000000071,0.004073319755600872,True,True,True,False,blocked_no_broker_call,spot_band
2026-07-23,2026-07-23T09:46:46.144937+05:30,NIFTY,NSE:NIFTY 50,23912.0,2026-07-23 09:46:43,2026-07-28,5,22716.399999999998,25107.600000000002,NIFTY26JUL23400CE,16361218,23400.0,CE,-0.021411843425894972,kite_quote_api,2026-07-23 09:46:45,1.144937,533.95,536.25,535.1,536.0,44265,88660,2.2999999999999545,0.004298262007101391,True,True,True,False,blocked_no_broker_call,spot_band
2026-07-23,2026-07-23T09:46:46.144937+05:30,NIFTY,NSE:NIFTY 50,23912.0,2026-07-23 09:46:43,2026-07-28,5,22716.399999999998,25107.600000000002,NIFTY26JUL23400PE,16361474,23400.0,PE,-0.021411843425894972,kite_quote_api,2026-07-23 09:46:45,1.144937,15.0,15.1,15.05,15.05,4483375,3663855,0.09999999999999964,0.006644518272425225,True,True,True,False,blocked_no_broker_call,spot_band
2026-07-23,2026-07-23T09:46:46.144937+05:30,NIFTY,NSE:NIFTY 50,23912.0,2026-07-23 09:46:43,2026-07-28,5,22716.399999999998,25107.600000000002,NIFTY26JUL23450CE,16361730,23450.0,CE,-0.01932084309133486,kite_quote_api,2026-07-23 09:46:44,2.144937,485.05,487.1,486.07500000000005,489.55,21905,32825,2.0500000000000114,0.004217456153885741,True,True,True,False,blocked_no_broker_call,spot_band
2026-07-23,2026-07-23T09:46:46.144937+05:30,NIFTY,NSE:NIFTY 50,23912.0,2026-07-23 09:46:43,2026-07-28,5,22716.399999999998,25107.600000000002,NIFTY26JUL23450PE,16361986,23450.0,PE,-0.01932084309133486,kite_quote_api,2026-07-23 09:46:45,1.144937,18.25,18.35,18.3,18.45,3602690,2247635,0.10000000000000142,0.005464480874317017,True,True,True,False,blocked_no_broker_call,spot_band
2026-07-23,2026-07-23T09:46:46.144937+05:30,NIFTY,NSE:NIFTY 50,23912.0,2026-07-23 09:46:43,2026-07-28,5,22716.399999999998,25107.600000000002,NIFTY26JUL23500CE,16362242,23500.0,CE,-0.01722984275677486,kite_quote_api,2026-07-23 09:46:44,2.144937,440.6,441.9,441.25,440.85,327405,894855,1.2999999999999545,0.002946175637393665,True,True,True,False,blocked_no_broker_call,spot_band
2026-07-23,2026-07-23T09:46:46.144937+05:30,NIFTY,NSE:NIFTY 50,23912.0,2026-07-23 09:46:43,2026-07-28,5,22716.399999999998,25107.600000000002,NIFTY26JUL23500PE,16362498,23500.0,PE,-0.01722984275677486,kite_quote_api,2026-07-23 09:46:45,1.144937,23.3,23.4,23.35,23.4,10466170,9130290,0.09999999999999787,0.004282655246252585,True,True,True,False,blocked_no_broker_call,spot_band
2026-07-23,2026-07-23T09:46:46.144937+05:30,NIFTY,NSE:NIFTY 50,23912.0,2026-07-23 09:46:43,2026-07-28,5,22716.399999999998,25107.600000000002,NIFTY26JUL23550CE,16362754,23550.0,CE,-0.015138842422214749,kite_quote_api,2026-07-23 09:46:45,1.144937,395.95,397.15,396.54999999999995,399.1,64870,39130,1.1999999999999886,0.003026100113478726,True,True,True,False,blocked_no_broker_call,spot_band
2026-07-23,2026-07-23T09:46:46.144937+05:30,NIFTY,NSE:NIFTY 50,23912.0,2026-07-23 09:46:43,2026-07-28,5,22716.399999999998,25107.600000000002,NIFTY26JUL23550PE,16363010,23550.0,PE,-0.015138842422214749,kite_quote_api,2026-07-23 09:46:45,1.144937,28.7,28.85,28.775,28.7,3199430,1397370,0.15000000000000213,0.005212858384013975,True,True,True,False,blocked_no_broker_call,spot_band
2026-07-23,2026-07-23T09:46:46.144937+05:30,NIFTY,NSE:NIFTY 50,23912.0,2026-07-23 09:46:43,2026-07-28,5,22716.399999999998,25107.600000000002,NIFTY26JUL23600CE,16363266,23600.0,CE,-0.013047842087654749,kite_quote_api,2026-07-23 09:46:45,1.144937,353.7,354.75,354.225,355.0,388375,300105,1.0500000000000114,0.002964217658268082,True,True,True,False,blocked_no_broker_call,spot_band
2026-07-23,2026-07-23T09:46:46.144937+05:30,NIFTY,NSE:NIFTY 50,23912.0,2026-07-23 09:46:43,2026-07-28,5,22716.399999999998,25107.600000000002,NIFTY26JUL23600PE,16363778,23600.0,PE,-0.013047842087654749,kite_quote_api,2026-07-23 09:46:45,1.144937,35.7,35.85,35.775000000000006,35.6,7946705,4846140,0.14999999999999858,0.004192872117400379,True,True,True,False,blocked_no_broker_call,spot_band
2026-07-23,2026-07-23T09:46:46.144937+05:30,NIFTY,NSE:NIFTY 50,23912.0,2026-07-23 09:46:43,2026-07-28,5,22716.399999999998,25107.600000000002,NIFTY26JUL23650CE,16364290,23650.0,CE,-0.010956841753094637,kite_quote_api,2026-07-23 09:46:44,2.144937,312.4,313.25,312.825,311.7,255450,82550,0.8500000000000227,0.0027171741388956213,True,True,True,False,blocked_no_broker_call,spot_band
2026-07-23,2026-07-23T09:46:46.144937+05:30,NIFTY,NSE:NIFTY 50,23912.0,2026-07-23 09:46:43,2026-07-28,5,22716.399999999998,25107.600000000002,NIFTY26JUL23650PE,16364546,23650.0,PE,-0.010956841753094637,kite_quote_api,2026-07-23 09:46:45,1.144937,44.75,44.9,44.825,44.3,4324905,1463020,0.14999999999999858,0.0033463469046290813,True,True,True,False,blocked_no_broker_call,spot_band
2026-07-23,2026-07-23T09:46:46.144937+05:30,NIFTY,NSE:NIFTY 50,23912.0,2026-07-23 09:46:43,2026-07-28,5,22716.399999999998,25107.600000000002,NIFTY26JUL23700CE,16364802,23700.0,CE,-0.008865841418534637,kite_quote_api,2026-07-23 09:46:44,2.144937,273.75,274.45,274.1,273.05,1502605,474305,0.6999999999999886,0.0025538124771980614,True,True,True,False,blocked_no_broker_call,spot_band
2026-07-23,2026-07-23T09:46:46.144937+05:30,NIFTY,NSE:NIFTY 50,23912.0,2026-07-23 09:46:43,2026-07-28,5,22716.399999999998,25107.600000000002,NIFTY26JUL23700PE,16365058,23700.0,PE,-0.008865841418534637,kite_quote_api,2026-07-23 09:46:45,1.144937,55.65,55.75,55.7,55.75,10960300,5543720,0.10000000000000142,0.0017953321364452678,True,True,True,False,blocked_no_broker_call,spot_band
2026-07-23,2026-07-23T09:46:46.144937+05:30,NIFTY,NSE:NIFTY 50,23912.0,2026-07-23 09:46:43,2026-07-28,5,22716.399999999998,25107.600000000002,NIFTY26JUL23750CE,16365314,23750.0,CE,-0.0067748410839745254,kite_quote_api,2026-07-23 09:46:45,1.144937,238.55,239.15,238.85000000000002,236.65,1080755,282750,0.5999999999999943,0.0025120368432070095,True,True,True,False,blocked_no_broker_call,spot_band
2026-07-23,2026-07-23T09:46:46.144937+05:30,NIFTY,NSE:NIFTY 50,23912.0,2026-07-23 09:46:43,2026-07-28,5,22716.399999999998,25107.600000000002,NIFTY26JUL23750PE,16365570,23750.0,PE,-0.0067748410839745254,kite_quote_api,2026-07-23 09:46:45,1.144937,68.85,69.0,68.925,68.8,6014645,1818895,0.15000000000000568,0.0021762785636562304,True,True,True,False,blocked_no_broker_call,spot_band
2026-07-23,2026-07-23T09:46:46.144937+05:30,NIFTY,NSE:NIFTY 50,23912.0,2026-07-23 09:46:43,2026-07-28,5,22716.399999999998,25107.600000000002,NIFTY26JUL23800CE,16365826,23800.0,CE,-0.004683840749414525,kite_quote_api,2026-07-23 09:46:45,1.144937,204.9,205.4,205.15,205.1,6581445,1983020,0.5,0.0024372410431391664,True,True,True,False,blocked_no_broker_call,spot_band
2026-07-23,2026-07-23T09:46:46.144937+05:30,NIFTY,NSE:NIFTY 50,23912.0,2026-07-23 09:46:43,2026-07-28,5,22716.399999999998,25107.600000000002,NIFTY26JUL23800PE,16366082,23800.0,PE,-0.004683840749414525,kite_quote_api,2026-07-23 09:46:45,1.144937,84.85,85.1,84.975,85.1,18392400,7322185,0.25,0.0029420417769932335,True,True,True,False,blocked_no_broker_call,spot_band
2026-07-23,2026-07-23T09:46:46.144937+05:30,NIFTY,NSE:NIFTY 50,23912.0,2026-07-23 09:46:43,2026-07-28,5,22716.399999999998,25107.600000000002,NIFTY26JUL23850CE,16366850,23850.0,CE,-0.0025928404148544137,kite_quote_api,2026-07-23 09:46:45,1.144937,172.3,172.7,172.5,173.1,5972005,1127035,0.39999999999997726,0.002318840579710013,True,True,True,False,blocked_no_broker_call,spot_band
2026-07-23,2026-07-23T09:46:46.144937+05:30,NIFTY,NSE:NIFTY 50,23912.0,2026-07-23 09:46:43,2026-07-28,5,22716.399999999998,25107.600000000002,NIFTY26JUL23850PE,16367106,23850.0,PE,-0.0025928404148544137,kite_quote_api,2026-07-23 09:46:45,1.144937,104.7,105.0,104.85,104.35,12026820,2935660,0.29999999999999716,0.002861230329041461,True,True,True,False,blocked_no_broker_call,spot_band
2026-07-23,2026-07-23T09:46:46.144937+05:30,NIFTY,NSE:NIFTY 50,23912.0,2026-07-23 09:46:43,2026-07-28,5,22716.399999999998,25107.600000000002,NIFTY26JUL23900CE,16367362,23900.0,CE,-0.0005018400802944134,kite_quote_api,2026-07-23 09:46:45,1.144937,144.5,144.8,144.65,145.15,26428285,6104410,0.30000000000001137,0.0020739716557207836,True,True,True,False,blocked_no_broker_call,spot_band
2026-07-23,2026-07-23T09:46:46.144937+05:30,NIFTY,NSE:NIFTY 50,23912.0,2026-07-23 09:46:43,2026-07-28,5,22716.399999999998,25107.600000000002,NIFTY26JUL23900PE,16367618,23900.0,PE,-0.0005018400802944134,kite_quote_api,2026-07-23 09:46:45,1.144937,126.3,126.65,126.475,126.15,34175050,8376420,0.3500000000000085,0.0027673453251631434,True,True,True,False,blocked_no_broker_call,spot_band
2026-07-23,2026-07-23T09:46:46.144937+05:30,NIFTY,NSE:NIFTY 50,23912.0,2026-07-23 09:46:43,2026-07-28,5,22716.399999999998,25107.600000000002,NIFTY26JUL23950CE,16367874,23950.0,CE,0.001589160254265698,kite_quote_api,2026-07-23 09:46:45,1.144937,119.95,120.2,120.075,120.3,14054170,4296565,0.25,0.002082032063293775,True,True,True,False,blocked_no_broker_call,spot_band
2026-07-23,2026-07-23T09:46:46.144937+05:30,NIFTY,NSE:NIFTY 50,23912.0,2026-07-23 09:46:43,2026-07-28,5,22716.399999999998,25107.600000000002,NIFTY26JUL23950PE,16368130,23950.0,PE,0.001589160254265698,kite_quote_api,2026-07-23 09:46:45,1.144937,151.7,151.95,151.825,151.25,16676725,4772560,0.25,0.0016466326362588508,True,True,True,False,blocked_no_broker_call,spot_band
2026-07-23,2026-07-23T09:46:46.144937+05:30,NIFTY,NSE:NIFTY 50,23912.0,2026-07-23 09:46:43,2026-07-28,5,22716.399999999998,25107.600000000002,NIFTY26JUL24000CE,16368386,24000.0,CE,0.0036801605888256983,kite_quote_api,2026-07-23 09:46:45,1.144937,98.25,98.45,98.35,99.1,25316980,15199860,0.20000000000000284,0.0020335536349771516,True,True,True,False,blocked_no_broker_call,spot_band
2026-07-23,2026-07-23T09:46:46.144937+05:30,NIFTY,NSE:NIFTY 50,23912.0,2026-07-23 09:46:43,2026-07-28,5,22716.399999999998,25107.600000000002,NIFTY26JUL24000PE,16368642,24000.0,PE,0.0036801605888256983,kite_quote_api,2026-07-23 09:46:45,1.144937,179.8,180.3,180.05,178.75,20625540,11872055,0.5,0.0027770063871146904,True,True,True,False,blocked_no_broker_call,spot_band
2026-07-23,2026-07-23T09:46:46.144937+05:30,NIFTY,NSE:NIFTY 50,23912.0,2026-07-23 09:46:43,2026-07-28,5,22716.399999999998,25107.600000000002,NIFTY26JUL24050CE,16368898,24050.0,CE,0.005771160923385699,kite_quote_api,2026-07-23 09:46:45,1.144937,79.45,79.65,79.55000000000001,80.15,8816470,5558345,0.20000000000000284,0.002514142049025805,True,True,True,False,blocked_no_broker_call,spot_band
2026-07-23,2026-07-23T09:46:46.144937+05:30,NIFTY,NSE:NIFTY 50,23912.0,2026-07-23 09:46:43,2026-07-28,5,22716.399999999998,25107.600000000002,NIFTY26JUL24050PE,16369154,24050.0,PE,0.005771160923385699,kite_quote_api,2026-07-23 09:46:45,1.144937,211.15,211.65,211.4,210.0,3751865,2293850,0.5,0.0023651844843897824,True,True,True,False,blocked_no_broker_call,spot_band
2026-07-23,2026-07-23T09:46:46.144937+05:30,NIFTY,NSE:NIFTY 50,23912.0,2026-07-23 09:46:43,2026-07-28,5,22716.399999999998,25107.600000000002,NIFTY26JUL24100CE,16369410,24100.0,CE,0.007862161257945699,kite_quote_api,2026-07-23 09:46:45,1.144937,64.5,64.7,64.6,64.7,12827230,9708140,0.20000000000000284,0.003095975232198187,True,True,True,False,blocked_no_broker_call,spot_band
2026-07-23,2026-07-23T09:46:46.144937+05:30,NIFTY,NSE:NIFTY 50,23912.0,2026-07-23 09:46:43,2026-07-28,5,22716.399999999998,25107.600000000002,NIFTY26JUL24100PE,16369666,24100.0,PE,0.007862161257945699,kite_quote_api,2026-07-23 09:46:45,1.144937,243.95,244.5,244.225,244.2,5165745,4723095,0.5500000000000114,0.0022520217013000774,True,True,True,False,blocked_no_broker_call,spot_band
2026-07-23,2026-07-23T09:46:46.144937+05:30,NIFTY,NSE:NIFTY 50,23912.0,2026-07-23 09:46:43,2026-07-28,5,22716.399999999998,25107.600000000002,NIFTY26JUL24150CE,16369922,24150.0,CE,0.009953161592505921,kite_quote_api,2026-07-23 09:46:45,1.144937,51.35,51.5,51.425,51.35,7009015,4788810,0.14999999999999858,0.002916869227029627,True,True,True,False,blocked_no_broker_call,spot_band
2026-07-23,2026-07-23T09:46:46.144937+05:30,NIFTY,NSE:NIFTY 50,23912.0,2026-07-23 09:46:43,2026-07-28,5,22716.399999999998,25107.600000000002,NIFTY26JUL24150PE,16370178,24150.0,PE,0.009953161592505921,kite_quote_api,2026-07-23 09:46:45,1.144937,280.8,281.55,281.175,281.15,944710,775645,0.75,0.0026673779674579886,True,True,True,False,blocked_no_broker_call,spot_band
2026-07-23,2026-07-23T09:46:46.144937+05:30,NIFTY,NSE:NIFTY 50,23912.0,2026-07-23 09:46:43,2026-07-28,5,22716.399999999998,25107.600000000002,NIFTY26JUL24200CE,16370434,24200.0,CE,0.012044161927065922,kite_quote_api,2026-07-23 09:46:45,1.144937,40.45,40.55,40.5,40.55,15114645,14831960,0.09999999999999432,0.0024691358024689952,True,True,True,False,blocked_no_broker_call,spot_band
2026-07-23,2026-07-23T09:46:46.144937+05:30,NIFTY,NSE:NIFTY 50,23912.0,2026-07-23 09:46:43,2026-07-28,5,22716.399999999998,25107.600000000002,NIFTY26JUL24200PE,16370690,24200.0,PE,0.012044161927065922,kite_quote_api,2026-07-23 09:46:45,1.144937,322.3,323.05,322.675,322.0,3804125,6835465,0.75,0.0023243201363601146,True,True,True,False,blocked_no_broker_call,spot_band
2026-07-23,2026-07-23T09:46:46.144937+05:30,NIFTY,NSE:NIFTY 50,23912.0,2026-07-23 09:46:43,2026-07-28,5,22716.399999999998,25107.600000000002,NIFTY26JUL24250CE,16370946,24250.0,CE,0.014135162261625922,kite_quote_api,2026-07-23 09:46:45,1.144937,31.85,31.95,31.9,31.9,5791955,3675490,0.09999999999999787,0.0031347962382444476,True,True,True,False,blocked_no_broker_call,spot_band
2026-07-23,2026-07-23T09:46:46.144937+05:30,NIFTY,NSE:NIFTY 50,23912.0,2026-07-23 09:46:43,2026-07-28,5,22716.399999999998,25107.600000000002,NIFTY26JUL24250PE,16371202,24250.0,PE,0.014135162261625922,kite_quote_api,2026-07-23 09:46:45,1.144937,362.9,363.95,363.42499999999995,362.75,325845,744900,1.0500000000000114,0.0028891793354887843,True,True,True,False,blocked_no_broker_call,spot_band
2026-07-23,2026-07-23T09:46:46.144937+05:30,NIFTY,NSE:NIFTY 50,23912.0,2026-07-23 09:46:43,2026-07-28,5,22716.399999999998,25107.600000000002,NIFTY26JUL24300CE,16371458,24300.0,CE,0.016226162596185922,kite_quote_api,2026-07-23 09:46:45,1.144937,25.05,25.15,25.1,25.15,12436710,8790405,0.09999999999999787,0.003984063745019835,True,True,True,False,blocked_no_broker_call,spot_band
2026-07-23,2026-07-23T09:46:46.144937+05:30,NIFTY,NSE:NIFTY 50,23912.0,2026-07-23 09:46:43,2026-07-28,5,22716.399999999998,25107.600000000002,NIFTY26JUL24300PE,16371714,24300.0,PE,0.016226162596185922,kite_quote_api,2026-07-23 09:46:45,1.144937,405.95,406.95,406.45,405.0,795925,2253420,1.0,0.0024603272235207284,True,True,True,False,blocked_no_broker_call,spot_band
2026-07-23,2026-07-23T09:46:46.144937+05:30,NIFTY,NSE:NIFTY 50,23912.0,2026-07-23 09:46:43,2026-07-28,5,22716.399999999998,25107.600000000002,NIFTY26JUL24350CE,16371970,24350.0,CE,0.018317162930746145,kite_quote_api,2026-07-23 09:46:45,1.144937,19.85,19.95,19.9,19.8,4734665,2848235,0.09999999999999787,0.005025125628140597,True,True,True,False,blocked_no_broker_call,spot_band
2026-07-23,2026-07-23T09:46:46.144937+05:30,NIFTY,NSE:NIFTY 50,23912.0,2026-07-23 09:46:43,2026-07-28,5,22716.399999999998,25107.600000000002,NIFTY26JUL24350PE,16372226,24350.0,PE,0.018317162930746145,kite_quote_api,2026-07-23 09:46:45,1.144937,450.0,451.1,450.55,450.0,66950,190190,1.1000000000000227,0.0024414604372434198,True,True,True,False,blocked_no_broker_call,spot_band
2026-07-23,2026-07-23T09:46:46.144937+05:30,NIFTY,NSE:NIFTY 50,23912.0,2026-07-23 09:46:43,2026-07-28,5,22716.399999999998,25107.600000000002,NIFTY26JUL24400CE,16372482,24400.0,CE,0.020408163265306145,kite_quote_api,2026-07-23 09:46:45,1.144937,15.9,15.95,15.925,16.0,7778615,5333055,0.049999999999998934,0.003139717425431644,True,True,True,False,blocked_no_broker_call,spot_band
2026-07-23,2026-07-23T09:46:46.144937+05:30,NIFTY,NSE:NIFTY 50,23912.0,2026-07-23 09:46:43,2026-07-28,5,22716.399999999998,25107.600000000002,NIFTY26JUL24400PE,16372738,24400.0,PE,0.020408163265306145,kite_quote_api,2026-07-23 09:46:45,1.144937,496.0,497.35,496.675,496.0,203905,975130,1.3500000000000227,0.0027180752000805814,True,True,True,False,blocked_no_broker_call,spot_band
2026-07-23,2026-07-23T09:46:46.144937+05:30,NIFTY,NSE:NIFTY 50,23912.0,2026-07-23 09:46:43,2026-07-28,5,22716.399999999998,25107.600000000002,NIFTY26JUL24450CE,16372994,24450.0,CE,0.022499163599866145,kite_quote_api,2026-07-23 09:46:45,1.144937,12.85,12.9,12.875,12.8,4836390,2262715,0.05000000000000071,0.0038834951456311233,True,True,True,False,blocked_no_broker_call,spot_band
2026-07-23,2026-07-23T09:46:46.144937+05:30,NIFTY,NSE:NIFTY 50,23912.0,2026-07-23 09:46:43,2026-07-28,5,22716.399999999998,25107.600000000002,NIFTY26JUL24450PE,16373250,24450.0,PE,0.022499163599866145,kite_quote_api,2026-07-23 09:46:44,2.144937,542.8,545.8,544.3,541.0,23465,110500,3.0,0.005511666360462981,True,True,True,False,blocked_no_broker_call,spot_band
2026-07-23,2026-07-23T09:46:46.144937+05:30,NIFTY,NSE:NIFTY 50,23912.0,2026-07-23 09:46:43,2026-07-28,5,22716.399999999998,25107.600000000002,NIFTY26JUL24500CE,16373506,24500.0,CE,0.024590163934426146,kite_quote_api,2026-07-23 09:46:45,1.144937,10.3,10.35,10.325,10.4,11596325,9607195,0.049999999999998934,0.0048426150121064345,True,True,True,False,blocked_no_broker_call,spot_band
2026-07-23,2026-07-23T09:46:46.144937+05:30,NIFTY,NSE:NIFTY 50,23912.0,2026-07-23 09:46:43,2026-07-28,5,22716.399999999998,25107.600000000002,NIFTY26JUL24500PE,16373762,24500.0,PE,0.024590163934426146,kite_quote_api,2026-07-23 09:46:45,1.144937,590.6,592.55,591.575,588.2,335530,2896855,1.9499999999999318,0.0032962853399821353,True,True,True,False,blocked_no_broker_call,spot_band
2026-07-23,2026-07-23T09:46:46.144937+05:30,NIFTY,NSE:NIFTY 50,23912.0,2026-07-23 09:46:43,2026-07-28,5,22716.399999999998,25107.600000000002,NIFTY26JUL24550CE,16374018,24550.0,CE,0.026681164268986368,kite_quote_api,2026-07-23 09:46:45,1.144937,8.35,8.45,8.399999999999999,8.4,4153825,1939080,0.09999999999999964,0.011904761904761864,True,True,True,False,blocked_no_broker_call,spot_band
2026-07-23,2026-07-23T09:46:46.144937+05:30,NIFTY,NSE:NIFTY 50,23912.0,2026-07-23 09:46:43,2026-07-28,5,22716.399999999998,25107.600000000002,NIFTY26JUL24550PE,16374274,24550.0,PE,0.026681164268986368,kite_quote_api,2026-07-23 09:46:45,1.144937,636.7,640.8,638.75,642.6,5720,97500,4.099999999999909,0.006418786692759153,True,True,True,False,blocked_no_broker_call,spot_band
2026-07-23,2026-07-23T09:46:46.144937+05:30,NIFTY,NSE:NIFTY 50,23912.0,2026-07-23 09:46:43,2026-07-28,5,22716.399999999998,25107.600000000002,NIFTY26JUL24600CE,16374530,24600.0,CE,0.02877216460354637,kite_quote_api,2026-07-23 09:46:45,1.144937,6.8,6.85,6.824999999999999,6.85,7894510,6008470,0.04999999999999982,0.007326007326007301,True,True,True,False,blocked_no_broker_call,spot_band
2026-07-23,2026-07-23T09:46:46.144937+05:30,NIFTY,NSE:NIFTY 50,23912.0,2026-07-23 09:46:43,2026-07-28,5,22716.399999999998,25107.600000000002,NIFTY26JUL24600PE,16374786,24600.0,PE,0.02877216460354637,kite_quote_api,2026-07-23 09:46:44,2.144937,686.8,690.0,688.4,679.45,78000,471510,3.2000000000000455,0.004648460197559625,True,True,True,False,blocked_no_broker_call,spot_band
2026-07-23,2026-07-23T09:46:46.144937+05:30,NIFTY,NSE:NIFTY 50,23912.0,2026-07-23 09:46:43,2026-07-28,5,22716.399999999998,25107.600000000002,NIFTY26JUL24650CE,16375042,24650.0,CE,0.03086316493810637,kite_quote_api,2026-07-23 09:46:45,1.144937,5.8,5.9,5.85,5.85,3184740,2541240,0.10000000000000053,0.017094017094017186,True,True,True,False,blocked_no_broker_call,spot_band|selected_profile_leg
2026-07-23,2026-07-23T09:46:46.144937+05:30,NIFTY,NSE:NIFTY 50,23912.0,2026-07-23 09:46:43,2026-07-28,5,22716.399999999998,25107.600000000002,NIFTY26JUL24650PE,16375298,24650.0,PE,0.03086316493810637,kite_quote_api,2026-07-23 09:46:45,1.144937,732.8,737.6,735.2,759.0,1040,40430,4.800000000000068,0.006528835690968536,True,True,True,False,blocked_no_broker_call,spot_band
2026-07-23,2026-07-23T09:46:46.144937+05:30,NIFTY,NSE:NIFTY 50,23912.0,2026-07-23 09:46:43,2026-07-28,5,22716.399999999998,25107.600000000002,NIFTY26JUL24700CE,16375554,24700.0,CE,0.03295416527266637,kite_quote_api,2026-07-23 09:46:45,1.144937,5.2,5.25,5.225,5.2,8838505,6359275,0.04999999999999982,0.009569377990430589,True,True,True,False,blocked_no_broker_call,spot_band
2026-07-23,2026-07-23T09:46:46.144937+05:30,NIFTY,NSE:NIFTY 50,23912.0,2026-07-23 09:46:43,2026-07-28,5,22716.399999999998,25107.600000000002,NIFTY26JUL24700PE,16375810,24700.0,PE,0.03295416527266637,kite_quote_api,2026-07-23 09:46:45,1.144937,780.4,786.4,783.4,785.05,30550,277225,6.0,0.007658922644881287,True,True,True,False,blocked_no_broker_call,spot_band
2026-07-23,2026-07-23T09:46:46.144937+05:30,NIFTY,NSE:NIFTY 50,23912.0,2026-07-23 09:46:43,2026-07-28,5,22716.399999999998,25107.600000000002,NIFTY26JUL24750CE,16376066,24750.0,CE,0.03504516560722659,kite_quote_api,2026-07-23 09:46:44,2.144937,4.45,4.5,4.475,4.5,3181555,1842945,0.04999999999999982,0.01117318435754186,True,True,True,False,blocked_no_broker_call,spot_band
2026-07-23,2026-07-23T09:46:46.144937+05:30,NIFTY,NSE:NIFTY 50,23912.0,2026-07-23 09:46:43,2026-07-28,5,22716.399999999998,25107.600000000002,NIFTY26JUL24750PE,16376322,24750.0,PE,0.03504516560722659,kite_quote_api,2026-07-23 09:46:44,2.144937,833.65,838.65,836.15,840.0,3185,33150,5.0,0.005979788315493632,True,True,True,False,blocked_no_broker_call,spot_band
2026-07-23,2026-07-23T09:46:46.144937+05:30,NIFTY,NSE:NIFTY 50,23912.0,2026-07-23 09:46:43,2026-07-28,5,22716.399999999998,25107.600000000002,NIFTY26JUL24800CE,16376578,24800.0,CE,0.03713616594178659,kite_quote_api,2026-07-23 09:46:45,1.144937,3.95,4.0,3.975,4.0,5879120,5080075,0.04999999999999982,0.012578616352201213,True,True,True,False,blocked_no_broker_call,spot_band
2026-07-23,2026-07-23T09:46:46.144937+05:30,NIFTY,NSE:NIFTY 50,23912.0,2026-07-23 09:46:43,2026-07-28,5,22716.399999999998,25107.600000000002,NIFTY26JUL24800PE,16376834,24800.0,PE,0.03713616594178659,kite_quote_api,2026-07-23 09:46:44,2.144937,882.15,887.25,884.7,882.3,8125,300690,5.100000000000023,0.005764665988470694,True,True,True,False,blocked_no_broker_call,spot_band
2026-07-23,2026-07-23T09:46:46.144937+05:30,NIFTY,NSE:NIFTY 50,23912.0,2026-07-23 09:46:43,2026-07-28,5,22716.399999999998,25107.600000000002,NIFTY26JUL24850CE,16377090,24850.0,CE,0.03922716627634659,kite_quote_api,2026-07-23 09:46:45,1.144937,3.6,3.65,3.625,3.6,2651415,1284140,0.04999999999999982,0.013793103448275813,True,True,True,False,blocked_no_broker_call,spot_band
2026-07-23,2026-07-23T09:46:46.144937+05:30,NIFTY,NSE:NIFTY 50,23912.0,2026-07-23 09:46:43,2026-07-28,5,22716.399999999998,25107.600000000002,NIFTY26JUL24850PE,16377346,24850.0,PE,0.03922716627634659,kite_quote_api,2026-07-23 09:46:45,1.144937,931.0,937.0,934.0,916.7,910,19175,6.0,0.006423982869379015,True,True,True,False,blocked_no_broker_call,spot_band
2026-07-23,2026-07-23T09:46:46.144937+05:30,NIFTY,NSE:NIFTY 50,23912.0,2026-07-23 09:46:43,2026-07-28,5,22716.399999999998,25107.600000000002,NIFTY26JUL24900CE,16377602,24900.0,CE,0.04131816661090659,kite_quote_api,2026-07-23 09:46:45,1.144937,3.25,3.3,3.275,3.3,4849845,3344835,0.04999999999999982,0.01526717557251903,True,True,True,False,blocked_no_broker_call,spot_band
2026-07-23,2026-07-23T09:46:46.144937+05:30,NIFTY,NSE:NIFTY 50,23912.0,2026-07-23 09:46:43,2026-07-28,5,22716.399999999998,25107.600000000002,NIFTY26JUL24900PE,16377858,24900.0,PE,0.04131816661090659,kite_quote_api,2026-07-23 09:46:45,1.144937,979.85,986.8,983.325,980.2,1755,82290,6.949999999999932,0.007067856507258466,True,True,True,False,blocked_no_broker_call,spot_band
2026-07-23,2026-07-23T09:46:46.144937+05:30,NIFTY,NSE:NIFTY 50,23912.0,2026-07-23 09:46:43,2026-07-28,5,22716.399999999998,25107.600000000002,NIFTY26JUL24950CE,16378114,24950.0,CE,0.043409166945466815,kite_quote_api,2026-07-23 09:46:45,1.144937,3.1,3.15,3.125,3.1,3889340,2941575,0.04999999999999982,0.015999999999999945,True,True,True,False,blocked_no_broker_call,spot_band
2026-07-23,2026-07-23T09:46:46.144937+05:30,NIFTY,NSE:NIFTY 50,23912.0,2026-07-23 09:46:43,2026-07-28,5,22716.399999999998,25107.600000000002,NIFTY26JUL24950PE,16378370,24950.0,PE,0.043409166945466815,kite_quote_api,2026-07-23 09:46:45,1.144937,1029.0,1035.2,1032.1,1030.7,65,12415,6.2000000000000455,0.006007169847883001,True,True,True,False,blocked_no_broker_call,spot_band
2026-07-23,2026-07-23T09:46:46.144937+05:30,NIFTY,NSE:NIFTY 50,23912.0,2026-07-23 09:46:43,2026-07-28,5,22716.399999999998,25107.600000000002,NIFTY26JUL25000CE,16378626,25000.0,CE,0.045500167280026815,kite_quote_api,2026-07-23 09:46:45,1.144937,2.8,2.85,2.825,2.8,8791120,12841530,0.050000000000000266,0.01769911504424788,True,True,True,False,blocked_no_broker_call,spot_band
2026-07-23,2026-07-23T09:46:46.144937+05:30,NIFTY,NSE:NIFTY 50,23912.0,2026-07-23 09:46:43,2026-07-28,5,22716.399999999998,25107.600000000002,NIFTY26JUL25000PE,16378882,25000.0,PE,0.045500167280026815,kite_quote_api,2026-07-23 09:46:44,2.144937,1081.0,1084.0,1082.5,1083.15,27300,1911585,3.0,0.002771362586605081,True,True,True,False,blocked_no_broker_call,spot_band
2026-07-23,2026-07-23T09:46:46.144937+05:30,NIFTY,NSE:NIFTY 50,23912.0,2026-07-23 09:46:43,2026-07-28,5,22716.399999999998,25107.600000000002,NIFTY26JUL25050CE,16379138,25050.0,CE,0.047591167614586816,kite_quote_api,2026-07-23 09:46:45,1.144937,2.6,2.65,2.625,2.65,1232920,1198925,0.04999999999999982,0.01904761904761898,True,True,True,False,blocked_no_broker_call,spot_band
2026-07-23,2026-07-23T09:46:46.144937+05:30,NIFTY,NSE:NIFTY 50,23912.0,2026-07-23 09:46:43,2026-07-28,5,22716.399999999998,25107.600000000002,NIFTY26JUL25050PE,16379394,25050.0,PE,0.047591167614586816,kite_quote_api,2026-07-23 09:46:32,14.144937,1113.4,1168.15,1140.775,1064.7,0,2210,54.75,0.04799368850123819,True,True,True,False,blocked_no_broker_call,spot_band
2026-07-23,2026-07-23T09:46:46.144937+05:30,NIFTY,NSE:NIFTY 50,23912.0,2026-07-23 09:46:43,2026-07-28,5,22716.399999999998,25107.600000000002,NIFTY26JUL25100CE,16379650,25100.0,CE,0.049682167949146816,kite_quote_api,2026-07-23 09:46:44,2.144937,2.25,2.3,2.275,2.3,4342585,3390660,0.04999999999999982,0.0219780219780219,True,True,True,False,blocked_no_broker_call,spot_band
2026-07-23,2026-07-23T09:46:46.144937+05:30,NIFTY,NSE:NIFTY 50,23912.0,2026-07-23 09:46:43,2026-07-28,5,22716.399999999998,25107.600000000002,NIFTY26JUL25100PE,16379906,25100.0,PE,0.049682167949146816,kite_quote_api,2026-07-23 09:46:45,1.144937,1176.5,1187.95,1182.225,1144.55,65,49075,11.450000000000045,0.009685127619531008,True,True,True,False,blocked_no_broker_call,spot_band
2026-07-23,2026-07-23T09:46:46.144937+05:30,NIFTY,NSE:NIFTY 50,23912.0,2026-07-23 09:46:43,2026-07-28,5,22716.399999999998,25107.600000000002,NIFTY26JUL25800CE,16387842,25800.0,CE,0.07895617263298771,kite_quote_api,2026-07-23 09:46:45,1.144937,1.0,1.05,1.025,1.0,788840,1464580,0.050000000000000044,0.0487804878048781,True,True,True,False,blocked_no_broker_call,selected_profile_leg_supplement
