collection_batch_id,collection_date_ist,collection_status,operator_action,capture_id,signal_id,capture_status,observation_phase,profile,entry_date,expiry_date,lot_size,broker_order_allowed,order_route,expiry_policy,modeled_credit_points,premium_tolerance_floor_points,premium_tolerance_ceiling_points,itemized_entry_cost_points,modeled_net_after_entry_cost_points,defensive_leg_premiums_model,growth_leg_premiums_model,observed_timestamp_ist,quote_source,quote_age_seconds,def_short_call_bid,def_short_call_ask,def_short_put_bid,def_short_put_ask,def_long_call_bid,def_long_call_ask,def_long_put_bid,def_long_put_ask,growth_short_call_bid,growth_short_call_ask,growth_short_put_bid,growth_short_put_ask,growth_long_call_bid,growth_long_call_ask,growth_long_put_bid,growth_long_put_ask,observed_defensive_credit_points,observed_growth_credit_points,observed_weighted_credit_points,observed_vs_modeled_credit_diff_points,observed_vs_modeled_credit_diff_pct,within_10pct_adverse_tolerance,within_15pct_adverse_tolerance,quote_freshness_pass,all_legs_available,spread_quality_pass,cost_module_version_checked,surprise_cost_flag,skip_or_accept_decision,skip_reason_observed,operator_notes
TB11_PHASE1_OBS_20260623,2026-06-23,awaiting_live_market_observation,fill_observed_quote_fields_only_no_orders,OBS_TB11_DRY_0002,TB11_DRY_0002,pending_observation,phase_1_dry_run_observed_quotes,def_full_resg0_ovg50,2019-02-25,2019-02-28,65,False,blocked_no_broker_call,exit_before_expiry_required,4.121250000000002,3.5030625000000013,4.739437500000001,2.187375573311538,1.9338744266884635,SC=1.2000|SP=4.4000|LC=0.2000|LP=1.5500,SC=1.2000|SP=4.4000|LC=0.2000|LP=1.5500,,,,,,,,,,,,,,,,,,,,,,,,,,,,,,itemized_indian_fno_cost_enabled,,pending_observation,,
TB11_PHASE1_OBS_20260623,2026-06-23,awaiting_live_market_observation,fill_observed_quote_fields_only_no_orders,OBS_TB11_DRY_0003,TB11_DRY_0003,pending_observation,phase_1_dry_run_observed_quotes,def_full_resg0_ovg50,2019-05-20,2019-05-23,65,False,blocked_no_broker_call,exit_before_expiry_required,143.11874999999998,121.65093749999998,164.58656249999996,2.4177596412115383,140.70099035878843,SC=108.4500|SP=48.6500|LC=13.5500|LP=19.6000,SC=108.4500|SP=48.6500|LC=13.5500|LP=19.6000,,,,,,,,,,,,,,,,,,,,,,,,,,,,,,itemized_indian_fno_cost_enabled,,pending_observation,,
TB11_PHASE1_OBS_20260623,2026-06-23,awaiting_live_market_observation,fill_observed_quote_fields_only_no_orders,OBS_TB11_DRY_0004,TB11_DRY_0004,pending_observation,phase_1_dry_run_observed_quotes,def_full_resg0_ovg50,2019-05-22,2019-05-30,65,False,blocked_no_broker_call,exit_before_expiry_required,228.255,194.01675,262.49325,2.619324976661538,225.63567502333848,SC=159.2500|SP=122.8000|LC=34.1000|LP=42.0500,SC=159.2500|SP=122.8000|LC=34.1000|LP=42.0500,,,,,,,,,,,,,,,,,,,,,,,,,,,,,,itemized_indian_fno_cost_enabled,,pending_observation,,
TB11_PHASE1_OBS_20260623,2026-06-23,awaiting_live_market_observation,fill_observed_quote_fields_only_no_orders,OBS_TB11_DRY_0005,TB11_DRY_0005,pending_observation,phase_1_dry_run_observed_quotes,def_full_resg0_ovg50,2019-05-23,2019-05-30,65,False,blocked_no_broker_call,exit_before_expiry_required,69.5325,59.102625,79.962375,2.288094219761539,67.24440578023847,SC=18.9000|SP=53.9000|LC=4.8500|LP=8.6500,SC=18.9000|SP=53.9000|LC=4.8500|LP=8.6500,,,,,,,,,,,,,,,,,,,,,,,,,,,,,,itemized_indian_fno_cost_enabled,,pending_observation,,
TB11_PHASE1_OBS_20260623,2026-06-23,awaiting_live_market_observation,fill_observed_quote_fields_only_no_orders,OBS_TB11_DRY_0006,TB11_DRY_0006,pending_observation,phase_1_dry_run_observed_quotes,def_full_resg0_ovg50,2019-09-23,2019-09-26,65,False,blocked_no_broker_call,exit_before_expiry_required,23.9775,20.380875,27.574125,2.220959237561538,21.756540762438465,SC=13.5500|SP=14.0500|LC=1.7500|LP=4.7500,SC=13.5500|SP=14.0500|LC=1.7500|LP=4.7500,,,,,,,,,,,,,,,,,,,,,,,,,,,,,,itemized_indian_fno_cost_enabled,,pending_observation,,
TB11_PHASE1_OBS_20260623,2026-06-23,awaiting_live_market_observation,fill_observed_quote_fields_only_no_orders,OBS_TB11_DRY_0007,TB11_DRY_0007,pending_observation,phase_1_dry_run_observed_quotes,def_full_resg0_ovg50,2019-09-26,2019-10-03,65,False,blocked_no_broker_call,exit_before_expiry_required,28.2675,24.027375,32.507625,2.2193729251615384,26.04812707483846,SC=18.1500|SP=9.5000|LC=1.4500|LP=2.6000,SC=18.1500|SP=9.5000|LC=1.4500|LP=2.6000,,,,,,,,,,,,,,,,,,,,,,,,,,,,,,itemized_indian_fno_cost_enabled,,pending_observation,,
TB11_PHASE1_OBS_20260623,2026-06-23,awaiting_live_market_observation,fill_observed_quote_fields_only_no_orders,OBS_TB11_DRY_0008,TB11_DRY_0008,pending_observation,phase_1_dry_run_observed_quotes,def_full_resg0_ovg50,2019-10-14,2019-10-17,65,False,blocked_no_broker_call,exit_before_expiry_required,15.6825,13.330125,18.034875,2.1997676497615384,13.482732350238464,SC=1.3000|SP=13.3000|LC=0.1500|LP=1.5500,SC=1.3000|SP=13.3000|LC=0.1500|LP=1.5500,,,,,,,,,,,,,,,,,,,,,,,,,,,,,,itemized_indian_fno_cost_enabled,,pending_observation,,
TB11_PHASE1_OBS_20260623,2026-06-23,awaiting_live_market_observation,fill_observed_quote_fields_only_no_orders,OBS_TB11_DRY_0009,TB11_DRY_0009,pending_observation,phase_1_dry_run_observed_quotes,def_full_resg0_ovg50,2019-10-17,2019-10-24,65,False,blocked_no_broker_call,exit_before_expiry_required,15.4725,13.151625,17.793374999999997,2.2036099933615385,13.26889000663846,SC=2.0000|SP=14.6000|LC=0.1500|LP=3.1500,SC=2.0000|SP=14.6000|LC=0.1500|LP=3.1500,,,,,,,,,,,,,,,,,,,,,,,,,,,,,,itemized_indian_fno_cost_enabled,,pending_observation,,
TB11_PHASE1_OBS_20260623,2026-06-23,awaiting_live_market_observation,fill_observed_quote_fields_only_no_orders,OBS_TB11_DRY_0010,TB11_DRY_0010,pending_observation,phase_1_dry_run_observed_quotes,def_full_resg0_ovg50,2019-12-16,2019-12-19,65,False,blocked_no_broker_call,exit_before_expiry_required,5.00625,4.2553125,5.757187499999999,2.186934932711538,2.819315067288461,SC=0.8000|SP=4.7500|LC=0.0500|LP=1.1500,SC=0.8000|SP=4.7500|LC=0.0500|LP=1.1500,,,,,,,,,,,,,,,,,,,,,,,,,,,,,,itemized_indian_fno_cost_enabled,,pending_observation,,
TB11_PHASE1_OBS_20260623,2026-06-23,awaiting_live_market_observation,fill_observed_quote_fields_only_no_orders,OBS_TB11_DRY_0011,TB11_DRY_0011,pending_observation,phase_1_dry_run_observed_quotes,def_full_resg0_ovg50,2020-06-01,2020-06-04,65,False,blocked_no_broker_call,exit_before_expiry_required,65.83875,55.9629375,75.7145625,2.2772266980115385,63.56152330198847,SC=9.6000|SP=56.6500|LC=1.8500|LP=8.9500,SC=9.6000|SP=56.6500|LC=1.8500|LP=8.9500,,,,,,,,,,,,,,,,,,,,,,,,,,,,,,itemized_indian_fno_cost_enabled,,pending_observation,,
TB11_PHASE1_OBS_20260623,2026-06-23,awaiting_live_market_observation,fill_observed_quote_fields_only_no_orders,OBS_TB11_DRY_0012,TB11_DRY_0012,pending_observation,phase_1_dry_run_observed_quotes,def_full_resg0_ovg50,2020-06-04,2020-06-11,65,False,blocked_no_broker_call,exit_before_expiry_required,107.0325,90.977625,123.087375,2.3271754477615385,104.70532455223848,SC=27.9500|SP=73.4500|LC=2.7000|LP=10.2000,SC=27.9500|SP=73.4500|LC=2.7000|LP=10.2000,,,,,,,,,,,,,,,,,,,,,,,,,,,,,,itemized_indian_fno_cost_enabled,,pending_observation,,
TB11_PHASE1_OBS_20260623,2026-06-23,awaiting_live_market_observation,fill_observed_quote_fields_only_no_orders,OBS_TB11_DRY_0013,TB11_DRY_0013,pending_observation,phase_1_dry_run_observed_quotes,def_full_resg0_ovg50,2020-06-18,2020-06-25,65,False,blocked_no_broker_call,exit_before_expiry_required,104.48625,88.81331250000001,120.1591875,2.3694397599115384,102.11681024008848,SC=15.9500|SP=107.4000|LC=2.6500|LP=27.9500,SC=15.9500|SP=107.4000|LC=2.6500|LP=27.9500,,,,,,,,,,,,,,,,,,,,,,,,,,,,,,itemized_indian_fno_cost_enabled,,pending_observation,,
TB11_PHASE1_OBS_20260623,2026-06-23,awaiting_live_market_observation,fill_observed_quote_fields_only_no_orders,OBS_TB11_DRY_0014,TB11_DRY_0014,pending_observation,phase_1_dry_run_observed_quotes,def_full_resg0_ovg50,2020-06-22,2020-06-25,65,False,blocked_no_broker_call,exit_before_expiry_required,60.88125,51.7490625,70.0134375,2.276818403711539,58.60443159628846,SC=4.6500|SP=60.3500|LC=0.8500|LP=11.9000,SC=4.6500|SP=60.3500|LC=0.8500|LP=11.9000,,,,,,,,,,,,,,,,,,,,,,,,,,,,,,itemized_indian_fno_cost_enabled,,pending_observation,,
TB11_PHASE1_OBS_20260623,2026-06-23,awaiting_live_market_observation,fill_observed_quote_fields_only_no_orders,OBS_TB11_DRY_0015,TB11_DRY_0015,pending_observation,phase_1_dry_run_observed_quotes,def_full_resg0_ovg50,2020-07-06,2020-07-09,65,False,blocked_no_broker_call,exit_before_expiry_required,23.887500000000003,20.304375,27.470625,2.212722289961538,21.674777710038462,SC=5.2500|SP=17.9500|LC=0.3500|LP=2.9500,SC=5.2500|SP=17.9500|LC=0.3500|LP=2.9500,,,,,,,,,,,,,,,,,,,,,,,,,,,,,,itemized_indian_fno_cost_enabled,,pending_observation,,
TB11_PHASE1_OBS_20260623,2026-06-23,awaiting_live_market_observation,fill_observed_quote_fields_only_no_orders,OBS_TB11_DRY_0016,TB11_DRY_0016,pending_observation,phase_1_dry_run_observed_quotes,def_full_resg0_ovg50,2020-07-20,2020-07-23,65,False,blocked_no_broker_call,exit_before_expiry_required,39.165,33.29025,45.03975,2.2337170210615387,36.93128297893846,SC=3.5000|SP=34.0500|LC=0.6000|LP=4.4500,SC=3.5000|SP=34.0500|LC=0.6000|LP=4.4500,,,,,,,,,,,,,,,,,,,,,,,,,,,,,,itemized_indian_fno_cost_enabled,,pending_observation,,
TB11_PHASE1_OBS_20260623,2026-06-23,awaiting_live_market_observation,fill_observed_quote_fields_only_no_orders,OBS_TB11_DRY_0017,TB11_DRY_0017,pending_observation,phase_1_dry_run_observed_quotes,def_full_resg0_ovg50,2020-08-10,2020-08-13,65,False,blocked_no_broker_call,exit_before_expiry_required,10.995,9.34575,12.64425,2.1959635222615383,8.799036477738463,SC=2.1500|SP=9.4500|LC=0.7000|LP=1.5000,SC=2.1500|SP=9.4500|LC=0.7000|LP=1.5000,,,,,,,,,,,,,,,,,,,,,,,,,,,,,,itemized_indian_fno_cost_enabled,,pending_observation,,
TB11_PHASE1_OBS_20260623,2026-06-23,awaiting_live_market_observation,fill_observed_quote_fields_only_no_orders,OBS_TB11_DRY_0018,TB11_DRY_0018,pending_observation,phase_1_dry_run_observed_quotes,def_full_resg0_ovg50,2020-08-27,2020-09-03,65,False,blocked_no_broker_call,exit_before_expiry_required,26.13375,22.2136875,30.0538125,2.2244387778115384,23.90931122218846,SC=4.4500|SP=25.4500|LC=1.2500|LP=5.7000,SC=4.4500|SP=25.4500|LC=1.2500|LP=5.7000,,,,,,,,,,,,,,,,,,,,,,,,,,,,,,itemized_indian_fno_cost_enabled,,pending_observation,,
TB11_PHASE1_OBS_20260623,2026-06-23,awaiting_live_market_observation,fill_observed_quote_fields_only_no_orders,OBS_TB11_DRY_0019,TB11_DRY_0019,pending_observation,phase_1_dry_run_observed_quotes,def_full_resg0_ovg50,2020-10-05,2020-10-08,65,False,blocked_no_broker_call,exit_before_expiry_required,27.6825,23.530125,31.834875,2.2155599617615387,25.46694003823846,SC=1.4000|SP=24.1000|LC=0.7500|LP=2.0500,SC=1.4000|SP=24.1000|LC=0.7500|LP=2.0500,,,,,,,,,,,,,,,,,,,,,,,,,,,,,,itemized_indian_fno_cost_enabled,,pending_observation,,
TB11_PHASE1_OBS_20260623,2026-06-23,awaiting_live_market_observation,fill_observed_quote_fields_only_no_orders,OBS_TB11_DRY_0020,TB11_DRY_0020,pending_observation,phase_1_dry_run_observed_quotes,def_full_resg0_ovg50,2020-10-08,2020-10-15,65,False,blocked_no_broker_call,exit_before_expiry_required,47.35125000000001,40.248562500000006,54.4539375,2.2442349465115385,45.10701505348847,SC=7.2500|SP=37.6000|LC=0.8500|LP=4.8500,SC=7.2500|SP=37.6000|LC=0.8500|LP=4.8500,,,,,,,,,,,,,,,,,,,,,,,,,,,,,,itemized_indian_fno_cost_enabled,,pending_observation,,
TB11_PHASE1_OBS_20260623,2026-06-23,awaiting_live_market_observation,fill_observed_quote_fields_only_no_orders,OBS_TB11_DRY_0021,TB11_DRY_0021,pending_observation,phase_1_dry_run_observed_quotes,def_full_resg0_ovg50,2020-10-12,2020-10-15,65,False,blocked_no_broker_call,exit_before_expiry_required,22.4775,19.105875,25.849125,2.209796477561538,20.26770352243846,SC=8.9000|SP=12.4500|LC=1.0500|LP=1.7000,SC=8.9000|SP=12.4500|LC=1.0500|LP=1.7000,,,,,,,,,,,,,,,,,,,,,,,,,,,,,,itemized_indian_fno_cost_enabled,,pending_observation,,
TB11_PHASE1_OBS_20260623,2026-06-23,awaiting_live_market_observation,fill_observed_quote_fields_only_no_orders,OBS_TB11_DRY_0022,TB11_DRY_0022,pending_observation,phase_1_dry_run_observed_quotes,def_full_resg0_ovg50,2020-11-13,2020-11-19,65,False,blocked_no_broker_call,exit_before_expiry_required,16.173750000000002,13.7476875,18.5998125,2.204369351411539,13.969380648588462,SC=4.9000|SP=12.2500|LC=1.0000|LP=2.3000,SC=4.9000|SP=12.2500|LC=1.0000|LP=2.3000,,,,,,,,,,,,,,,,,,,,,,,,,,,,,,itemized_indian_fno_cost_enabled,,pending_observation,,
TB11_PHASE1_OBS_20260623,2026-06-23,awaiting_live_market_observation,fill_observed_quote_fields_only_no_orders,OBS_TB11_DRY_0023,TB11_DRY_0023,pending_observation,phase_1_dry_run_observed_quotes,def_full_resg0_ovg50,2020-12-07,2020-12-10,65,False,blocked_no_broker_call,exit_before_expiry_required,9.67125,8.2205625,11.1219375,2.1951659793115383,7.476084020688463,SC=1.6000|SP=9.3000|LC=0.6000|LP=1.8500,SC=1.6000|SP=9.3000|LC=0.6000|LP=1.8500,,,,,,,,,,,,,,,,,,,,,,,,,,,,,,itemized_indian_fno_cost_enabled,,pending_observation,,
TB11_PHASE1_OBS_20260623,2026-06-23,awaiting_live_market_observation,fill_observed_quote_fields_only_no_orders,OBS_TB11_DRY_0024,TB11_DRY_0024,pending_observation,phase_1_dry_run_observed_quotes,def_full_resg0_ovg50,2020-12-28,2020-12-31,65,False,blocked_no_broker_call,exit_before_expiry_required,13.275000000000002,11.28375,15.26625,2.2042827094615385,11.070717290538465,SC=1.8000|SP=14.7000|LC=1.1000|LP=3.4000,SC=1.8000|SP=14.7000|LC=1.1000|LP=3.4000,,,,,,,,,,,,,,,,,,,,,,,,,,,,,,itemized_indian_fno_cost_enabled,,pending_observation,,
TB11_PHASE1_OBS_20260623,2026-06-23,awaiting_live_market_observation,fill_observed_quote_fields_only_no_orders,OBS_TB11_DRY_0025,TB11_DRY_0025,pending_observation,phase_1_dry_run_observed_quotes,def_full_resg0_ovg50,2021-01-07,2021-01-14,65,False,blocked_no_broker_call,exit_before_expiry_required,51.91125,44.1245625,59.6979375,2.2522251129115385,49.659024887088464,SC=3.6000|SP=46.4500|LC=1.5500|LP=5.3500,SC=3.6000|SP=46.4500|LC=1.5500|LP=5.3500,,,,,,,,,,,,,,,,,,,,,,,,,,,,,,itemized_indian_fno_cost_enabled,,pending_observation,,
TB11_PHASE1_OBS_20260623,2026-06-23,awaiting_live_market_observation,fill_observed_quote_fields_only_no_orders,OBS_TB11_DRY_0026,TB11_DRY_0026,pending_observation,phase_1_dry_run_observed_quotes,def_full_resg0_ovg50,2021-01-11,2021-01-14,65,False,blocked_no_broker_call,exit_before_expiry_required,22.9725,19.526625,26.418375,2.2161827533615384,20.75631724663846,SC=1.7000|SP=23.1500|LC=0.7500|LP=4.3000,SC=1.7000|SP=23.1500|LC=0.7500|LP=4.3000,,,,,,,,,,,,,,,,,,,,,,,,,,,,,,itemized_indian_fno_cost_enabled,,pending_observation,,
TB11_PHASE1_OBS_20260623,2026-06-23,awaiting_live_market_observation,fill_observed_quote_fields_only_no_orders,OBS_TB11_DRY_0027,TB11_DRY_0027,pending_observation,phase_1_dry_run_observed_quotes,def_full_resg0_ovg50,2021-02-01,2021-02-04,65,False,blocked_no_broker_call,exit_before_expiry_required,102.135,86.81474999999999,117.45524999999998,2.3142413518615386,99.82075864813844,SC=3.2500|SP=90.2500|LC=1.1500|LP=8.7500,SC=3.2500|SP=90.2500|LC=1.1500|LP=8.7500,,,,,,,,,,,,,,,,,,,,,,,,,,,,,,itemized_indian_fno_cost_enabled,,pending_observation,,
TB11_PHASE1_OBS_20260623,2026-06-23,awaiting_live_market_observation,fill_observed_quote_fields_only_no_orders,OBS_TB11_DRY_0028,TB11_DRY_0028,pending_observation,phase_1_dry_run_observed_quotes,def_full_resg0_ovg50,2021-02-04,2021-02-11,65,False,blocked_no_broker_call,exit_before_expiry_required,56.55375,48.0706875,65.0368125,2.264883078611539,54.28886692138846,SC=14.2000|SP=43.5500|LC=1.8000|LP=8.1000,SC=14.2000|SP=43.5500|LC=1.8000|LP=8.1000,,,,,,,,,,,,,,,,,,,,,,,,,,,,,,itemized_indian_fno_cost_enabled,,pending_observation,,
TB11_PHASE1_OBS_20260623,2026-06-23,awaiting_live_market_observation,fill_observed_quote_fields_only_no_orders,OBS_TB11_DRY_0029,TB11_DRY_0029,pending_observation,phase_1_dry_run_observed_quotes,def_full_resg0_ovg50,2021-02-08,2021-02-11,65,False,blocked_no_broker_call,exit_before_expiry_required,25.4625,21.643125,29.281875,2.2184975449615383,23.244002455038466,SC=6.3000|SP=20.3000|LC=1.5500|LP=3.3500,SC=6.3000|SP=20.3000|LC=1.5500|LP=3.3500,,,,,,,,,,,,,,,,,,,,,,,,,,,,,,itemized_indian_fno_cost_enabled,,pending_observation,,
TB11_PHASE1_OBS_20260623,2026-06-23,awaiting_live_market_observation,fill_observed_quote_fields_only_no_orders,OBS_TB11_DRY_0030,TB11_DRY_0030,pending_observation,phase_1_dry_run_observed_quotes,def_full_resg0_ovg50,2021-04-26,2021-04-29,65,False,blocked_no_broker_call,exit_before_expiry_required,58.40625,49.6453125,67.1671875,2.2535352327115383,56.15271476728846,SC=1.9500|SP=50.1500|LC=0.6500|LP=4.0000,SC=1.9500|SP=50.1500|LC=0.6500|LP=4.0000,,,,,,,,,,,,,,,,,,,,,,,,,,,,,,itemized_indian_fno_cost_enabled,,pending_observation,,
TB11_PHASE1_OBS_20260623,2026-06-23,awaiting_live_market_observation,fill_observed_quote_fields_only_no_orders,OBS_TB11_DRY_0031,TB11_DRY_0031,pending_observation,phase_1_dry_run_observed_quotes,def_full_resg0_ovg50,2021-04-29,2021-05-06,65,False,blocked_no_broker_call,exit_before_expiry_required,132.37875,112.5219375,152.2355625,2.3443204356115386,130.03442956438846,SC=90.5000|SP=25.3000|LC=3.0000|LP=5.8500,SC=90.5000|SP=25.3000|LC=3.0000|LP=5.8500,,,,,,,,,,,,,,,,,,,,,,,,,,,,,,itemized_indian_fno_cost_enabled,,pending_observation,,
TB11_PHASE1_OBS_20260623,2026-06-23,awaiting_live_market_observation,fill_observed_quote_fields_only_no_orders,OBS_TB11_DRY_0032,TB11_DRY_0032,pending_observation,phase_1_dry_run_observed_quotes,def_full_resg0_ovg50,2021-05-20,2021-05-27,65,False,blocked_no_broker_call,exit_before_expiry_required,76.59,65.1015,88.07849999999999,2.2781857540615382,74.31181424593846,SC=4.4000|SP=64.6000|LC=1.6000|LP=5.0000,SC=4.4000|SP=64.6000|LC=1.6000|LP=5.0000,,,,,,,,,,,,,,,,,,,,,,,,,,,,,,itemized_indian_fno_cost_enabled,,pending_observation,,
TB11_PHASE1_OBS_20260623,2026-06-23,awaiting_live_market_observation,fill_observed_quote_fields_only_no_orders,OBS_TB11_DRY_0033,TB11_DRY_0033,pending_observation,phase_1_dry_run_observed_quotes,def_full_resg0_ovg50,2021-05-31,2021-06-03,65,False,blocked_no_broker_call,exit_before_expiry_required,9.66,8.211,11.109,2.1962984128615384,7.463701587138462,SC=1.6500|SP=9.8500|LC=0.5500|LP=2.3500,SC=1.6500|SP=9.8500|LC=0.5500|LP=2.3500,,,,,,,,,,,,,,,,,,,,,,,,,,,,,,itemized_indian_fno_cost_enabled,,pending_observation,,
TB11_PHASE1_OBS_20260623,2026-06-23,awaiting_live_market_observation,fill_observed_quote_fields_only_no_orders,OBS_TB11_DRY_0034,TB11_DRY_0034,pending_observation,phase_1_dry_run_observed_quotes,def_full_resg0_ovg50,2021-08-04,2021-08-12,65,False,blocked_no_broker_call,exit_before_expiry_required,25.950000000000006,22.057500000000005,29.842500000000005,2.2213146724615385,23.728685327538468,SC=5.1000|SP=23.1000|LC=1.4000|LP=4.4000,SC=5.1000|SP=23.1000|LC=1.4000|LP=4.4000,,,,,,,,,,,,,,,,,,,,,,,,,,,,,,itemized_indian_fno_cost_enabled,,pending_observation,,
TB11_PHASE1_OBS_20260623,2026-06-23,awaiting_live_market_observation,fill_observed_quote_fields_only_no_orders,OBS_TB11_DRY_0035,TB11_DRY_0035,pending_observation,phase_1_dry_run_observed_quotes,def_full_resg0_ovg50,2021-12-27,2021-12-30,65,False,blocked_no_broker_call,exit_before_expiry_required,26.31,22.3635,30.2565,2.2153455268615385,24.094654473138466,SC=1.9500|SP=23.1500|LC=0.6500|LP=2.6500,SC=1.9500|SP=23.1500|LC=0.6500|LP=2.6500,,,,,,,,,,,,,,,,,,,,,,,,,,,,,,itemized_indian_fno_cost_enabled,,pending_observation,,
TB11_PHASE1_OBS_20260623,2026-06-23,awaiting_live_market_observation,fill_observed_quote_fields_only_no_orders,OBS_TB11_DRY_0036,TB11_DRY_0036,pending_observation,phase_1_dry_run_observed_quotes,def_full_resg0_ovg50,2021-12-30,2022-01-06,65,False,blocked_no_broker_call,exit_before_expiry_required,43.58625000000001,37.0483125,50.124187500000005,2.2362153999115386,41.35003460008847,SC=2.7000|SP=37.1000|LC=1.1500|LP=3.0000,SC=2.7000|SP=37.1000|LC=1.1500|LP=3.0000,,,,,,,,,,,,,,,,,,,,,,,,,,,,,,itemized_indian_fno_cost_enabled,,pending_observation,,
TB11_PHASE1_OBS_20260623,2026-06-23,awaiting_live_market_observation,fill_observed_quote_fields_only_no_orders,OBS_TB11_DRY_0037,TB11_DRY_0037,pending_observation,phase_1_dry_run_observed_quotes,def_full_resg0_ovg50,2022-01-03,2022-01-06,65,False,blocked_no_broker_call,exit_before_expiry_required,16.68375,14.1811875,19.1863125,2.2027595598115384,14.480990440188462,SC=1.0000|SP=15.4000|LC=0.5500|LP=1.9000,SC=1.0000|SP=15.4000|LC=0.5500|LP=1.9000,,,,,,,,,,,,,,,,,,,,,,,,,,,,,,itemized_indian_fno_cost_enabled,,pending_observation,,
TB11_PHASE1_OBS_20260623,2026-06-23,awaiting_live_market_observation,fill_observed_quote_fields_only_no_orders,OBS_TB11_DRY_0038,TB11_DRY_0038,pending_observation,phase_1_dry_run_observed_quotes,def_full_resg0_ovg50,2022-01-05,2022-01-13,65,False,blocked_no_broker_call,exit_before_expiry_required,56.0475,47.640375,64.454625,2.2553051323615385,53.79219486763846,SC=34.9000|SP=17.6500|LC=1.9500|LP=4.4000,SC=34.9000|SP=17.6500|LC=1.9500|LP=4.4000,,,,,,,,,,,,,,,,,,,,,,,,,,,,,,itemized_indian_fno_cost_enabled,,pending_observation,,
TB11_PHASE1_OBS_20260623,2026-06-23,awaiting_live_market_observation,fill_observed_quote_fields_only_no_orders,OBS_TB11_DRY_0039,TB11_DRY_0039,pending_observation,phase_1_dry_run_observed_quotes,def_full_resg0_ovg50,2022-03-21,2022-03-24,65,False,blocked_no_broker_call,exit_before_expiry_required,88.79249999999999,75.47362499999998,102.11137499999998,2.2844045221615388,86.50809547783845,SC=10.3500|SP=64.5000|LC=1.3000|LP=2.5500,SC=10.3500|SP=64.5000|LC=1.3000|LP=2.5500,,,,,,,,,,,,,,,,,,,,,,,,,,,,,,itemized_indian_fno_cost_enabled,,pending_observation,,
TB11_PHASE1_OBS_20260623,2026-06-23,awaiting_live_market_observation,fill_observed_quote_fields_only_no_orders,OBS_TB11_DRY_0040,TB11_DRY_0040,pending_observation,phase_1_dry_run_observed_quotes,def_full_resg0_ovg50,2022-05-30,2022-06-02,65,False,blocked_no_broker_call,exit_before_expiry_required,23.92875,20.339437499999995,27.518062499999992,2.2107320856115384,21.71801791438845,SC=8.3500|SP=13.8000|LC=0.7500|LP=1.7500,SC=8.3500|SP=13.8000|LC=0.7500|LP=1.7500,,,,,,,,,,,,,,,,,,,,,,,,,,,,,,itemized_indian_fno_cost_enabled,,pending_observation,,
TB11_PHASE1_OBS_20260623,2026-06-23,awaiting_live_market_observation,fill_observed_quote_fields_only_no_orders,OBS_TB11_DRY_0041,TB11_DRY_0041,pending_observation,phase_1_dry_run_observed_quotes,def_full_resg0_ovg50,2022-07-06,2022-07-14,65,False,blocked_no_broker_call,exit_before_expiry_required,84.18749999999999,71.55937499999999,96.81562499999998,2.2895922979615384,81.89790770203845,SC=11.1000|SP=65.5500|LC=1.2500|LP=6.6000,SC=11.1000|SP=65.5500|LC=1.2500|LP=6.6000,,,,,,,,,,,,,,,,,,,,,,,,,,,,,,itemized_indian_fno_cost_enabled,,pending_observation,,
TB11_PHASE1_OBS_20260623,2026-06-23,awaiting_live_market_observation,fill_observed_quote_fields_only_no_orders,OBS_TB11_DRY_0042,TB11_DRY_0042,pending_observation,phase_1_dry_run_observed_quotes,def_full_resg0_ovg50,2022-07-07,2022-07-14,65,False,blocked_no_broker_call,exit_before_expiry_required,45.45,38.6325,52.2675,2.2367074324615386,43.21329256753847,SC=6.8500|SP=33.6000|LC=0.8500|LP=2.7000,SC=6.8500|SP=33.6000|LC=0.8500|LP=2.7000,,,,,,,,,,,,,,,,,,,,,,,,,,,,,,itemized_indian_fno_cost_enabled,,pending_observation,,
TB11_PHASE1_OBS_20260623,2026-06-23,awaiting_live_market_observation,fill_observed_quote_fields_only_no_orders,OBS_TB11_DRY_0043,TB11_DRY_0043,pending_observation,phase_1_dry_run_observed_quotes,def_full_resg0_ovg50,2022-07-20,2022-07-28,65,False,blocked_no_broker_call,exit_before_expiry_required,41.19375,35.014687499999994,47.37281249999999,2.2392205482115384,38.95452945178845,SC=5.1500|SP=35.7500|LC=1.4000|LP=4.9500,SC=5.1500|SP=35.7500|LC=1.4000|LP=4.9500,,,,,,,,,,,,,,,,,,,,,,,,,,,,,,itemized_indian_fno_cost_enabled,,pending_observation,,
TB11_PHASE1_OBS_20260623,2026-06-23,awaiting_live_market_observation,fill_observed_quote_fields_only_no_orders,OBS_TB11_DRY_0044,TB11_DRY_0044,pending_observation,phase_1_dry_run_observed_quotes,def_full_resg0_ovg50,2022-07-21,2022-07-28,65,False,blocked_no_broker_call,exit_before_expiry_required,37.9725,32.276625,43.668375,2.2283559613615385,35.74414403863847,SC=2.8500|SP=31.6000|LC=0.7500|LP=2.7000,SC=2.8500|SP=31.6000|LC=0.7500|LP=2.7000,,,,,,,,,,,,,,,,,,,,,,,,,,,,,,itemized_indian_fno_cost_enabled,,pending_observation,,
TB11_PHASE1_OBS_20260623,2026-06-23,awaiting_live_market_observation,fill_observed_quote_fields_only_no_orders,OBS_TB11_DRY_0045,TB11_DRY_0045,pending_observation,phase_1_dry_run_observed_quotes,def_full_resg0_ovg50,2022-10-17,2022-10-20,65,False,blocked_no_broker_call,exit_before_expiry_required,33.705,28.64925,38.76075,2.2211912506615383,31.48380874933846,SC=1.5000|SP=28.2500|LC=0.7000|LP=1.7500,SC=1.5000|SP=28.2500|LC=0.7000|LP=1.7500,,,,,,,,,,,,,,,,,,,,,,,,,,,,,,itemized_indian_fno_cost_enabled,,pending_observation,,
TB11_PHASE1_OBS_20260623,2026-06-23,awaiting_live_market_observation,fill_observed_quote_fields_only_no_orders,OBS_TB11_DRY_0046,TB11_DRY_0046,pending_observation,phase_1_dry_run_observed_quotes,def_full_resg0_ovg50,2022-10-19,2022-10-27,65,False,blocked_no_broker_call,exit_before_expiry_required,44.27250000000001,37.63162500000001,50.913375,2.2406467213615384,42.03185327863847,SC=7.4500|SP=34.8500|LC=1.8000|LP=3.8000,SC=7.4500|SP=34.8500|LC=1.8000|LP=3.8000,,,,,,,,,,,,,,,,,,,,,,,,,,,,,,itemized_indian_fno_cost_enabled,,pending_observation,,
TB11_PHASE1_OBS_20260623,2026-06-23,awaiting_live_market_observation,fill_observed_quote_fields_only_no_orders,OBS_TB11_DRY_0047,TB11_DRY_0047,pending_observation,phase_1_dry_run_observed_quotes,def_full_resg0_ovg50,2022-10-20,2022-10-27,65,False,blocked_no_broker_call,exit_before_expiry_required,20.52375,17.4451875,23.6023125,2.2118777574115382,18.31187224258846,SC=4.0000|SP=18.0500|LC=1.4500|LP=2.9500,SC=4.0000|SP=18.0500|LC=1.4500|LP=2.9500,,,,,,,,,,,,,,,,,,,,,,,,,,,,,,itemized_indian_fno_cost_enabled,,pending_observation,,
TB11_PHASE1_OBS_20260623,2026-06-23,awaiting_live_market_observation,fill_observed_quote_fields_only_no_orders,OBS_TB11_DRY_0048,TB11_DRY_0048,pending_observation,phase_1_dry_run_observed_quotes,def_full_resg0_ovg50,2022-10-31,2022-11-03,65,False,blocked_no_broker_call,exit_before_expiry_required,15.59625,13.2568125,17.9356875,2.1998014323115385,13.396448567688465,SC=0.9000|SP=13.7000|LC=0.4000|LP=1.3500,SC=0.9000|SP=13.7000|LC=0.4000|LP=1.3500,,,,,,,,,,,,,,,,,,,,,,,,,,,,,,itemized_indian_fno_cost_enabled,,pending_observation,,
TB11_PHASE1_OBS_20260623,2026-06-23,awaiting_live_market_observation,fill_observed_quote_fields_only_no_orders,OBS_TB11_DRY_0049,TB11_DRY_0049,pending_observation,phase_1_dry_run_observed_quotes,def_full_resg0_ovg50,2024-02-01,2024-02-08,65,False,blocked_no_broker_call,exit_before_expiry_required,36.87375,31.3426875,42.4048125,2.2265302674115386,34.64721973258846,SC=6.1000|SP=27.1500|LC=0.9500|LP=2.2500,SC=6.1000|SP=27.1500|LC=0.9500|LP=2.2500,,,,,,,,,,,,,,,,,,,,,,,,,,,,,,itemized_indian_fno_cost_enabled,,pending_observation,,
TB11_PHASE1_OBS_20260623,2026-06-23,awaiting_live_market_observation,fill_observed_quote_fields_only_no_orders,OBS_TB11_DRY_0050,TB11_DRY_0050,pending_observation,phase_1_dry_run_observed_quotes,def_full_resg0_ovg50,2024-03-27,2024-04-04,65,False,blocked_no_broker_call,exit_before_expiry_required,18.44625,15.679312499999998,21.2131875,2.2069573383115384,16.23929266168846,SC=2.3500|SP=16.6500|LC=1.4500|LP=1.9000,SC=2.3500|SP=16.6500|LC=1.4500|LP=1.9000,,,,,,,,,,,,,,,,,,,,,,,,,,,,,,itemized_indian_fno_cost_enabled,,pending_observation,,
TB11_PHASE1_OBS_20260623,2026-06-23,awaiting_live_market_observation,fill_observed_quote_fields_only_no_orders,OBS_TB11_DRY_0051,TB11_DRY_0051,pending_observation,phase_1_dry_run_observed_quotes,def_full_resg0_ovg50,2024-05-15,2024-05-23,65,False,blocked_no_broker_call,exit_before_expiry_required,35.730000000000004,30.370500000000003,41.0895,2.2270722556615388,33.502927744338464,SC=3.9000|SP=29.4000|LC=1.4000|LP=2.5000,SC=3.9000|SP=29.4000|LC=1.4000|LP=2.5000,,,,,,,,,,,,,,,,,,,,,,,,,,,,,,itemized_indian_fno_cost_enabled,,pending_observation,,
