experiment_id,gate_name,ticker,pnl_contribution_proxy
E1006,ungated,ADANIPORTS,-0.12906132978906437
E1006,ungated,AXISBANK,0.16051423151473282
E1006,ungated,BAJAJ-AUTO,-0.007716357836410811
E1006,ungated,BHARTIARTL,0.0020506352920578955
E1006,ungated,BPCL,-0.12588284199707017
E1006,ungated,BRITANNIA,0.030880249598454024
E1006,ungated,CIPLA,0.02294161133487831
E1006,ungated,DRREDDY,-0.060733856843485694
E1006,ungated,HCLTECH,-0.05013749113309753
E1006,ungated,HDFCBANK,0.06578604518621878
E1006,ungated,HINDUNILVR,0.10735479775301623
E1006,ungated,ICICIBANK,0.04644507201310301
E1006,ungated,INFY,0.00905051364680727
E1006,ungated,ITC,0.12670475538592646
E1006,ungated,KOTAKBANK,0.08166346919968116
E1006,ungated,LT,0.042748678359225474
E1006,ungated,M&M,0.06802336965451172
E1006,ungated,MARUTI,0.08154050785028968
E1006,ungated,NESTLEIND,0.0019618989702715533
E1006,ungated,ONGC,0.008185916241615998
E1006,ungated,RELIANCE,-0.1335524690019877
E1006,ungated,SBIN,0.12837217572234333
E1006,ungated,SUNPHARMA,-0.015247605316805985
E1006,ungated,TCS,-0.008200262044782587
E1006,ungated,TECHM,-0.07418430852327763
E1006,ungated,ULTRACEMCO,0.08988701033091938
E1006,ungated,WIPRO,-0.0793912353631742
E1006,nifty_trend_up,ADANIPORTS,0.03042645622274119
E1006,nifty_trend_up,AXISBANK,0.17202225978071656
E1006,nifty_trend_up,BAJAJ-AUTO,-0.013127464872818968
E1006,nifty_trend_up,BHARTIARTL,0.0450282442929355
E1006,nifty_trend_up,BPCL,0.040147687668072585
E1006,nifty_trend_up,BRITANNIA,0.001667116604241349
E1006,nifty_trend_up,CIPLA,-0.0025349032625343196
E1006,nifty_trend_up,DRREDDY,-0.12528946953274106
E1006,nifty_trend_up,HCLTECH,0.05377604488702266
E1006,nifty_trend_up,HDFCBANK,0.05103153547003264
E1006,nifty_trend_up,HINDUNILVR,0.03896215961187663
E1006,nifty_trend_up,ICICIBANK,0.10348439701601805
E1006,nifty_trend_up,INFY,0.03296732348783214
E1006,nifty_trend_up,ITC,0.12630281185455472
E1006,nifty_trend_up,KOTAKBANK,0.13123466471169454
E1006,nifty_trend_up,LT,0.02260151225959503
E1006,nifty_trend_up,M&M,0.1309153589412353
E1006,nifty_trend_up,MARUTI,0.1197144912419967
E1006,nifty_trend_up,NESTLEIND,-0.025527835489151652
E1006,nifty_trend_up,ONGC,0.11053264528846511
E1006,nifty_trend_up,RELIANCE,-0.11182771230014082
E1006,nifty_trend_up,SBIN,0.1256012089938172
E1006,nifty_trend_up,SUNPHARMA,0.011247496339546182
E1006,nifty_trend_up,TCS,-0.0140031522807447
E1006,nifty_trend_up,TECHM,0.004742854439775472
E1006,nifty_trend_up,ULTRACEMCO,-0.01159556361974361
E1006,nifty_trend_up,WIPRO,-0.05556097008264584
E1006,breadth_supportive,ADANIPORTS,0.005804460377091365
E1006,breadth_supportive,AXISBANK,0.09850518872332693
E1006,breadth_supportive,BAJAJ-AUTO,0.023896652057948414
E1006,breadth_supportive,BHARTIARTL,0.08696172738834868
E1006,breadth_supportive,BPCL,-0.1008604300179999
E1006,breadth_supportive,BRITANNIA,0.049848058889731976
E1006,breadth_supportive,CIPLA,0.039426514157014904
E1006,breadth_supportive,DRREDDY,-0.029347090541114874
E1006,breadth_supportive,HCLTECH,0.06373719929968755
E1006,breadth_supportive,HDFCBANK,0.017315365298274397
E1006,breadth_supportive,HINDUNILVR,0.10310916687104596
E1006,breadth_supportive,ICICIBANK,0.010784480230381546
E1006,breadth_supportive,INFY,0.026693460262293175
E1006,breadth_supportive,ITC,0.13748699697049938
E1006,breadth_supportive,KOTAKBANK,0.012492733620404553
E1006,breadth_supportive,LT,0.06820866331861175
E1006,breadth_supportive,M&M,0.05350234092677171
E1006,breadth_supportive,MARUTI,0.04835112523387481
E1006,breadth_supportive,NESTLEIND,-0.019760361490558882
E1006,breadth_supportive,ONGC,-0.024600863032231662
E1006,breadth_supportive,RELIANCE,0.00263138308560564
E1006,breadth_supportive,SBIN,0.07572101638811486
E1006,breadth_supportive,SUNPHARMA,0.00858150475925197
E1006,breadth_supportive,TCS,0.03417586396982862
E1006,breadth_supportive,TECHM,-0.033940186617149086
E1006,breadth_supportive,ULTRACEMCO,0.02893039482298536
E1006,breadth_supportive,WIPRO,0.004049866179588125
E1006,vol_not_stressed,ADANIPORTS,-0.12906132978906437
E1006,vol_not_stressed,AXISBANK,0.16051423151473282
E1006,vol_not_stressed,BAJAJ-AUTO,-0.007716357836410811
E1006,vol_not_stressed,BHARTIARTL,0.0020506352920578955
E1006,vol_not_stressed,BPCL,-0.12588284199707017
E1006,vol_not_stressed,BRITANNIA,0.030880249598454024
E1006,vol_not_stressed,CIPLA,0.02294161133487831
E1006,vol_not_stressed,DRREDDY,-0.060733856843485694
E1006,vol_not_stressed,HCLTECH,-0.05013749113309753
E1006,vol_not_stressed,HDFCBANK,0.06578604518621878
E1006,vol_not_stressed,HINDUNILVR,0.10735479775301623
E1006,vol_not_stressed,ICICIBANK,0.04644507201310301
E1006,vol_not_stressed,INFY,0.00905051364680727
E1006,vol_not_stressed,ITC,0.12670475538592646
E1006,vol_not_stressed,KOTAKBANK,0.08166346919968116
E1006,vol_not_stressed,LT,0.042748678359225474
E1006,vol_not_stressed,M&M,0.06802336965451172
E1006,vol_not_stressed,MARUTI,0.08154050785028968
E1006,vol_not_stressed,NESTLEIND,0.0019618989702715533
E1006,vol_not_stressed,ONGC,0.008185916241615998
E1006,vol_not_stressed,RELIANCE,-0.1335524690019877
E1006,vol_not_stressed,SBIN,0.12837217572234333
E1006,vol_not_stressed,SUNPHARMA,-0.015247605316805985
E1006,vol_not_stressed,TCS,-0.008200262044782587
E1006,vol_not_stressed,TECHM,-0.07418430852327763
E1006,vol_not_stressed,ULTRACEMCO,0.08988701033091938
E1006,vol_not_stressed,WIPRO,-0.0793912353631742
E1006,composite_ohlcv_support,ADANIPORTS,0.08355515482391129
E1006,composite_ohlcv_support,AXISBANK,0.10551624978803428
E1006,composite_ohlcv_support,BAJAJ-AUTO,0.0159403644656469
E1006,composite_ohlcv_support,BHARTIARTL,0.05866146819413454
E1006,composite_ohlcv_support,BPCL,-0.0484782315993397
E1006,composite_ohlcv_support,BRITANNIA,-0.003979664664342934
E1006,composite_ohlcv_support,CIPLA,0.011453154414643854
E1006,composite_ohlcv_support,DRREDDY,-0.05493732931519208
E1006,composite_ohlcv_support,HCLTECH,0.08509496638254242
E1006,composite_ohlcv_support,HDFCBANK,0.028919047252111474
E1006,composite_ohlcv_support,HINDUNILVR,0.033739197740662905
E1006,composite_ohlcv_support,ICICIBANK,0.0212135431774214
E1006,composite_ohlcv_support,INFY,0.021495791929034523
E1006,composite_ohlcv_support,ITC,0.08921381259600035
E1006,composite_ohlcv_support,KOTAKBANK,0.04794544485455471
E1006,composite_ohlcv_support,LT,0.05896561950335587
E1006,composite_ohlcv_support,M&M,0.09435017665217874
E1006,composite_ohlcv_support,MARUTI,0.053371643051381853
E1006,composite_ohlcv_support,NESTLEIND,-0.023387683654170637
E1006,composite_ohlcv_support,ONGC,0.049360180360247204
E1006,composite_ohlcv_support,RELIANCE,0.007964303605957172
E1006,composite_ohlcv_support,SBIN,0.021633393473979256
E1006,composite_ohlcv_support,SUNPHARMA,0.004247665489604795
E1006,composite_ohlcv_support,TCS,0.02136984724994557
E1006,composite_ohlcv_support,TECHM,0.025046731651887026
E1006,composite_ohlcv_support,ULTRACEMCO,-0.009802903780653132
E1006,composite_ohlcv_support,WIPRO,0.005356141696512449
E1002,ungated,ADANIPORTS,0.00808163503913377
E1002,ungated,AXISBANK,-0.01336973358406975
E1002,ungated,BAJAJ-AUTO,0.0325542375737032
E1002,ungated,BHARTIARTL,0.06223163939898263
E1002,ungated,BPCL,0.2599529747323281
E1002,ungated,BRITANNIA,-0.02870698526546411
E1002,ungated,CIPLA,-0.016000352817075434
E1002,ungated,DRREDDY,0.018875275792731544
E1002,ungated,HCLTECH,-0.04945935606059172
E1002,ungated,HDFCBANK,-0.012123253601782026
E1002,ungated,HINDUNILVR,0.014008734797847085
E1002,ungated,ICICIBANK,0.14425097186140742
E1002,ungated,INFY,0.022368613744072403
E1002,ungated,ITC,0.006876890588560851
E1002,ungated,KOTAKBANK,0.05384010733306541
E1002,ungated,LT,-0.02980661387908619
E1002,ungated,M&M,0.07684853371866121
E1002,ungated,MARUTI,-0.014601174781477697
E1002,ungated,NESTLEIND,0.04286128063570669
E1002,ungated,ONGC,0.19411239463762514
E1002,ungated,RELIANCE,0.028250123895097463
E1002,ungated,SBIN,-0.028169669979768344
E1002,ungated,SUNPHARMA,-0.00012245095663030586
E1002,ungated,TCS,-0.03143406302216071
E1002,ungated,TECHM,0.00643953963380766
E1002,ungated,ULTRACEMCO,0.024482258046420013
E1002,ungated,WIPRO,-0.06601917809476193
E1002,nifty_trend_up,ADANIPORTS,-0.007087771122805296
E1002,nifty_trend_up,AXISBANK,0.022869239154565554
E1002,nifty_trend_up,BAJAJ-AUTO,0.0325542375737032
E1002,nifty_trend_up,BHARTIARTL,0.030015498981898737
E1002,nifty_trend_up,BPCL,0.09178556753038815
E1002,nifty_trend_up,BRITANNIA,0.01926115787808427
E1002,nifty_trend_up,CIPLA,-0.016000352817075434
E1002,nifty_trend_up,DRREDDY,0.014035774799686686
E1002,nifty_trend_up,HCLTECH,-0.036130803166689644
E1002,nifty_trend_up,HDFCBANK,0.0062797892149529045
E1002,nifty_trend_up,HINDUNILVR,-0.0062324979810636175
E1002,nifty_trend_up,ICICIBANK,0.05906099417322104
E1002,nifty_trend_up,ITC,0.038040276401242
E1002,nifty_trend_up,KOTAKBANK,0.033431210809389905
E1002,nifty_trend_up,LT,-0.0008300815407697794
E1002,nifty_trend_up,M&M,0.08983923234904348
E1002,nifty_trend_up,MARUTI,0.0455415597126451
E1002,nifty_trend_up,NESTLEIND,0.04879235515903295
E1002,nifty_trend_up,ONGC,0.017060433106042917
E1002,nifty_trend_up,RELIANCE,0.028250123895097463
E1002,nifty_trend_up,SBIN,-0.026775512192878
E1002,nifty_trend_up,SUNPHARMA,-0.025807044525876423
E1002,nifty_trend_up,TCS,0.03521782576736499
E1002,nifty_trend_up,TECHM,0.010809716974481845
E1002,nifty_trend_up,ULTRACEMCO,0.006430009668293558
E1002,nifty_trend_up,WIPRO,-0.018955058953761858
E1002,breadth_supportive,ADANIPORTS,-0.003523981342936537
E1002,breadth_supportive,AXISBANK,0.01631241455936777
E1002,breadth_supportive,BAJAJ-AUTO,0.0325542375737032
E1002,breadth_supportive,BHARTIARTL,0.0196101495628363
E1002,breadth_supportive,BPCL,0.06686109003890935
E1002,breadth_supportive,BRITANNIA,0.013686669700307144
E1002,breadth_supportive,CIPLA,-0.0034639453410853136
E1002,breadth_supportive,DRREDDY,0.015343367584779654
E1002,breadth_supportive,HCLTECH,-0.031501469988014556
E1002,breadth_supportive,HDFCBANK,-0.01259096653206907
E1002,breadth_supportive,HINDUNILVR,0.006154340852028092
E1002,breadth_supportive,ICICIBANK,0.008778617418189583
E1002,breadth_supportive,INFY,0.02645553915104007
E1002,breadth_supportive,ITC,0.0072120995540939994
E1002,breadth_supportive,LT,-0.01598583370793414
E1002,breadth_supportive,M&M,0.08983923234904348
E1002,breadth_supportive,MARUTI,-0.01437260084776943
E1002,breadth_supportive,NESTLEIND,0.04879235515903295
E1002,breadth_supportive,ONGC,0.041668439794587626
E1002,breadth_supportive,RELIANCE,0.02805678266831198
E1002,breadth_supportive,SBIN,-0.024549762645393186
E1002,breadth_supportive,SUNPHARMA,0.004839500993044857
E1002,breadth_supportive,TCS,-0.006938241091517529
E1002,breadth_supportive,TECHM,0.006117853271114715
E1002,breadth_supportive,ULTRACEMCO,0.023373502702344257
E1002,breadth_supportive,WIPRO,-0.04706411914100008
E1002,vol_not_stressed,ADANIPORTS,0.00808163503913377
E1002,vol_not_stressed,AXISBANK,-0.01336973358406975
E1002,vol_not_stressed,BAJAJ-AUTO,0.0325542375737032
E1002,vol_not_stressed,BHARTIARTL,0.06223163939898263
E1002,vol_not_stressed,BPCL,0.2599529747323281
E1002,vol_not_stressed,BRITANNIA,-0.02870698526546411
E1002,vol_not_stressed,CIPLA,-0.016000352817075434
E1002,vol_not_stressed,DRREDDY,0.018875275792731544
E1002,vol_not_stressed,HCLTECH,-0.04945935606059172
E1002,vol_not_stressed,HDFCBANK,-0.012123253601782026
E1002,vol_not_stressed,HINDUNILVR,0.014008734797847085
E1002,vol_not_stressed,ICICIBANK,0.14425097186140742
E1002,vol_not_stressed,INFY,0.022368613744072403
E1002,vol_not_stressed,ITC,0.006876890588560851
E1002,vol_not_stressed,KOTAKBANK,0.05384010733306541
E1002,vol_not_stressed,LT,-0.02980661387908619
E1002,vol_not_stressed,M&M,0.07684853371866121
E1002,vol_not_stressed,MARUTI,-0.014601174781477697
E1002,vol_not_stressed,NESTLEIND,0.04286128063570669
E1002,vol_not_stressed,ONGC,0.19411239463762514
E1002,vol_not_stressed,RELIANCE,0.028250123895097463
E1002,vol_not_stressed,SBIN,-0.028169669979768344
E1002,vol_not_stressed,SUNPHARMA,-0.00012245095663030586
E1002,vol_not_stressed,TCS,-0.03143406302216071
E1002,vol_not_stressed,TECHM,0.00643953963380766
E1002,vol_not_stressed,ULTRACEMCO,0.024482258046420013
E1002,vol_not_stressed,WIPRO,-0.06601917809476193
E1002,composite_ohlcv_support,ADANIPORTS,-0.007087771122805296
E1002,composite_ohlcv_support,AXISBANK,0.01631241455936777
E1002,composite_ohlcv_support,BAJAJ-AUTO,0.0325542375737032
E1002,composite_ohlcv_support,BHARTIARTL,0.0196101495628363
E1002,composite_ohlcv_support,BPCL,0.07945205657097841
E1002,composite_ohlcv_support,BRITANNIA,0.055842736559189664
E1002,composite_ohlcv_support,CIPLA,-0.0034639453410853136
E1002,composite_ohlcv_support,DRREDDY,0.010503866591734797
E1002,composite_ohlcv_support,HCLTECH,-0.019567074881002816
E1002,composite_ohlcv_support,HINDUNILVR,-0.0062324979810636175
E1002,composite_ohlcv_support,ICICIBANK,0.055842736559189664
E1002,composite_ohlcv_support,ITC,0.036981327579884815
E1002,composite_ohlcv_support,M&M,0.08983923234904348
E1002,composite_ohlcv_support,MARUTI,0.045770133646353364
E1002,composite_ohlcv_support,NESTLEIND,0.04879235515903295
E1002,composite_ohlcv_support,ONGC,0.033333039562418315
E1002,composite_ohlcv_support,RELIANCE,0.02805678266831198
E1002,composite_ohlcv_support,SBIN,-0.024549762645393186
E1002,composite_ohlcv_support,TCS,0.03521782576736499
E1002,composite_ohlcv_support,ULTRACEMCO,0.005321254324217801
E1003,ungated,ADANIPORTS,0.0076025422644113595
E1003,ungated,AXISBANK,-0.026528510945716295
E1003,ungated,BAJAJ-AUTO,0.009971381528765477
E1003,ungated,BHARTIARTL,0.028616896787624156
E1003,ungated,BPCL,0.016184734739652498
E1003,ungated,BRITANNIA,0.024453735656885037
E1003,ungated,CIPLA,0.026242847759342075
E1003,ungated,DRREDDY,0.06828142364341412
E1003,ungated,HCLTECH,0.0314158550171748
E1003,ungated,HDFCBANK,0.010958993617508697
E1003,ungated,HINDUNILVR,-0.0030647631021146374
E1003,ungated,ICICIBANK,0.005323817729128363
E1003,ungated,INFY,0.015222443067699407
E1003,ungated,ITC,-0.0013632181633493959
E1003,ungated,KOTAKBANK,-0.04247451864725775
E1003,ungated,LT,0.04388126272977563
E1003,ungated,M&M,-0.004875444211038103
E1003,ungated,MARUTI,0.028642844635158912
E1003,ungated,NESTLEIND,-0.03078730874202064
E1003,ungated,ONGC,0.047323718984673475
E1003,ungated,RELIANCE,0.04805705135995033
E1003,ungated,SBIN,0.014832885820476758
E1003,ungated,SUNPHARMA,0.044099544058461296
E1003,ungated,TCS,0.050241613401618916
E1003,ungated,TECHM,0.04540144326020544
E1003,ungated,ULTRACEMCO,-0.03854482311161404
E1003,ungated,WIPRO,0.05425061985575484
E1003,nifty_trend_up,ADANIPORTS,0.0076025422644113595
E1003,nifty_trend_up,AXISBANK,-0.022186436413288192
E1003,nifty_trend_up,BAJAJ-AUTO,0.009971381528765477
E1003,nifty_trend_up,BHARTIARTL,0.028616896787624156
E1003,nifty_trend_up,BPCL,0.005392496865784597
E1003,nifty_trend_up,CIPLA,0.019015430366738945
E1003,nifty_trend_up,DRREDDY,0.0652480037083843
E1003,nifty_trend_up,HDFCBANK,0.01071448838261945
E1003,nifty_trend_up,ICICIBANK,-0.015757396993768814
E1003,nifty_trend_up,INFY,0.01027899223059977
E1003,nifty_trend_up,ITC,-0.00208689600552708
E1003,nifty_trend_up,KOTAKBANK,-0.008212970135066269
E1003,nifty_trend_up,LT,0.02338585324647877
E1003,nifty_trend_up,MARUTI,-0.015809514050028638
E1003,nifty_trend_up,NESTLEIND,-0.03078730874202064
E1003,nifty_trend_up,ONGC,0.03249083316419672
E1003,nifty_trend_up,RELIANCE,0.04805705135995033
E1003,nifty_trend_up,SUNPHARMA,0.044099544058461296
E1003,nifty_trend_up,TCS,0.014847964304607018
E1003,nifty_trend_up,TECHM,0.04154330235351681
E1003,nifty_trend_up,ULTRACEMCO,0.010982564319812328
E1003,nifty_trend_up,WIPRO,0.030450609904897136
E1003,breadth_supportive,ADANIPORTS,0.007361066506101849
E1003,breadth_supportive,AXISBANK,-0.026186788718909518
E1003,breadth_supportive,BAJAJ-AUTO,0.0037562773899807167
E1003,breadth_supportive,BHARTIARTL,0.015574036641168118
E1003,breadth_supportive,BPCL,-0.012300650934772252
E1003,breadth_supportive,BRITANNIA,0.0121418440195325
E1003,breadth_supportive,CIPLA,0.026242847759342075
E1003,breadth_supportive,DRREDDY,0.03186294803254245
E1003,breadth_supportive,HCLTECH,0.0314158550171748
E1003,breadth_supportive,HDFCBANK,0.01071448838261945
E1003,breadth_supportive,HINDUNILVR,-0.008335164704032316
E1003,breadth_supportive,ICICIBANK,0.005323817729128363
E1003,breadth_supportive,INFY,0.039226519938592996
E1003,breadth_supportive,ITC,0.03233153737939533
E1003,breadth_supportive,KOTAKBANK,-0.009269255855307018
E1003,breadth_supportive,LT,0.019965115169375824
E1003,breadth_supportive,M&M,0.02161704899677588
E1003,breadth_supportive,MARUTI,-0.015311970614826776
E1003,breadth_supportive,NESTLEIND,-0.03078730874202064
E1003,breadth_supportive,ONGC,0.01944797301774068
E1003,breadth_supportive,RELIANCE,0.06871398839783696
E1003,breadth_supportive,SUNPHARMA,0.01071448838261945
E1003,breadth_supportive,TCS,0.05606566461902879
E1003,breadth_supportive,TECHM,0.021493191320863823
E1003,breadth_supportive,ULTRACEMCO,-0.023032708120220156
E1003,breadth_supportive,WIPRO,0.04842394339068405
E1003,vol_not_stressed,ADANIPORTS,0.0076025422644113595
E1003,vol_not_stressed,AXISBANK,-0.026528510945716295
E1003,vol_not_stressed,BAJAJ-AUTO,0.009971381528765477
E1003,vol_not_stressed,BHARTIARTL,0.028616896787624156
E1003,vol_not_stressed,BPCL,0.016184734739652498
E1003,vol_not_stressed,BRITANNIA,0.024453735656885037
E1003,vol_not_stressed,CIPLA,0.026242847759342075
E1003,vol_not_stressed,DRREDDY,0.06828142364341412
E1003,vol_not_stressed,HCLTECH,0.0314158550171748
E1003,vol_not_stressed,HDFCBANK,0.010958993617508697
E1003,vol_not_stressed,HINDUNILVR,-0.0030647631021146374
E1003,vol_not_stressed,ICICIBANK,0.005323817729128363
E1003,vol_not_stressed,INFY,0.015222443067699407
E1003,vol_not_stressed,ITC,-0.0013632181633493959
E1003,vol_not_stressed,KOTAKBANK,-0.04247451864725775
E1003,vol_not_stressed,LT,0.04388126272977563
E1003,vol_not_stressed,M&M,-0.004875444211038103
E1003,vol_not_stressed,MARUTI,0.028642844635158912
E1003,vol_not_stressed,NESTLEIND,-0.03078730874202064
E1003,vol_not_stressed,ONGC,0.047323718984673475
E1003,vol_not_stressed,RELIANCE,0.04805705135995033
E1003,vol_not_stressed,SBIN,0.014832885820476758
E1003,vol_not_stressed,SUNPHARMA,0.044099544058461296
E1003,vol_not_stressed,TCS,0.050241613401618916
E1003,vol_not_stressed,TECHM,0.04540144326020544
E1003,vol_not_stressed,ULTRACEMCO,-0.03854482311161404
E1003,vol_not_stressed,WIPRO,0.05425061985575484
E1003,composite_ohlcv_support,ADANIPORTS,0.007361066506101849
E1003,composite_ohlcv_support,AXISBANK,-0.0015294993754015624
E1003,composite_ohlcv_support,BAJAJ-AUTO,0.0037562773899807167
E1003,composite_ohlcv_support,BHARTIARTL,0.015574036641168118
E1003,composite_ohlcv_support,BPCL,-0.012300650934772252
E1003,composite_ohlcv_support,CIPLA,0.019015430366738945
E1003,composite_ohlcv_support,DRREDDY,0.03186294803254245
E1003,composite_ohlcv_support,HDFCBANK,0.01071448838261945
E1003,composite_ohlcv_support,ICICIBANK,-0.015757396993768814
E1003,composite_ohlcv_support,INFY,0.01027899223059977
E1003,composite_ohlcv_support,ITC,0.01071448838261945
E1003,composite_ohlcv_support,KOTAKBANK,-0.008212970135066269
E1003,composite_ohlcv_support,LT,0.02338585324647877
E1003,composite_ohlcv_support,MARUTI,-0.036393185337723954
E1003,composite_ohlcv_support,NESTLEIND,-0.03078730874202064
E1003,composite_ohlcv_support,ONGC,0.01944797301774068
E1003,composite_ohlcv_support,RELIANCE,0.06871398839783696
E1003,composite_ohlcv_support,SUNPHARMA,0.01071448838261945
E1003,composite_ohlcv_support,TCS,0.03550490134249365
E1003,composite_ohlcv_support,TECHM,0.0176350504141752
E1003,composite_ohlcv_support,ULTRACEMCO,-0.00671058348074452
E1003,composite_ohlcv_support,WIPRO,0.024235505766112376
