symbol,trade_date,expiry_date,entry_spot,expiry_spot,short_put_strike,long_put_strike,short_put_premium,long_put_premium,net_credit_points,spread_width_points,max_loss_points,max_loss_pct_collateral,pnl_points,return_on_max_loss,return_on_cash_equivalent,assigned_or_tested
BHARTIARTL,2016-05-09,2016-05-26,360.05,346.35,340.0,330.0,1.85,0.95,0.9000000000000001,10.0,9.1,0.02676470588235294,0.9000000000000001,0.09890109890109892,0.002647058823529412,False
BHARTIARTL,2016-05-26,2016-06-30,346.35,360.05,320.0,310.0,2.2,1.5,0.7000000000000002,10.0,9.3,0.0290625,0.7000000000000002,0.07526881720430109,0.0021875000000000006,False
BHARTIARTL,2016-06-23,2016-07-28,358.1,365.05,340.0,330.0,4.6,2.75,1.8499999999999996,10.0,8.15,0.02397058823529412,1.8499999999999996,0.22699386503067479,0.005441176470588234,False
BHARTIARTL,2016-10-24,2016-11-24,301.0,296.85,280.0,270.0,3.1,1.85,1.25,10.0,8.75,0.03125,1.25,0.14285714285714285,0.004464285714285714,False
BHARTIARTL,2016-11-24,2016-12-29,296.85,297.4,280.0,270.0,3.6,2.65,0.9500000000000002,10.0,9.05,0.03232142857142858,0.9500000000000002,0.10497237569060774,0.0033928571428571436,False
BHARTIARTL,2017-02-23,2017-03-30,359.5,344.75,340.0,330.0,6.15,3.85,2.3000000000000003,10.0,7.699999999999999,0.02264705882352941,2.3000000000000003,0.29870129870129875,0.006764705882352942,False
BHARTIARTL,2017-05-25,2017-06-29,363.85,375.4,340.0,330.0,3.2,2.25,0.9500000000000002,10.0,9.05,0.02661764705882353,0.9500000000000002,0.10497237569060774,0.002794117647058824,False
BHARTIARTL,2017-07-27,2017-08-31,408.4,419.8,380.0,370.0,3.0,1.55,1.45,10.0,8.55,0.022500000000000003,1.45,0.1695906432748538,0.0038157894736842103,False
BHARTIARTL,2017-08-24,2017-09-28,424.95,375.0,400.0,390.0,3.55,2.5,1.0499999999999998,10.0,8.95,0.022375,-8.95,-1.0,-0.022375,True
BHARTIARTL,2017-10-26,2017-11-30,501.9,487.3,470.0,450.0,7.1,3.7,3.3999999999999995,20.0,16.6,0.03531914893617021,3.3999999999999995,0.20481927710843367,0.007234042553191488,False
BHARTIARTL,2017-11-23,2017-12-28,487.2,521.55,460.0,450.0,3.7,2.45,1.25,10.0,8.75,0.019021739130434784,1.25,0.14285714285714285,0.002717391304347826,False
BHARTIARTL,2017-12-22,2018-01-25,518.8,444.35,490.0,460.0,5.0,1.45,3.55,30.0,26.45,0.053979591836734696,-26.450000000000003,-1.0000000000000002,-0.0539795918367347,True
BHARTIARTL,2018-01-19,2018-02-22,488.7,408.45,460.0,440.0,6.2,3.5,2.7,20.0,17.3,0.03760869565217392,-17.299999999999997,-0.9999999999999998,-0.03760869565217391,True
BHARTIARTL,2018-03-22,2018-04-26,407.95,401.65,380.0,360.0,3.75,1.45,2.3,20.0,17.7,0.04657894736842105,2.3,0.12994350282485875,0.006052631578947368,False
BHARTIARTL,2018-04-26,2018-05-31,401.65,366.7,380.0,370.0,5.2,3.25,1.9500000000000002,10.0,8.05,0.02118421052631579,-8.05,-1.0,-0.02118421052631579,True
BHARTIARTL,2018-07-26,2018-08-30,351.05,376.05,330.0,320.0,6.3,4.5,1.7999999999999998,10.0,8.2,0.024848484848484845,1.7999999999999998,0.21951219512195122,0.005454545454545454,False
BHARTIARTL,2018-09-21,2018-10-25,363.65,290.1,340.0,330.0,3.2,2.0,1.2000000000000002,10.0,8.8,0.025882352941176474,-8.799999999999997,-0.9999999999999996,-0.02588235294117646,True
BHARTIARTL,2018-10-25,2018-11-29,290.1,311.35,270.0,260.0,8.55,5.55,3.000000000000001,10.0,6.999999999999999,0.02592592592592592,3.000000000000001,0.42857142857142877,0.011111111111111115,False
BHARTIARTL,2018-11-22,2018-12-27,321.8,310.85,300.0,270.0,6.2,2.9,3.3000000000000003,30.0,26.7,0.089,3.3000000000000003,0.12359550561797754,0.011000000000000001,False
BHARTIARTL,2018-12-27,2019-01-31,310.85,300.75,290.0,280.0,4.55,3.0,1.5499999999999998,10.0,8.45,0.029137931034482756,1.5499999999999998,0.1834319526627219,0.005344827586206896,False
BHARTIARTL,2019-01-24,2019-02-28,296.1,312.2,280.0,270.0,5.6,4.0,1.5999999999999996,10.0,8.4,0.030000000000000002,1.5999999999999996,0.19047619047619044,0.005714285714285713,False
BHARTIARTL,2019-02-21,2019-03-28,304.2,323.85,280.0,270.0,3.3,2.2,1.0999999999999996,10.0,8.9,0.031785714285714285,1.0999999999999996,0.12359550561797748,0.003928571428571427,False
BHARTIARTL,2019-03-22,2019-04-25,325.45,322.45,300.0,290.0,2.5,1.8,0.7,10.0,9.3,0.031000000000000003,0.7,0.07526881720430106,0.002333333333333333,False
BHARTIARTL,2019-04-25,2019-05-30,322.45,340.3,303.0,290.0,5.15,3.2,1.9500000000000002,13.0,11.05,0.03646864686468647,1.9500000000000002,0.17647058823529413,0.006435643564356436,False
BHARTIARTL,2019-05-23,2019-06-27,332.55,342.2,312.2,300.0,6.8,3.75,3.05,12.199999999999989,9.149999999999988,0.029308135810377924,3.05,0.33333333333333376,0.009769378603459321,False
BHARTIARTL,2019-06-20,2019-07-25,342.15,332.75,320.0,300.0,2.95,1.7,1.2500000000000002,20.0,18.75,0.05859375,1.2500000000000002,0.06666666666666668,0.003906250000000001,False
BHARTIARTL,2019-07-25,2019-08-29,332.75,337.15,310.0,300.0,3.95,2.4,1.5500000000000003,10.0,8.45,0.02725806451612903,1.5500000000000003,0.18343195266272194,0.005000000000000001,False
BHARTIARTL,2019-08-22,2019-09-26,346.25,337.7,320.0,300.0,4.25,2.25,2.0,20.0,18.0,0.05625,2.0,0.1111111111111111,0.00625,False
BHARTIARTL,2019-09-26,2019-10-31,337.7,367.35,320.0,310.0,4.95,3.15,1.8000000000000003,10.0,8.2,0.025625,1.8000000000000003,0.21951219512195128,0.005625000000000001,False
BHARTIARTL,2019-10-24,2019-11-28,365.5,428.6,340.0,330.0,11.5,9.3,2.1999999999999993,10.0,7.800000000000001,0.022941176470588236,2.1999999999999993,0.28205128205128194,0.006470588235294115,False
BHARTIARTL,2019-11-21,2019-12-26,418.45,439.3,390.0,380.0,9.9,8.4,1.5,10.0,8.5,0.021794871794871794,1.5,0.17647058823529413,0.0038461538461538464,False
BHARTIARTL,2019-12-26,2020-01-30,439.3,480.75,415.0,400.0,3.25,2.35,0.8999999999999999,15.0,14.1,0.033975903614457834,0.8999999999999999,0.06382978723404255,0.0021686746987951804,False
BHARTIARTL,2020-01-23,2020-02-27,514.0,521.85,480.0,460.0,8.1,4.45,3.6499999999999995,20.0,16.35,0.0340625,3.6499999999999995,0.22324159021406723,0.007604166666666665,False
BHARTIARTL,2020-02-20,2020-03-26,535.55,462.05,500.0,480.0,6.05,4.5,1.5499999999999998,20.0,18.45,0.036899999999999995,-18.450000000000003,-1.0000000000000002,-0.0369,True
BHARTIARTL,2020-03-26,2020-04-30,462.05,504.8,430.0,410.0,26.0,22.35,3.6499999999999986,20.0,16.35,0.038023255813953494,3.6499999999999986,0.22324159021406717,0.008488372093023253,False
BHARTIARTL,2020-04-23,2020-05-28,486.85,552.4,460.0,450.0,18.6,15.0,3.6000000000000014,10.0,6.399999999999999,0.013913043478260867,3.6000000000000014,0.5625000000000003,0.007826086956521741,False
BHARTIARTL,2020-05-21,2020-06-25,583.6,548.7,550.0,530.0,12.85,8.8,4.049999999999999,20.0,15.950000000000001,0.029,2.7500000000000444,0.17241379310345104,0.005000000000000081,True
BHARTIARTL,2020-06-25,2020-07-30,548.7,542.5,520.0,500.0,11.45,6.9,4.549999999999999,20.0,15.450000000000001,0.029711538461538463,4.549999999999999,0.29449838187702254,0.008749999999999997,False
BHARTIARTL,2020-07-23,2020-08-27,556.75,501.75,520.0,500.0,11.55,7.3,4.250000000000001,20.0,15.75,0.03028846153846154,-14.0,-0.8888888888888888,-0.026923076923076925,True
BHARTIARTL,2020-08-20,2020-09-24,515.85,411.55,490.0,480.0,11.1,8.4,2.6999999999999993,10.0,7.300000000000001,0.014897959183673471,-7.299999999999997,-0.9999999999999996,-0.014897959183673464,True
BHARTIARTL,2020-09-24,2020-10-29,411.55,442.5,390.0,380.0,13.25,10.1,3.1500000000000004,10.0,6.85,0.017564102564102565,3.1500000000000004,0.4598540145985402,0.008076923076923077,False
BHARTIARTL,2020-10-22,2020-11-26,422.7,459.75,400.0,380.0,9.55,5.2,4.3500000000000005,20.0,15.649999999999999,0.03912499999999999,4.3500000000000005,0.27795527156549527,0.010875000000000001,False
BHARTIARTL,2020-11-26,2020-12-31,459.75,500.3,430.0,410.0,6.8,3.75,3.05,20.0,16.95,0.039418604651162786,3.05,0.1799410029498525,0.007093023255813953,False
BHARTIARTL,2020-12-24,2021-01-28,507.75,560.4,480.0,460.0,8.95,4.9,4.049999999999999,20.0,15.950000000000001,0.03322916666666667,4.049999999999999,0.2539184952978056,0.008437499999999997,False
BHARTIARTL,2021-01-21,2021-02-25,570.65,568.5,540.0,520.0,12.85,8.45,4.4,20.0,15.6,0.028888888888888888,4.4,0.2820512820512821,0.00814814814814815,False
BHARTIARTL,2021-02-18,2021-03-25,578.2,498.4,540.0,520.0,11.4,7.1,4.300000000000001,20.0,15.7,0.02907407407407407,-15.700000000000003,-1.0000000000000002,-0.02907407407407408,True
BHARTIARTL,2021-03-25,2021-04-29,498.4,530.9,470.0,450.0,6.15,3.35,2.8000000000000003,20.0,17.2,0.03659574468085106,2.8000000000000003,0.16279069767441862,0.005957446808510639,False
BHARTIARTL,2021-04-22,2021-05-27,521.05,510.2,490.0,480.0,5.75,4.3,1.4500000000000002,10.0,8.55,0.017448979591836736,1.4500000000000002,0.16959064327485382,0.002959183673469388,False
BHARTIARTL,2021-05-20,2021-06-24,511.05,519.0,480.0,470.0,4.9,3.7,1.2000000000000002,10.0,8.8,0.018333333333333333,1.2000000000000002,0.13636363636363638,0.0025000000000000005,False
BHARTIARTL,2021-06-24,2021-07-29,519.0,556.7,490.0,470.0,4.3,2.15,2.15,20.0,17.85,0.03642857142857143,2.15,0.12044817927170867,0.004387755102040816,False
BHARTIARTL,2021-07-22,2021-08-26,536.6,576.1,500.0,480.0,3.8,1.95,1.8499999999999999,20.0,18.15,0.0363,1.8499999999999999,0.10192837465564739,0.0036999999999999997,False
BHARTIARTL,2021-08-26,2021-09-30,576.1,688.3,540.0,520.0,5.7,3.05,2.6500000000000004,20.0,17.35,0.03212962962962963,2.6500000000000004,0.1527377521613833,0.004907407407407408,False
BHARTIARTL,2021-09-23,2021-10-28,713.4,689.75,670.0,640.0,12.0,5.5,6.5,30.0,23.5,0.03507462686567164,6.5,0.2765957446808511,0.009701492537313432,False
BHARTIARTL,2021-10-21,2021-11-25,696.05,765.15,660.0,630.0,18.9,9.0,9.899999999999999,30.0,20.1,0.030454545454545456,9.899999999999999,0.4925373134328357,0.014999999999999998,False
BHARTIARTL,2021-11-25,2021-12-30,765.15,679.35,720.0,690.0,8.55,4.7,3.8500000000000005,30.0,26.15,0.036319444444444446,-26.15,-1.0,-0.036319444444444446,True
BHARTIARTL,2021-12-23,2022-01-27,678.75,707.25,640.0,620.0,7.0,3.8,3.2,20.0,16.8,0.026250000000000002,3.2,0.19047619047619047,0.005,False
BHARTIARTL,2022-01-20,2022-02-24,715.4,670.9,670.0,650.0,7.15,3.85,3.3000000000000003,20.0,16.7,0.024925373134328358,3.3000000000000003,0.1976047904191617,0.004925373134328359,False
BHARTIARTL,2022-02-24,2022-03-31,670.9,754.95,630.0,600.0,11.4,6.45,4.95,30.0,25.05,0.03976190476190476,4.95,0.19760479041916168,0.007857142857142858,False
BHARTIARTL,2022-03-24,2022-04-28,706.35,747.35,670.0,650.0,9.9,6.4,3.5,20.0,16.5,0.024626865671641792,3.5,0.21212121212121213,0.0052238805970149255,False
BHARTIARTL,2022-04-21,2022-05-26,735.75,693.65,690.0,670.0,10.75,5.5,5.25,20.0,14.75,0.021376811594202898,5.25,0.3559322033898305,0.007608695652173913,False
BHARTIARTL,2022-05-26,2022-06-30,693.65,684.95,650.0,620.0,9.25,4.95,4.3,30.0,25.7,0.039538461538461536,4.3,0.16731517509727625,0.006615384615384615,False
BHARTIARTL,2022-06-23,2022-07-28,660.2,666.85,620.0,600.0,8.9,5.85,3.0500000000000007,20.0,16.95,0.027338709677419352,3.0500000000000007,0.17994100294985255,0.004919354838709679,False
BHARTIARTL,2022-07-21,2022-08-25,678.35,741.0,640.0,610.0,8.2,3.1,5.1,30.0,24.9,0.038906249999999996,5.1,0.20481927710843373,0.00796875,False
BHARTIARTL,2022-08-25,2022-09-29,741.0,764.65,700.0,670.0,9.0,4.35,4.65,30.0,25.35,0.03621428571428572,4.65,0.1834319526627219,0.006642857142857143,False
BHARTIARTL,2022-09-22,2022-10-27,784.1,817.1,730.0,700.0,8.65,4.35,4.300000000000001,30.0,25.7,0.035205479452054794,4.300000000000001,0.1673151750972763,0.00589041095890411,False
BHARTIARTL,2022-10-20,2022-11-24,792.9,848.35,750.0,730.0,9.2,7.0,2.1999999999999993,20.0,17.8,0.023733333333333335,2.1999999999999993,0.12359550561797748,0.0029333333333333325,False
BHARTIARTL,2022-11-24,2022-12-29,848.35,820.75,800.0,770.0,3.85,2.05,1.8000000000000003,30.0,28.2,0.03525,1.8000000000000003,0.06382978723404256,0.0022500000000000003,False
BHARTIARTL,2022-12-21,2023-01-25,814.0,776.5,750.0,700.0,2.65,0.7,1.95,50.0,48.05,0.06406666666666666,1.95,0.04058272632674298,0.0026,False
BHARTIARTL,2023-01-19,2023-02-23,772.0,762.95,730.0,700.0,4.95,2.35,2.6,30.0,27.4,0.03753424657534246,2.6,0.09489051094890512,0.0035616438356164386,False
BHARTIARTL,2023-02-22,2023-03-29,772.15,743.6,730.0,700.0,4.9,2.05,2.8500000000000005,30.0,27.15,0.037191780821917805,2.8500000000000005,0.10497237569060776,0.0039041095890410965,False
BHARTIARTL,2023-03-23,2023-04-27,763.55,786.5,720.0,700.0,4.7,3.1,1.6,20.0,18.4,0.025555555555555554,1.6,0.08695652173913045,0.0022222222222222222,False
BHARTIARTL,2023-04-20,2023-05-25,772.3,822.7,730.0,700.0,4.0,2.05,1.9500000000000002,30.0,28.05,0.03842465753424658,1.9500000000000002,0.06951871657754011,0.002671232876712329,False
BHARTIARTL,2023-06-22,2023-07-27,842.8,895.15,800.0,770.0,6.25,2.5,3.75,30.0,26.25,0.0328125,3.75,0.14285714285714285,0.0046875,False
BHARTIARTL,2023-07-27,2023-08-31,895.15,856.4,850.0,820.0,8.05,5.25,2.8000000000000007,30.0,27.2,0.032,2.8000000000000007,0.10294117647058826,0.0032941176470588245,False
BHARTIARTL,2023-08-24,2023-09-28,869.45,925.65,820.0,800.0,3.5,1.9,1.6,20.0,18.4,0.0224390243902439,1.6,0.08695652173913045,0.0019512195121951222,False
BHARTIARTL,2023-09-21,2023-10-26,917.95,905.5,870.0,850.0,5.0,2.9,2.1,20.0,17.9,0.020574712643678158,2.1,0.11731843575418996,0.002413793103448276,False
BHARTIARTL,2023-10-26,2023-11-30,905.5,1014.7,860.0,850.0,5.35,4.0,1.3499999999999996,10.0,8.65,0.010058139534883721,1.3499999999999996,0.15606936416184966,0.0015697674418604648,False
BHARTIARTL,2023-11-23,2023-12-28,976.65,1036.7,920.0,900.0,6.4,2.1,4.300000000000001,20.0,15.7,0.017065217391304347,4.300000000000001,0.2738853503184714,0.004673913043478262,False
BHARTIARTL,2023-12-21,2024-01-25,977.9,1160.55,900.0,850.0,3.55,1.5,2.05,50.0,47.95,0.05327777777777778,2.05,0.042752867570385815,0.0022777777777777774,False
BHARTIARTL,2024-01-25,2024-02-29,1160.55,1123.35,1100.0,1050.0,10.0,4.0,6.0,50.0,44.0,0.04,6.0,0.13636363636363635,0.005454545454545455,False
BHARTIARTL,2024-02-22,2024-03-28,1135.55,1228.6,1060.0,1050.0,11.25,5.85,5.4,10.0,4.6,0.004339622641509434,5.4,1.173913043478261,0.005094339622641509,False
BHARTIARTL,2024-03-21,2024-04-25,1220.8,1338.7,1150.0,1100.0,6.95,3.45,3.5,50.0,46.5,0.04043478260869565,3.5,0.07526881720430108,0.003043478260869565,False
BHARTIARTL,2024-04-25,2024-05-30,1338.7,1377.15,1270.0,1220.0,12.95,6.15,6.799999999999999,50.0,43.2,0.03401574803149607,6.799999999999999,0.15740740740740738,0.005354330708661417,False
BHARTIARTL,2024-05-23,2024-06-27,1374.05,1475.8,1300.0,1250.0,18.2,9.3,8.899999999999999,50.0,41.1,0.031615384615384615,8.899999999999999,0.21654501216545008,0.006846153846153845,False
BHARTIARTL,2024-06-20,2024-07-25,1381.15,1449.15,1300.0,1250.0,10.15,4.65,5.5,50.0,44.5,0.03423076923076923,5.5,0.12359550561797752,0.004230769230769231,False
BHARTIARTL,2024-07-25,2024-08-29,1449.15,1565.9,1360.0,1320.0,10.15,6.3,3.8500000000000005,40.0,36.15,0.026580882352941176,3.8500000000000005,0.10650069156293225,0.002830882352941177,False
BHARTIARTL,2024-08-22,2024-09-26,1486.35,1771.1,1400.0,1360.0,7.5,4.1,3.4000000000000004,40.0,36.6,0.026142857142857145,3.4000000000000004,0.09289617486338798,0.002428571428571429,False
BHARTIARTL,2024-09-26,2024-10-31,1771.1,1612.6,1680.0,1620.0,13.35,6.6,6.75,60.0,53.25,0.03169642857142857,-53.25,-1.0,-0.03169642857142857,True
BHARTIARTL,2024-10-24,2024-11-28,1678.45,1560.4,1580.0,1560.0,12.05,10.5,1.5500000000000007,20.0,18.45,0.011677215189873417,-18.04999999999991,-0.9783197831978271,-0.011424050632911334,True
BHARTIARTL,2024-11-22,2024-12-26,1569.3,1599.5,1480.0,1440.0,10.7,6.95,3.749999999999999,40.0,36.25,0.024493243243243243,3.749999999999999,0.10344827586206894,0.002533783783783783,False
BHARTIARTL,2024-12-26,2025-01-30,1599.5,1640.75,1500.0,1440.0,8.1,3.3,4.8,60.0,55.2,0.0368,4.8,0.08695652173913043,0.0031999999999999997,False
ICICIBANK,2016-05-09,2016-05-26,204.82,219.23,190.0,185.0,0.35,0.2,0.14999999999999997,5.0,4.85,0.02552631578947368,0.14999999999999997,0.030927835051546386,0.0007894736842105262,False
ICICIBANK,2016-05-26,2016-06-30,219.23,218.68,200.0,190.0,0.95,0.6,0.35,10.0,9.65,0.04825,0.35,0.03626943005181347,0.0017499999999999998,False
ICICIBANK,2016-06-23,2016-07-28,219.0,247.27,200.0,180.0,1.7,0.1,1.5999999999999999,20.0,18.4,0.092,1.5999999999999999,0.08695652173913043,0.008,False
ICICIBANK,2016-07-21,2016-08-25,238.09,224.5,220.0,200.0,0.95,0.5,0.44999999999999996,20.0,19.55,0.08886363636363637,0.44999999999999996,0.02301790281329923,0.002045454545454545,False
ICICIBANK,2016-08-25,2016-09-29,224.5,227.59,210.0,200.0,0.55,0.3,0.25000000000000006,10.0,9.75,0.04642857142857143,0.25000000000000006,0.025641025641025647,0.0011904761904761908,False
ICICIBANK,2017-02-23,2017-03-30,258.64,255.77,240.0,230.0,0.65,0.1,0.55,10.0,9.45,0.039375,0.55,0.05820105820105821,0.0022916666666666667,False
ICICIBANK,2017-05-25,2017-06-29,288.82,293.25,270.0,260.0,1.0,0.5,0.5,10.0,9.5,0.03518518518518519,0.5,0.05263157894736842,0.001851851851851852,False
ICICIBANK,2017-06-22,2017-07-27,289.6,307.2,272.75,263.65,2.45,1.25,1.2000000000000002,9.100000000000023,7.900000000000023,0.028964252978918505,1.2000000000000002,0.15189873417721478,0.004399633363886344,False
ICICIBANK,2017-07-27,2017-08-31,307.2,298.05,290.9,280.0,4.0,2.7,1.2999999999999998,10.899999999999977,9.599999999999977,0.03300103128222749,1.2999999999999998,0.135416666666667,0.00446888965280165,False
ICICIBANK,2017-08-24,2017-09-28,297.7,275.95,280.0,250.0,2.2,0.1,2.1,30.0,27.9,0.09964285714285714,-1.9500000000000113,-0.06989247311827998,-0.006964285714285754,True
ICICIBANK,2017-09-21,2017-10-26,284.95,299.25,270.0,260.0,3.25,1.5,1.75,10.0,8.25,0.030555555555555555,1.75,0.21212121212121213,0.006481481481481481,False
ICICIBANK,2017-10-26,2017-11-30,299.25,307.55,280.0,270.0,6.35,4.15,2.1999999999999993,10.0,7.800000000000001,0.027857142857142858,2.1999999999999993,0.28205128205128194,0.007857142857142854,False
ICICIBANK,2017-11-23,2017-12-28,319.45,315.3,300.0,280.0,4.85,1.7,3.1499999999999995,20.0,16.85,0.05616666666666667,3.1499999999999995,0.1869436201780415,0.010499999999999999,False
ICICIBANK,2018-01-18,2018-02-22,346.15,318.35,320.0,310.0,5.1,3.25,1.8499999999999996,10.0,8.15,0.025468750000000002,0.20000000000002238,0.024539877300616242,0.0006250000000000699,True
ICICIBANK,2018-02-21,2018-03-28,319.2,278.35,300.0,290.0,4.4,3.15,1.2500000000000004,10.0,8.75,0.029166666666666667,-8.75,-1.0,-0.029166666666666667,True
ICICIBANK,2018-03-22,2018-04-26,283.25,278.85,260.0,250.0,3.0,1.6,1.4,10.0,8.6,0.03307692307692307,1.4,0.1627906976744186,0.005384615384615384,False
ICICIBANK,2018-04-26,2018-05-31,278.85,285.8,260.0,250.0,4.45,2.55,1.9000000000000004,10.0,8.1,0.031153846153846153,1.9000000000000004,0.23456790123456794,0.007307692307692309,False
ICICIBANK,2018-05-24,2018-06-28,297.7,271.4,280.0,270.0,3.8,2.1,1.6999999999999997,10.0,8.3,0.029642857142857144,-6.9000000000000234,-0.8313253012048221,-0.024642857142857227,True
ICICIBANK,2018-06-21,2018-07-26,297.95,285.65,280.0,270.0,3.75,2.1,1.65,10.0,8.35,0.02982142857142857,1.65,0.19760479041916168,0.005892857142857142,False
ICICIBANK,2018-07-26,2018-08-30,285.65,344.35,270.0,260.0,6.15,3.6,2.5500000000000003,10.0,7.449999999999999,0.02759259259259259,2.5500000000000003,0.34228187919463093,0.009444444444444446,False
ICICIBANK,2018-08-23,2018-09-27,337.2,306.65,320.0,310.0,6.5,4.0,2.5,10.0,7.5,0.0234375,-7.5,-1.0,-0.0234375,True
ICICIBANK,2018-09-21,2018-10-25,317.1,319.95,300.0,290.0,5.4,3.3,2.1000000000000005,10.0,7.8999999999999995,0.02633333333333333,2.1000000000000005,0.26582278481012667,0.007000000000000002,False
ICICIBANK,2018-10-25,2018-11-29,319.95,362.2,300.0,290.0,8.05,5.6,2.450000000000001,10.0,7.549999999999999,0.025166666666666664,2.450000000000001,0.32450331125827836,0.008166666666666671,False
ICICIBANK,2018-11-22,2018-12-27,352.05,355.65,330.0,320.0,4.35,3.0,1.3499999999999996,10.0,8.65,0.026212121212121214,1.3499999999999996,0.15606936416184966,0.0040909090909090895,False
ICICIBANK,2018-12-27,2019-01-31,355.65,364.45,335.0,320.0,4.2,1.85,2.35,15.0,12.65,0.037761194029850745,2.35,0.1857707509881423,0.007014925373134329,False
ICICIBANK,2019-01-24,2019-02-28,364.8,350.15,340.0,300.0,4.95,1.15,3.8000000000000003,40.0,36.2,0.10647058823529412,3.8000000000000003,0.10497237569060773,0.011176470588235295,False
ICICIBANK,2019-02-21,2019-03-28,351.3,400.55,330.0,320.0,4.6,2.85,1.7499999999999996,10.0,8.25,0.025,1.7499999999999996,0.21212121212121207,0.005303030303030302,False
ICICIBANK,2019-03-22,2019-04-25,391.8,395.4,370.0,360.0,5.0,2.95,2.05,10.0,7.95,0.021486486486486486,2.05,0.2578616352201258,0.00554054054054054,False
ICICIBANK,2019-04-25,2019-05-30,395.4,426.2,375.0,360.0,7.0,3.55,3.45,15.0,11.55,0.0308,3.45,0.2987012987012987,0.0092,False
ICICIBANK,2019-05-23,2019-06-27,410.85,440.95,390.0,370.0,7.4,2.95,4.45,20.0,15.55,0.039871794871794874,4.45,0.28617363344051444,0.011410256410256411,False
ICICIBANK,2019-06-20,2019-07-25,433.4,409.0,410.0,400.0,5.8,3.75,2.05,10.0,7.95,0.019390243902439024,1.0499999999999998,0.13207547169811318,0.0025609756097560972,True
ICICIBANK,2019-07-25,2019-08-29,409.0,404.4,385.0,370.0,5.4,3.0,2.4000000000000004,15.0,12.6,0.03272727272727272,2.4000000000000004,0.19047619047619052,0.006233766233766235,False
ICICIBANK,2019-08-22,2019-09-26,399.1,451.95,370.0,360.0,5.0,3.45,1.5499999999999998,10.0,8.45,0.022837837837837837,1.5499999999999998,0.1834319526627219,0.004189189189189189,False
ICICIBANK,2019-09-26,2019-10-31,451.95,463.05,425.0,405.0,7.05,3.4,3.65,20.0,16.35,0.03847058823529412,3.65,0.22324159021406725,0.008588235294117647,False
ICICIBANK,2019-10-24,2019-11-28,454.75,519.15,430.0,410.0,8.3,5.3,3.000000000000001,20.0,17.0,0.03953488372093023,3.000000000000001,0.17647058823529416,0.006976744186046513,False
ICICIBANK,2019-11-21,2019-12-26,498.25,538.75,470.0,450.0,8.5,4.55,3.95,20.0,16.05,0.034148936170212765,3.95,0.24610591900311526,0.008404255319148936,False
ICICIBANK,2019-12-26,2020-01-30,538.75,532.2,510.0,490.0,4.2,1.75,2.45,20.0,17.55,0.03441176470588236,2.45,0.1396011396011396,0.004803921568627452,False
ICICIBANK,2020-01-23,2020-02-27,527.7,515.35,500.0,480.0,8.65,4.55,4.1000000000000005,20.0,15.899999999999999,0.031799999999999995,4.1000000000000005,0.25786163522012584,0.0082,False
ICICIBANK,2020-02-20,2020-03-26,547.0,330.25,510.0,490.0,4.0,2.0,2.0,20.0,18.0,0.03529411764705882,-18.0,-1.0,-0.03529411764705882,True
ICICIBANK,2020-03-26,2020-04-30,330.25,380.15,310.0,290.0,35.75,27.35,8.399999999999999,20.0,11.600000000000001,0.03741935483870968,8.399999999999999,0.7241379310344825,0.027096774193548383,False
ICICIBANK,2020-04-23,2020-05-28,352.95,326.85,330.0,320.0,19.8,16.6,3.1999999999999993,10.0,6.800000000000001,0.020606060606060607,0.05000000000002203,0.007352941176473827,0.00015151515151521827,True
ICICIBANK,2020-05-21,2020-06-25,304.4,351.0,280.0,270.0,11.9,8.95,2.950000000000001,10.0,7.049999999999999,0.025178571428571425,2.950000000000001,0.41843971631205695,0.010535714285714289,False
ICICIBANK,2020-06-25,2020-07-30,351.0,344.95,330.0,315.0,14.2,9.6,4.6,15.0,10.4,0.03151515151515152,4.6,0.44230769230769224,0.013939393939393939,False
ICICIBANK,2020-07-23,2020-08-27,392.25,392.2,370.0,350.0,14.85,8.75,6.1,20.0,13.9,0.037567567567567565,6.1,0.4388489208633093,0.016486486486486485,False
ICICIBANK,2020-08-20,2020-09-24,367.75,335.7,340.0,330.0,7.15,4.9,2.25,10.0,7.75,0.022794117647058822,-2.0500000000000114,-0.2645161290322595,-0.006029411764705916,True
ICICIBANK,2020-09-24,2020-10-29,335.7,399.9,310.0,300.0,7.65,5.8,1.8500000000000005,10.0,8.149999999999999,0.02629032258064516,1.8500000000000005,0.22699386503067495,0.005967741935483873,False
ICICIBANK,2020-10-22,2020-11-26,412.9,475.3,390.0,370.0,12.65,7.3,5.3500000000000005,20.0,14.649999999999999,0.03756410256410256,5.3500000000000005,0.36518771331058025,0.013717948717948718,False
ICICIBANK,2020-11-26,2020-12-31,475.3,535.05,450.0,430.0,10.15,5.75,4.4,20.0,15.6,0.034666666666666665,4.4,0.2820512820512821,0.00977777777777778,False
ICICIBANK,2020-12-24,2021-01-28,513.55,528.25,480.0,460.0,8.75,5.0,3.75,20.0,16.25,0.033854166666666664,3.75,0.23076923076923078,0.0078125,False
ICICIBANK,2021-01-21,2021-02-25,552.7,628.0,520.0,500.0,13.7,8.75,4.949999999999999,20.0,15.05,0.028942307692307694,4.949999999999999,0.32890365448504977,0.009519230769230768,False
ICICIBANK,2021-02-18,2021-03-25,644.65,571.55,610.0,580.0,13.7,6.95,6.749999999999999,30.0,23.25,0.038114754098360654,-23.25,-1.0,-0.038114754098360654,True
ICICIBANK,2021-03-25,2021-04-29,571.55,621.45,540.0,520.0,11.65,7.15,4.5,20.0,15.5,0.028703703703703703,4.5,0.2903225806451613,0.008333333333333333,False
ICICIBANK,2021-04-22,2021-05-27,579.2,652.25,550.0,530.0,17.85,12.2,5.650000000000002,20.0,14.349999999999998,0.026090909090909088,5.650000000000002,0.3937282229965159,0.010272727272727277,False
ICICIBANK,2021-05-20,2021-06-24,618.6,634.05,580.0,570.0,8.6,6.5,2.0999999999999996,10.0,7.9,0.013620689655172415,2.0999999999999996,0.2658227848101265,0.003620689655172413,False
ICICIBANK,2021-06-24,2021-07-29,634.05,687.5,600.0,580.0,6.55,3.65,2.9,20.0,17.1,0.0285,2.9,0.1695906432748538,0.004833333333333334,False
ICICIBANK,2021-07-22,2021-08-26,655.95,698.8,620.0,600.0,6.3,3.7,2.5999999999999996,20.0,17.4,0.028064516129032255,2.5999999999999996,0.14942528735632182,0.004193548387096774,False
ICICIBANK,2021-08-26,2021-09-30,698.8,700.85,660.0,640.0,5.65,2.9,2.7500000000000004,20.0,17.25,0.026136363636363635,2.7500000000000004,0.15942028985507248,0.0041666666666666675,False
ICICIBANK,2021-09-23,2021-10-28,717.0,798.7,680.0,650.0,10.25,4.9,5.35,30.0,24.65,0.03625,5.35,0.21703853955375255,0.00786764705882353,False
ICICIBANK,2021-10-21,2021-11-25,755.5,751.05,710.0,680.0,14.0,8.5,5.5,30.0,24.5,0.03450704225352113,5.5,0.22448979591836735,0.007746478873239437,False
ICICIBANK,2021-11-25,2021-12-30,751.05,735.7,710.0,680.0,7.5,3.05,4.45,30.0,25.55,0.035985915492957744,4.45,0.17416829745596868,0.006267605633802817,False
ICICIBANK,2021-12-23,2022-01-27,731.3,794.65,690.0,670.0,9.0,4.4,4.6,20.0,15.4,0.022318840579710144,4.6,0.2987012987012987,0.006666666666666666,False
ICICIBANK,2022-01-20,2022-02-24,810.25,707.4,760.0,730.0,10.15,3.8,6.3500000000000005,30.0,23.65,0.031118421052631576,-23.65,-1.0,-0.031118421052631576,True
ICICIBANK,2022-02-24,2022-03-31,707.4,730.3,670.0,640.0,16.0,9.9,6.1,30.0,23.9,0.035671641791044775,6.1,0.25523012552301255,0.009104477611940298,False
ICICIBANK,2022-03-24,2022-04-28,704.2,747.15,660.0,630.0,12.5,6.85,5.65,30.0,24.35,0.036893939393939396,5.65,0.23203285420944558,0.008560606060606062,False
ICICIBANK,2022-04-21,2022-05-26,762.35,728.5,720.0,700.0,11.35,7.9,3.4499999999999993,20.0,16.55,0.022986111111111113,3.4499999999999993,0.20845921450151053,0.004791666666666665,False
ICICIBANK,2022-05-26,2022-06-30,728.5,707.2,690.0,660.0,8.7,4.2,4.499999999999999,30.0,25.5,0.03695652173913044,4.499999999999999,0.17647058823529407,0.006521739130434781,False
ICICIBANK,2022-06-23,2022-07-28,699.15,814.6,660.0,630.0,10.0,3.35,6.65,30.0,23.35,0.03537878787878788,6.65,0.284796573875803,0.010075757575757576,False
ICICIBANK,2022-07-21,2022-08-25,786.0,872.35,740.0,720.0,7.9,4.3,3.6000000000000005,20.0,16.4,0.02216216216216216,3.6000000000000005,0.21951219512195128,0.0048648648648648655,False
ICICIBANK,2022-08-25,2022-09-29,872.35,843.9,820.0,790.0,6.6,3.2,3.3999999999999995,30.0,26.6,0.032439024390243903,3.3999999999999995,0.12781954887218042,0.0041463414634146335,False
ICICIBANK,2022-09-22,2022-10-27,903.4,924.4,850.0,820.0,13.8,8.5,5.300000000000001,30.0,24.7,0.029058823529411765,5.300000000000001,0.21457489878542513,0.006235294117647059,False
ICICIBANK,2022-10-20,2022-11-24,888.65,938.85,820.0,800.0,5.6,3.65,1.9499999999999997,20.0,18.05,0.02201219512195122,1.9499999999999997,0.1080332409972299,0.0023780487804878044,False
ICICIBANK,2022-11-24,2022-12-29,938.85,908.05,890.0,860.0,4.9,1.8,3.1000000000000005,30.0,26.9,0.030224719101123593,3.1000000000000005,0.11524163568773237,0.003483146067415731,False
ICICIBANK,2022-12-21,2023-01-25,892.25,855.3,840.0,830.0,5.5,3.0,2.5,10.0,7.5,0.008928571428571428,2.5,0.3333333333333333,0.002976190476190476,False
ICICIBANK,2023-01-19,2023-02-23,866.15,839.75,820.0,800.0,7.4,4.6,2.8000000000000007,20.0,17.2,0.02097560975609756,2.8000000000000007,0.16279069767441864,0.0034146341463414643,False
ICICIBANK,2023-02-22,2023-03-29,839.25,851.0,790.0,760.0,6.5,3.65,2.85,30.0,27.15,0.03436708860759494,2.85,0.10497237569060774,0.003607594936708861,False
ICICIBANK,2023-03-23,2023-04-27,855.45,918.35,810.0,780.0,6.0,3.8,2.2,30.0,27.8,0.03432098765432099,2.2,0.07913669064748202,0.0027160493827160497,False
ICICIBANK,2023-04-20,2023-05-25,894.4,939.85,840.0,830.0,5.8,4.7,1.0999999999999996,10.0,8.9,0.010595238095238095,1.0999999999999996,0.12359550561797748,0.001309523809523809,False
ICICIBANK,2023-06-22,2023-07-27,925.75,990.25,870.0,840.0,5.5,3.1,2.4,30.0,27.6,0.031724137931034485,2.4,0.08695652173913043,0.002758620689655172,False
ICICIBANK,2023-07-27,2023-08-31,990.25,958.75,940.0,900.0,6.2,2.7,3.5,40.0,36.5,0.038829787234042554,3.5,0.0958904109589041,0.003723404255319149,False
ICICIBANK,2023-08-24,2023-09-28,968.95,942.6,900.0,800.0,2.9,0.25,2.65,100.0,97.35,0.10816666666666666,2.65,0.027221366204417053,0.0029444444444444444,False
ICICIBANK,2023-09-21,2023-10-26,959.3,908.65,910.0,900.0,5.8,4.8,1.0,10.0,9.0,0.00989010989010989,-0.35000000000002274,-0.038888888888891415,-0.0003846153846154096,True
ICICIBANK,2023-10-26,2023-11-30,908.65,934.95,860.0,830.0,5.3,2.65,2.65,30.0,27.35,0.03180232558139535,2.65,0.09689213893967093,0.0030813953488372093,False
ICICIBANK,2023-11-23,2023-12-28,923.0,1005.9,870.0,850.0,3.05,1.7,1.3499999999999999,20.0,18.65,0.0214367816091954,1.3499999999999999,0.07238605898123324,0.0015517241379310344,False
ICICIBANK,2023-12-21,2024-01-25,1004.4,1009.95,950.0,920.0,6.3,3.55,2.75,30.0,27.25,0.028684210526315788,2.75,0.10091743119266056,0.0028947368421052633,False
ICICIBANK,2024-01-25,2024-02-29,1009.95,1052.2,955.0,915.0,7.55,3.0,4.55,40.0,35.45,0.037120418848167545,4.55,0.12834978843441466,0.004764397905759162,False
ICICIBANK,2024-02-22,2024-03-28,1062.7,1093.3,1000.0,960.0,7.7,3.5,4.2,40.0,35.8,0.0358,4.2,0.11731843575418996,0.004200000000000001,False
ICICIBANK,2024-03-21,2024-04-25,1081.8,1113.75,1020.0,980.0,6.65,2.7,3.95,40.0,36.05,0.03534313725490196,3.95,0.10957004160887657,0.0038725490196078434,False
ICICIBANK,2024-04-25,2024-05-30,1113.75,1113.7,1050.0,1010.0,8.6,4.45,4.1499999999999995,40.0,35.85,0.03414285714285714,4.1499999999999995,0.11576011157601114,0.003952380952380952,False
ICICIBANK,2024-05-23,2024-06-27,1134.5,1219.9,1060.0,1040.0,12.55,9.35,3.200000000000001,20.0,16.799999999999997,0.015849056603773583,3.200000000000001,0.19047619047619058,0.003018867924528303,False
ICICIBANK,2024-06-20,2024-07-25,1156.8,1197.9,1090.0,1050.0,7.75,4.35,3.4000000000000004,40.0,36.6,0.03357798165137615,3.4000000000000004,0.09289617486338798,0.003119266055045872,False
ICICIBANK,2024-07-25,2024-08-29,1197.9,1221.9,1130.0,1080.0,12.3,5.2,7.1000000000000005,50.0,42.9,0.0379646017699115,7.1000000000000005,0.16550116550116553,0.006283185840707965,False
ICICIBANK,2024-08-22,2024-09-26,1191.1,1329.05,1130.0,1100.0,7.4,4.15,3.25,30.0,26.75,0.023672566371681417,3.25,0.12149532710280374,0.0028761061946902654,False
ICICIBANK,2024-09-26,2024-10-31,1329.05,1292.25,1260.0,1210.0,8.25,3.6,4.65,50.0,45.35,0.03599206349206349,4.65,0.10253583241455348,0.0036904761904761906,False
ICICIBANK,2024-10-24,2024-11-28,1252.75,1286.35,1180.0,1130.0,10.45,4.75,5.699999999999999,50.0,44.3,0.03754237288135593,5.699999999999999,0.12866817155756208,0.0048305084745762705,False
ICICIBANK,2024-11-21,2024-12-26,1250.55,1297.35,1180.0,1140.0,8.95,4.7,4.249999999999999,40.0,35.75,0.030296610169491527,4.249999999999999,0.11888111888111885,0.0036016949152542365,False
ICICIBANK,2024-12-26,2025-01-30,1297.35,1255.6,1230.0,1180.0,6.85,2.75,4.1,50.0,45.9,0.037317073170731706,4.1,0.08932461873638343,0.003333333333333333,False
INFY,2018-09-04,2018-09-27,737.15,724.8,700.0,670.0,5.45,1.95,3.5,30.0,26.5,0.03785714285714286,3.5,0.1320754716981132,0.005,False
INFY,2018-09-21,2018-10-25,705.3,648.75,660.0,600.0,6.2,2.55,3.6500000000000004,60.0,56.35,0.08537878787878789,-7.6,-0.13487133984028393,-0.011515151515151515,True
INFY,2018-10-25,2018-11-29,648.75,661.05,610.0,590.0,7.5,4.7,2.8,20.0,17.2,0.02819672131147541,2.8,0.1627906976744186,0.0045901639344262295,False
INFY,2018-11-22,2018-12-27,620.75,656.8,580.0,570.0,8.0,5.85,2.1500000000000004,10.0,7.85,0.01353448275862069,2.1500000000000004,0.2738853503184714,0.0037068965517241385,False
INFY,2018-12-27,2019-01-31,656.8,749.55,620.0,590.0,13.0,6.95,6.05,30.0,23.95,0.038629032258064515,6.05,0.25260960334029225,0.009758064516129032,False
INFY,2019-03-22,2019-04-25,743.1,728.55,700.0,670.0,10.7,5.0,5.699999999999999,30.0,24.3,0.03471428571428572,5.699999999999999,0.23456790123456786,0.008142857142857143,False
INFY,2019-04-25,2019-05-30,728.55,733.55,690.0,680.0,5.0,3.75,1.25,10.0,8.75,0.012681159420289856,1.25,0.14285714285714285,0.0018115942028985507,False
INFY,2019-05-23,2019-06-27,701.05,730.55,660.0,630.0,8.8,3.85,4.950000000000001,30.0,25.049999999999997,0.03795454545454545,4.950000000000001,0.19760479041916174,0.0075000000000000015,False
INFY,2019-06-20,2019-07-25,754.9,794.5,710.0,700.0,6.8,5.05,1.75,10.0,8.25,0.011619718309859155,1.75,0.21212121212121213,0.0024647887323943664,False
INFY,2019-07-25,2019-08-29,794.5,806.95,750.0,720.0,3.75,1.9,1.85,30.0,28.15,0.03753333333333333,1.85,0.06571936056838366,0.002466666666666667,False
INFY,2019-08-22,2019-09-26,795.7,782.55,750.0,740.0,7.9,6.75,1.1500000000000004,10.0,8.85,0.0118,1.1500000000000004,0.1299435028248588,0.0015333333333333338,False
INFY,2019-09-26,2019-10-31,782.55,685.6,740.0,710.0,13.25,6.15,7.1,30.0,22.9,0.030945945945945946,-22.9,-1.0,-0.030945945945945946,True
INFY,2019-10-24,2019-11-28,635.35,701.85,600.0,580.0,24.8,18.35,6.449999999999999,20.0,13.55,0.022583333333333334,6.449999999999999,0.4760147601476014,0.01075,False
INFY,2019-11-21,2019-12-26,713.25,728.95,670.0,640.0,13.35,4.5,8.85,30.0,21.15,0.031567164179104476,8.85,0.41843971631205673,0.013208955223880596,False
INFY,2019-12-26,2020-01-30,728.95,780.7,690.0,660.0,7.0,2.85,4.15,30.0,25.85,0.03746376811594203,4.15,0.16054158607350097,0.006014492753623189,False
INFY,2020-01-23,2020-02-27,784.35,777.85,740.0,720.0,5.65,3.45,2.2,20.0,17.8,0.024054054054054055,2.2,0.12359550561797754,0.0029729729729729734,False
INFY,2020-02-20,2020-03-26,797.0,643.0,740.0,720.0,4.5,2.5,2.0,20.0,18.0,0.024324324324324326,-18.0,-1.0,-0.024324324324324326,True
INFY,2020-03-26,2020-04-30,643.0,715.5,600.0,580.0,36.0,29.95,6.050000000000001,20.0,13.95,0.02325,6.050000000000001,0.43369175627240153,0.010083333333333335,False
INFY,2020-04-23,2020-05-28,679.3,707.4,640.0,610.0,19.35,12.05,7.300000000000001,30.0,22.7,0.03546875,7.300000000000001,0.3215859030837005,0.011406250000000001,False
INFY,2020-05-21,2020-06-25,672.2,700.5,630.0,600.0,14.5,7.85,6.65,30.0,23.35,0.03706349206349207,6.65,0.284796573875803,0.010555555555555556,False
INFY,2020-06-25,2020-07-30,700.5,961.45,660.0,630.0,13.95,8.7,5.25,30.0,24.75,0.0375,5.25,0.21212121212121213,0.007954545454545454,False
INFY,2020-07-23,2020-08-27,907.95,947.05,850.0,820.0,12.9,7.0,5.9,30.0,24.1,0.02835294117647059,5.9,0.24481327800829875,0.006941176470588235,False
INFY,2020-08-20,2020-09-24,955.15,975.4,900.0,850.0,13.2,5.0,8.2,50.0,41.8,0.04644444444444444,8.2,0.19617224880382775,0.00911111111111111,False
INFY,2020-09-24,2020-10-29,975.4,1074.85,920.0,870.0,25.25,11.85,13.4,50.0,36.6,0.03978260869565218,13.4,0.366120218579235,0.014565217391304348,False
INFY,2020-10-22,2020-11-26,1129.05,1113.2,1070.0,1020.0,19.0,10.6,8.4,50.0,41.6,0.0388785046728972,8.4,0.20192307692307693,0.007850467289719627,False
INFY,2020-11-26,2020-12-31,1113.2,1255.8,1040.0,1000.0,13.95,7.75,6.199999999999999,40.0,33.8,0.032499999999999994,6.199999999999999,0.1834319526627219,0.005961538461538461,False
INFY,2020-12-24,2021-01-28,1236.05,1276.2,1160.0,1120.0,22.8,13.2,9.600000000000001,40.0,30.4,0.026206896551724135,9.600000000000001,0.31578947368421056,0.00827586206896552,False
INFY,2021-01-21,2021-02-25,1339.7,1274.55,1260.0,1200.0,18.2,7.9,10.299999999999999,60.0,49.7,0.03944444444444445,10.299999999999999,0.2072434607645875,0.008174603174603173,False
INFY,2021-02-18,2021-03-25,1292.45,1333.8,1220.0,1160.0,19.3,8.0,11.3,60.0,48.7,0.03991803278688525,11.3,0.23203285420944558,0.009262295081967215,False
INFY,2021-03-25,2021-04-29,1333.8,1356.35,1260.0,1200.0,21.25,10.0,11.25,60.0,48.75,0.03869047619047619,11.25,0.23076923076923078,0.008928571428571428,False
INFY,2021-04-22,2021-05-27,1351.1,1402.25,1280.0,1220.0,17.8,8.0,9.8,60.0,50.2,0.039218750000000004,9.8,0.1952191235059761,0.007656250000000001,False
INFY,2021-05-20,2021-06-24,1339.3,1559.2,1260.0,1220.0,11.5,7.9,3.5999999999999996,40.0,36.4,0.028888888888888888,3.5999999999999996,0.0989010989010989,0.0028571428571428567,False
INFY,2021-06-24,2021-07-29,1559.2,1617.0,1480.0,1420.0,19.55,9.5,10.05,60.0,49.95,0.03375,10.05,0.2012012012012012,0.0067905405405405414,False
INFY,2021-07-22,2021-08-26,1590.2,1727.7,1500.0,1460.0,7.65,5.1,2.5500000000000007,40.0,37.45,0.024966666666666668,2.5500000000000007,0.06809078771695595,0.0017000000000000006,False
INFY,2021-08-26,2021-09-30,1727.7,1675.2,1640.0,1580.0,11.8,6.0,5.800000000000001,60.0,54.2,0.03304878048780488,5.800000000000001,0.10701107011070111,0.003536585365853659,False
INFY,2021-09-23,2021-10-28,1742.55,1703.9,1640.0,1580.0,23.05,8.05,15.0,60.0,45.0,0.027439024390243903,15.0,0.3333333333333333,0.009146341463414634,False
INFY,2021-10-21,2021-11-25,1753.65,1722.4,1660.0,1580.0,25.8,11.0,14.8,80.0,65.2,0.03927710843373494,14.8,0.22699386503067484,0.00891566265060241,False
INFY,2021-11-25,2021-12-30,1722.4,1892.85,1620.0,1560.0,9.0,4.0,5.0,60.0,55.0,0.033950617283950615,5.0,0.09090909090909091,0.0030864197530864196,False
INFY,2021-12-23,2022-01-27,1857.6,1678.6,1760.0,1700.0,19.35,10.85,8.500000000000002,60.0,51.5,0.029261363636363637,-51.5,-1.0,-0.029261363636363637,True
INFY,2022-01-20,2022-02-24,1823.7,1678.15,1720.0,1700.0,12.9,10.15,2.75,20.0,17.25,0.01002906976744186,-17.25,-1.0,-0.01002906976744186,True
INFY,2022-02-24,2022-03-31,1678.15,1906.85,1580.0,1520.0,24.35,14.8,9.55,60.0,50.45,0.03193037974683544,9.55,0.18929633300297324,0.006044303797468355,False
INFY,2022-03-24,2022-04-28,1886.7,1582.6,1780.0,1700.0,29.3,15.75,13.55,80.0,66.45,0.0373314606741573,-66.44999999999999,-0.9999999999999998,-0.037331460674157296,True
INFY,2022-04-21,2022-05-26,1618.8,1423.95,1520.0,1460.0,16.7,11.25,5.449999999999999,60.0,54.55,0.03588815789473684,-54.55,-1.0,-0.03588815789473684,True
INFY,2022-05-26,2022-06-30,1423.95,1461.9,1340.0,1280.0,26.6,14.55,12.05,60.0,47.95,0.03578358208955224,12.05,0.251303441084463,0.008992537313432837,False
INFY,2022-06-23,2022-07-28,1452.45,1517.4,1360.0,1300.0,21.75,12.65,9.1,60.0,50.9,0.03742647058823529,9.1,0.1787819253438114,0.006691176470588235,False
INFY,2022-07-21,2022-08-25,1532.9,1518.15,1440.0,1380.0,16.15,8.0,8.149999999999999,60.0,51.85,0.036006944444444446,8.149999999999999,0.15718418514946958,0.005659722222222221,False
INFY,2022-08-25,2022-09-29,1518.15,1398.65,1440.0,1380.0,18.2,9.25,8.95,60.0,51.05,0.035451388888888886,-32.399999999999906,-0.6346718903036221,-0.022499999999999933,True
INFY,2022-09-22,2022-10-27,1367.95,1523.95,1280.0,1240.0,29.9,19.9,10.0,40.0,30.0,0.0234375,10.0,0.3333333333333333,0.0078125,False
INFY,2022-10-20,2022-11-24,1500.9,1629.8,1420.0,1360.0,16.1,6.9,9.200000000000001,60.0,50.8,0.03577464788732394,9.200000000000001,0.18110236220472445,0.00647887323943662,False
INFY,2022-11-24,2022-12-29,1629.8,1517.55,1540.0,1480.0,10.05,4.35,5.700000000000001,60.0,54.3,0.035259740259740255,-16.750000000000043,-0.3084714548802955,-0.010876623376623405,True
INFY,2022-12-21,2023-01-25,1509.55,1543.0,1420.0,1360.0,12.45,4.45,7.999999999999999,60.0,52.0,0.036619718309859155,7.999999999999999,0.15384615384615383,0.005633802816901408,False
INFY,2023-01-19,2023-02-23,1538.9,1550.7,1460.0,1400.0,8.45,4.0,4.449999999999999,60.0,55.55,0.03804794520547945,4.449999999999999,0.0801080108010801,0.0030479452054794514,False
INFY,2023-02-22,2023-03-29,1561.8,1383.55,1480.0,1420.0,10.95,5.6,5.35,60.0,54.65,0.03692567567567567,-54.650000000000006,-1.0000000000000002,-0.03692567567567568,True
INFY,2023-03-23,2023-04-27,1374.55,1246.25,1300.0,1240.0,18.6,7.25,11.350000000000001,60.0,48.65,0.03742307692307692,-42.4,-0.8715313463514902,-0.032615384615384616,True
INFY,2023-04-20,2023-05-25,1223.4,1304.35,1160.0,1120.0,13.75,8.45,5.300000000000001,40.0,34.7,0.02991379310344828,5.300000000000001,0.1527377521613833,0.00456896551724138,False
INFY,2023-06-22,2023-07-27,1281.55,1353.15,1200.0,1160.0,8.9,5.1,3.8000000000000007,40.0,36.2,0.030166666666666668,3.8000000000000007,0.10497237569060774,0.0031666666666666675,False
INFY,2023-07-27,2023-08-31,1353.15,1435.45,1280.0,1240.0,6.65,3.65,3.0000000000000004,40.0,37.0,0.02890625,3.0000000000000004,0.0810810810810811,0.0023437500000000003,False
INFY,2023-08-24,2023-09-28,1423.6,1439.45,1350.0,1300.0,6.05,3.25,2.8,50.0,47.2,0.034962962962962967,2.8,0.05932203389830508,0.002074074074074074,False
INFY,2023-09-21,2023-10-26,1501.75,1359.45,1420.0,1350.0,23.5,5.7,17.8,70.0,52.2,0.03676056338028169,-42.74999999999996,-0.8189655172413784,-0.03010563380281687,True
INFY,2023-10-26,2023-11-30,1359.45,1455.15,1280.0,1230.0,7.85,4.2,3.6499999999999995,50.0,46.35,0.0362109375,3.6499999999999995,0.07874865156418553,0.0028515624999999995,False
INFY,2023-11-23,2023-12-28,1449.25,1562.65,1360.0,1300.0,3.7,2.3,1.4000000000000004,60.0,58.6,0.04308823529411765,1.4000000000000004,0.02389078498293516,0.0010294117647058826,False
INFY,2023-12-21,2024-01-25,1536.0,1669.1,1450.0,1400.0,16.1,8.95,7.150000000000002,50.0,42.849999999999994,0.02955172413793103,7.150000000000002,0.16686114352392073,0.004931034482758622,False
INFY,2024-01-25,2024-02-29,1669.1,1673.9,1580.0,1520.0,11.75,5.7,6.05,60.0,53.95,0.03414556962025317,6.05,0.11214087117701575,0.0038291139240506328,False
INFY,2024-02-22,2024-03-28,1681.35,1498.05,1550.0,1500.0,8.6,4.45,4.1499999999999995,50.0,45.85,0.029580645161290324,-45.85,-1.0,-0.029580645161290324,True
INFY,2024-03-21,2024-04-25,1554.7,1438.45,1460.0,1400.0,12.85,5.95,6.8999999999999995,60.0,53.1,0.03636986301369863,-14.649999999999956,-0.2758945386064022,-0.010034246575342435,True
INFY,2024-04-25,2024-05-30,1438.45,1427.45,1360.0,1320.0,9.45,5.4,4.049999999999999,40.0,35.95,0.026433823529411767,4.049999999999999,0.11265646731571623,0.0029779411764705873,False
INFY,2024-05-23,2024-06-27,1472.4,1573.35,1380.0,1320.0,23.75,10.9,12.85,60.0,47.15,0.034166666666666665,12.85,0.2725344644750795,0.00931159420289855,False
INFY,2024-06-20,2024-07-25,1515.4,1824.85,1420.0,1360.0,14.25,6.15,8.1,60.0,51.9,0.03654929577464788,8.1,0.15606936416184972,0.005704225352112676,False
INFY,2024-07-25,2024-08-29,1824.85,1933.35,1720.0,1660.0,10.2,5.35,4.85,60.0,55.15,0.03206395348837209,4.85,0.08794197642792384,0.002819767441860465,False
INFY,2024-08-22,2024-09-26,1880.25,1900.25,1780.0,1720.0,12.2,6.0,6.199999999999999,60.0,53.8,0.030224719101123593,6.199999999999999,0.11524163568773234,0.00348314606741573,False
INFY,2024-09-26,2024-10-31,1900.25,1757.25,1800.0,1720.0,28.4,12.3,16.099999999999998,80.0,63.900000000000006,0.035500000000000004,-26.650000000000002,-0.4170579029733959,-0.014805555555555556,True
INFY,2024-10-24,2024-11-28,1863.35,1856.65,1760.0,1700.0,14.95,7.55,7.3999999999999995,60.0,52.6,0.029886363636363638,7.3999999999999995,0.14068441064638781,0.004204545454545454,False
INFY,2024-11-21,2024-12-26,1834.05,1907.4,1740.0,1680.0,14.9,7.0,7.9,60.0,52.1,0.029942528735632183,7.9,0.15163147792706333,0.0045402298850574715,False
INFY,2024-12-26,2025-01-30,1907.4,1859.95,1800.0,1720.0,13.5,4.6,8.9,80.0,71.1,0.03949999999999999,8.9,0.12517580872011252,0.004944444444444445,False
LT,2017-07-13,2017-07-27,1175.1,1182.05,1106.65,1066.65,2.45,0.85,1.6,40.0,38.4,0.034699317760809645,1.6,0.04166666666666667,0.001445804906700402,False
LT,2017-07-27,2017-08-31,1182.05,1136.3,1120.0,1066.65,14.45,3.4,11.049999999999999,53.34999999999991,42.29999999999991,0.03776785714285706,11.049999999999999,0.2612293144208043,0.009866071428571427,False
LT,2017-10-26,2017-11-30,1223.5,1216.55,1160.0,1120.0,15.0,6.1,8.9,40.0,31.1,0.026810344827586208,8.9,0.28617363344051444,0.007672413793103449,False
LT,2018-01-18,2018-02-22,1360.8,1292.0,1280.0,1200.0,13.4,7.0,6.4,80.0,73.6,0.057499999999999996,6.4,0.08695652173913045,0.005,False
LT,2018-03-22,2018-04-26,1296.25,1347.2,1220.0,1200.0,9.0,7.0,2.0,20.0,18.0,0.014754098360655738,2.0,0.1111111111111111,0.001639344262295082,False
LT,2018-04-26,2018-05-31,1347.2,1370.4,1260.0,1200.0,6.9,2.5,4.4,60.0,55.6,0.044126984126984126,4.4,0.07913669064748202,0.0034920634920634925,False
LT,2018-07-26,2018-08-30,1305.95,1346.55,1240.0,1200.0,13.9,6.6,7.300000000000001,40.0,32.7,0.026370967741935487,7.300000000000001,0.22324159021406728,0.005887096774193549,False
LT,2018-08-23,2018-09-27,1352.05,1309.9,1280.0,1240.0,9.4,4.4,5.0,40.0,35.0,0.02734375,5.0,0.14285714285714285,0.00390625,False
LT,2018-09-21,2018-10-25,1329.7,1201.55,1260.0,1220.0,9.4,2.75,6.65,40.0,33.35,0.02646825396825397,-33.35,-1.0,-0.02646825396825397,True
LT,2018-10-25,2018-11-29,1201.55,1422.45,1140.0,1100.0,16.3,8.5,7.800000000000001,40.0,32.2,0.028245614035087723,7.800000000000001,0.2422360248447205,0.006842105263157895,False
LT,2018-12-27,2019-01-31,1425.05,1314.3,1340.0,1300.0,9.1,5.4,3.6999999999999993,40.0,36.3,0.027089552238805967,-22.000000000000046,-0.6060606060606074,-0.016417910447761228,True
LT,2019-01-24,2019-02-28,1295.35,1292.95,1220.0,1200.0,16.05,11.0,5.050000000000001,20.0,14.95,0.012254098360655738,5.050000000000001,0.3377926421404683,0.004139344262295083,False
LT,2019-02-21,2019-03-28,1284.1,1386.7,1200.0,1160.0,11.25,5.6,5.65,40.0,34.35,0.028625,5.65,0.16448326055312956,0.0047083333333333335,False
LT,2019-03-22,2019-04-25,1394.7,1355.15,1320.0,1300.0,11.95,8.5,3.4499999999999993,20.0,16.55,0.012537878787878789,3.4499999999999993,0.20845921450151053,0.002613636363636363,False
LT,2019-04-25,2019-05-30,1355.15,1558.6,1280.0,1240.0,13.65,8.0,5.65,40.0,34.35,0.0268359375,5.65,0.16448326055312956,0.0044140625000000005,False
LT,2019-05-23,2019-06-27,1476.1,1550.9,1400.0,1340.0,16.8,4.5,12.3,60.0,47.7,0.03407142857142857,12.3,0.2578616352201258,0.008785714285714286,False
LT,2019-06-20,2019-07-25,1557.1,1372.4,1460.0,1400.0,12.0,4.5,7.5,60.0,52.5,0.03595890410958904,-52.5,-1.0,-0.03595890410958904,True
LT,2019-07-25,2019-08-29,1372.4,1342.45,1300.0,1280.0,11.0,7.0,4.0,20.0,16.0,0.012307692307692308,4.0,0.25,0.003076923076923077,False
LT,2019-08-22,2019-09-26,1294.25,1489.85,1220.0,1180.0,16.0,9.8,6.199999999999999,40.0,33.8,0.027704918032786883,6.199999999999999,0.1834319526627219,0.005081967213114754,False
LT,2019-09-26,2019-10-31,1489.85,1473.05,1400.0,1340.0,14.15,6.4,7.75,60.0,52.25,0.037321428571428575,7.75,0.14832535885167464,0.005535714285714285,False
LT,2019-11-21,2019-12-26,1392.7,1279.3,1320.0,1260.0,18.0,8.95,9.05,60.0,50.95,0.03859848484848485,-31.650000000000045,-0.621197252208048,-0.02397727272727276,True
LT,2019-12-26,2020-01-30,1279.3,1370.2,1200.0,1180.0,6.25,5.5,0.75,20.0,19.25,0.016041666666666666,0.75,0.03896103896103896,0.000625,False
LT,2020-01-23,2020-02-27,1332.3,1210.35,1260.0,1220.0,12.05,7.0,5.050000000000001,40.0,34.95,0.02773809523809524,-34.95,-1.0,-0.02773809523809524,True
LT,2020-03-26,2020-04-30,838.0,897.55,780.0,740.0,62.6,48.15,14.450000000000003,40.0,25.549999999999997,0.032756410256410254,14.450000000000003,0.5655577299412917,0.01852564102564103,False
LT,2020-04-23,2020-05-28,840.6,905.5,780.0,700.0,26.1,8.5,17.6,80.0,62.4,0.08,17.6,0.2820512820512821,0.022564102564102566,False
LT,2020-05-21,2020-06-25,820.5,943.1,760.0,740.0,19.15,14.55,4.599999999999998,20.0,15.400000000000002,0.020263157894736844,4.599999999999998,0.2987012987012985,0.006052631578947366,False
LT,2020-06-25,2020-07-30,943.1,908.25,890.0,850.0,25.2,15.25,9.95,40.0,30.05,0.03376404494382022,9.95,0.33111480865224624,0.011179775280898875,False
LT,2020-07-23,2020-08-27,916.55,975.6,860.0,850.0,22.0,18.55,3.4499999999999993,10.0,6.550000000000001,0.007616279069767443,3.4499999999999993,0.5267175572519083,0.004011627906976743,False
LT,2020-08-20,2020-09-24,995.75,850.7,940.0,900.0,17.0,8.8,8.2,40.0,31.8,0.033829787234042556,-31.799999999999997,-0.9999999999999999,-0.03382978723404255,True
LT,2020-09-24,2020-10-29,850.7,934.5,800.0,780.0,14.8,10.35,4.450000000000001,20.0,15.549999999999999,0.0194375,4.450000000000001,0.28617363344051455,0.0055625000000000015,False
LT,2020-10-22,2020-11-26,936.3,1118.85,880.0,840.0,13.55,6.5,7.050000000000001,40.0,32.95,0.03744318181818182,7.050000000000001,0.21396054628224584,0.008011363636363638,False
LT,2020-11-26,2020-12-31,1118.85,1287.6,1060.0,1020.0,18.6,10.65,7.950000000000001,40.0,32.05,0.030235849056603772,7.950000000000001,0.24804992199687992,0.007500000000000001,False
LT,2020-12-24,2021-01-28,1262.2,1345.35,1180.0,1120.0,21.4,8.15,13.249999999999998,60.0,46.75,0.03961864406779661,13.249999999999998,0.2834224598930481,0.011228813559322032,False
LT,2021-01-21,2021-02-25,1371.3,1506.45,1300.0,1240.0,32.4,11.0,21.4,60.0,38.6,0.029692307692307695,21.4,0.5544041450777202,0.01646153846153846,False
LT,2021-02-18,2021-03-25,1524.6,1371.1,1440.0,1380.0,24.65,12.0,12.649999999999999,60.0,47.35,0.03288194444444444,-47.35,-1.0,-0.03288194444444444,True
LT,2021-03-25,2021-04-29,1371.1,1358.65,1300.0,1240.0,20.3,9.55,10.75,60.0,49.25,0.037884615384615385,10.75,0.2182741116751269,0.00826923076923077,False
LT,2021-05-20,2021-06-24,1409.75,1504.05,1320.0,1260.0,14.2,6.05,8.149999999999999,60.0,51.85,0.03928030303030303,8.149999999999999,0.15718418514946958,0.006174242424242423,False
LT,2021-06-24,2021-07-29,1504.05,1596.0,1420.0,1360.0,12.6,5.4,7.199999999999999,60.0,52.8,0.03718309859154929,7.199999999999999,0.13636363636363635,0.0050704225352112674,False
LT,2021-07-22,2021-08-26,1642.15,1595.75,1560.0,1500.0,19.6,8.8,10.8,60.0,49.2,0.03153846153846154,10.8,0.21951219512195122,0.006923076923076923,False
LT,2021-08-26,2021-09-30,1595.75,1702.95,1500.0,1460.0,11.9,7.2,4.7,40.0,35.3,0.02353333333333333,4.7,0.1331444759206799,0.0031333333333333335,False
LT,2021-09-23,2021-10-28,1769.7,1814.25,1680.0,1600.0,24.95,9.6,15.35,80.0,64.65,0.03848214285714286,15.35,0.23743232791956687,0.009136904761904761,False
LT,2021-10-21,2021-11-25,1805.75,1849.9,1700.0,1660.0,28.5,20.0,8.5,40.0,31.5,0.01852941176470588,8.5,0.2698412698412698,0.005,False
LT,2021-11-25,2021-12-30,1849.9,1885.7,1740.0,1700.0,10.15,5.6,4.550000000000001,40.0,35.45,0.020373563218390806,4.550000000000001,0.1283497884344147,0.0026149425287356324,False
LT,2021-12-23,2022-01-27,1878.45,1910.85,1760.0,1700.0,13.05,6.1,6.950000000000001,60.0,53.05,0.030142045454545453,6.950000000000001,0.13100848256361924,0.003948863636363637,False
LT,2022-01-20,2022-02-24,2003.5,1757.35,1900.0,1880.0,25.85,21.6,4.25,20.0,15.75,0.008289473684210527,-15.75,-1.0,-0.008289473684210527,True
LT,2022-02-24,2022-03-31,1757.35,1767.65,1660.0,1580.0,31.55,11.95,19.6,80.0,60.4,0.0363855421686747,19.6,0.3245033112582782,0.011807228915662651,False
LT,2022-03-24,2022-04-28,1771.55,1719.25,1680.0,1600.0,28.0,13.4,14.6,80.0,65.4,0.03892857142857143,14.6,0.22324159021406725,0.00869047619047619,False
LT,2022-04-21,2022-05-26,1714.5,1564.55,1600.0,1560.0,15.15,10.0,5.15,40.0,34.85,0.021781250000000002,-30.300000000000047,-0.8694404591104747,-0.01893750000000003,True
LT,2022-05-26,2022-06-30,1564.55,1558.25,1480.0,1420.0,20.8,16.2,4.600000000000001,60.0,55.4,0.03743243243243243,4.600000000000001,0.08303249097472927,0.003108108108108109,False
LT,2022-06-23,2022-07-28,1494.3,1801.25,1400.0,1300.0,20.6,6.2,14.400000000000002,100.0,85.6,0.06114285714285714,14.400000000000002,0.1682242990654206,0.010285714285714287,False
LT,2022-07-21,2022-08-25,1765.15,1877.9,1660.0,1600.0,17.25,6.7,10.55,60.0,49.45,0.029789156626506025,10.55,0.21334681496461072,0.006355421686746988,False
LT,2022-08-25,2022-09-29,1877.9,1815.5,1780.0,1700.0,21.2,10.5,10.7,80.0,69.3,0.03893258426966292,10.7,0.1544011544011544,0.006011235955056179,False
LT,2022-09-22,2022-10-27,1888.2,1964.05,1700.0,1600.0,10.2,5.0,5.199999999999999,100.0,94.8,0.05576470588235294,5.199999999999999,0.05485232067510548,0.0030588235294117644,False
LT,2022-10-20,2022-11-24,1904.15,2052.2,1800.0,1700.0,19.8,6.5,13.3,100.0,86.7,0.04816666666666667,13.3,0.15340253748558247,0.007388888888888889,False
LT,2022-11-24,2022-12-29,2052.2,2110.9,1940.0,1860.0,10.35,4.0,6.35,80.0,73.65,0.037963917525773196,6.35,0.08621860149355057,0.0032731958762886597,False
LT,2022-12-21,2023-01-25,2146.3,2174.7,2000.0,1900.0,7.95,3.5,4.45,100.0,95.55,0.047775,4.45,0.04657247514390372,0.002225,False
LT,2023-01-19,2023-02-23,2273.1,2159.15,2140.0,2060.0,16.8,7.5,9.3,80.0,70.7,0.033037383177570094,9.3,0.13154172560113156,0.0043457943925233646,False
LT,2023-02-22,2023-03-29,2194.75,2147.45,2080.0,2000.0,17.7,6.95,10.75,80.0,69.25,0.03329326923076923,10.75,0.1552346570397112,0.005168269230769231,False
LT,2023-04-20,2023-05-25,2232.75,2204.7,2100.0,2000.0,11.5,3.55,7.95,100.0,92.05,0.043833333333333335,7.95,0.08636610537751223,0.003785714285714286,False
LT,2023-06-22,2023-07-27,2416.25,2660.2,2280.0,2200.0,17.0,7.0,10.0,80.0,70.0,0.03070175438596491,10.0,0.14285714285714285,0.0043859649122807015,False
LT,2023-07-27,2023-08-31,2660.2,2702.7,2520.0,2440.0,17.15,10.8,6.349999999999998,80.0,73.65,0.02922619047619048,6.349999999999998,0.08621860149355054,0.0025198412698412688,False
LT,2023-08-24,2023-09-28,2688.15,3010.0,2520.0,2480.0,6.05,4.95,1.0999999999999996,40.0,38.9,0.015436507936507936,1.0999999999999996,0.02827763496143958,0.00043650793650793634,False
LT,2023-09-21,2023-10-26,2899.35,2864.6,2700.0,2600.0,9.65,4.35,5.300000000000001,100.0,94.7,0.03507407407407408,5.300000000000001,0.055966209081309407,0.0019629629629629632,False
LT,2023-10-26,2023-11-30,2864.6,3109.2,2700.0,2600.0,15.7,6.85,8.85,100.0,91.15,0.03375925925925926,8.85,0.09709270433351617,0.0032777777777777775,False
LT,2023-11-23,2023-12-28,3045.65,3518.05,2860.0,2800.0,23.5,7.1,16.4,60.0,43.6,0.015244755244755246,16.4,0.37614678899082565,0.005734265734265734,False
LT,2023-12-21,2024-01-25,3424.15,3593.45,3200.0,3100.0,17.05,10.45,6.600000000000001,100.0,93.4,0.0291875,6.600000000000001,0.07066381156316917,0.0020625000000000005,False
LT,2024-01-25,2024-02-29,3593.45,3477.55,3400.0,3300.0,29.95,16.25,13.7,100.0,86.3,0.02538235294117647,13.7,0.15874855156431053,0.004029411764705882,False
LT,2024-02-22,2024-03-28,3363.75,3763.9,3100.0,3000.0,14.9,7.5,7.4,100.0,92.6,0.029870967741935484,7.4,0.0799136069114471,0.0023870967741935487,False
LT,2024-03-21,2024-04-25,3560.0,3652.3,3300.0,3200.0,11.25,6.95,4.3,100.0,95.7,0.029,4.3,0.04493207941483803,0.001303030303030303,False
LT,2024-04-25,2024-05-30,3652.3,3634.7,3460.0,3360.0,24.9,12.5,12.399999999999999,100.0,87.6,0.025317919075144506,12.399999999999999,0.1415525114155251,0.0035838150289017336,False
LT,2024-05-23,2024-06-27,3585.4,3564.4,3400.0,3240.0,63.9,28.45,35.45,160.0,124.55,0.03663235294117647,35.45,0.2846246487354476,0.010426470588235296,False
LT,2024-06-20,2024-07-25,3594.45,3619.15,3400.0,3300.0,29.9,16.1,13.799999999999997,100.0,86.2,0.02535294117647059,13.799999999999997,0.16009280742459392,0.004058823529411764,False
LT,2024-07-25,2024-08-29,3619.15,3683.45,3400.0,3300.0,24.25,14.0,10.25,100.0,89.75,0.026397058823529412,10.25,0.11420612813370473,0.003014705882352941,False
LT,2024-08-22,2024-09-26,3606.5,3762.15,3400.0,3100.0,18.05,6.5,11.55,300.0,288.45,0.08483823529411764,11.55,0.04004160166406657,0.003397058823529412,False
LT,2024-09-26,2024-10-31,3762.15,3622.3,3550.0,3400.0,24.1,9.9,14.200000000000001,150.0,135.8,0.038253521126760566,14.200000000000001,0.10456553755522828,0.004,False
LT,2024-10-24,2024-11-28,3442.65,3666.05,3250.0,3200.0,33.65,25.1,8.549999999999997,50.0,41.45,0.012753846153846156,8.549999999999997,0.20627261761158014,0.00263076923076923,False
LT,2024-11-21,2024-12-26,3483.5,3629.5,3300.0,3200.0,30.1,17.9,12.200000000000003,100.0,87.8,0.026606060606060605,12.200000000000003,0.13895216400911165,0.0036969696969696977,False
LT,2024-12-26,2025-01-30,3629.5,3420.95,3400.0,3300.0,15.15,7.5,7.65,100.0,92.35,0.02716176470588235,7.65,0.08283703302652952,0.0022500000000000003,False
RELIANCE,2024-10-28,2024-11-28,1334.35,1270.8,1260.0,1230.0,11.15,7.3,3.8500000000000005,30.0,26.15,0.020753968253968254,3.8500000000000005,0.14722753346080308,0.003055555555555556,False
RELIANCE,2024-11-21,2024-12-26,1223.0,1216.55,1160.0,1120.0,13.65,7.6,6.050000000000001,40.0,33.95,0.029267241379310346,6.050000000000001,0.17820324005891017,0.005215517241379311,False
RELIANCE,2024-12-26,2025-01-30,1216.55,1253.05,1150.0,1100.0,8.85,3.85,5.0,50.0,45.0,0.0391304347826087,5.0,0.1111111111111111,0.004347826086956522,False
SBIN,2016-05-09,2016-05-26,188.7,184.15,175.0,170.0,1.75,0.95,0.8,5.0,4.2,0.024,0.8,0.19047619047619047,0.004571428571428572,False
SBIN,2016-05-26,2016-06-30,184.15,218.8,170.0,165.0,5.45,3.9,1.5500000000000003,5.0,3.4499999999999997,0.020294117647058824,1.5500000000000003,0.4492753623188407,0.00911764705882353,False
SBIN,2016-06-23,2016-07-28,217.55,231.0,205.0,195.0,6.4,3.8,2.6000000000000005,10.0,7.3999999999999995,0.03609756097560975,2.6000000000000005,0.3513513513513514,0.012682926829268295,False
SBIN,2016-07-21,2016-08-25,225.65,250.15,210.0,200.0,4.2,2.2,2.0,10.0,8.0,0.0380952380952381,2.0,0.25,0.009523809523809525,False
SBIN,2016-08-25,2016-09-29,250.15,247.25,235.0,225.0,2.6,1.2,1.4000000000000001,10.0,8.6,0.03659574468085106,1.4000000000000001,0.16279069767441862,0.005957446808510639,False
SBIN,2016-09-22,2016-10-27,257.9,255.4,245.0,240.0,3.65,2.6,1.0499999999999998,5.0,3.95,0.016122448979591836,1.0499999999999998,0.2658227848101265,0.004285714285714285,False
SBIN,2016-10-20,2016-11-24,260.2,261.75,245.0,235.0,3.45,1.85,1.6,10.0,8.4,0.03428571428571429,1.6,0.19047619047619047,0.006530612244897959,False
SBIN,2016-11-24,2016-12-29,261.75,247.65,245.0,235.0,4.45,2.65,1.8000000000000003,10.0,8.2,0.03346938775510204,1.8000000000000003,0.21951219512195128,0.0073469387755102054,False
SBIN,2016-12-21,2017-01-25,255.35,259.2,240.0,230.0,3.0,1.5,1.5,10.0,8.5,0.035416666666666666,1.5,0.17647058823529413,0.00625,False
SBIN,2017-01-19,2017-02-23,258.4,270.45,245.0,235.0,4.7,2.4,2.3000000000000003,10.0,7.699999999999999,0.031428571428571424,2.3000000000000003,0.29870129870129875,0.009387755102040818,False
SBIN,2017-02-23,2017-03-30,270.45,291.05,255.0,245.0,3.0,1.35,1.65,10.0,8.35,0.032745098039215687,1.65,0.19760479041916168,0.006470588235294118,False
SBIN,2017-03-23,2017-04-27,268.5,282.05,255.0,250.0,2.75,1.8,0.95,5.0,4.05,0.01588235294117647,0.95,0.2345679012345679,0.0037254901960784314,False
SBIN,2017-04-20,2017-05-25,284.8,290.1,270.0,260.0,3.9,1.95,1.95,10.0,8.05,0.02981481481481482,1.95,0.24223602484472048,0.007222222222222222,False
SBIN,2017-05-25,2017-06-29,290.1,272.45,275.0,265.0,4.15,1.95,2.2,10.0,7.8,0.02836363636363636,-0.3500000000000112,-0.04487179487179631,-0.0012727272727273134,True
SBIN,2017-06-22,2017-07-27,294.5,298.35,275.0,265.0,1.95,0.95,1.0,10.0,9.0,0.03272727272727273,1.0,0.1111111111111111,0.0036363636363636364,False
SBIN,2017-07-27,2017-08-31,298.35,277.75,280.0,270.0,2.55,1.25,1.2999999999999998,10.0,8.7,0.03107142857142857,-0.9500000000000002,-0.10919540229885061,-0.0033928571428571436,True
SBIN,2017-08-24,2017-09-28,280.3,252.55,265.0,260.0,2.55,1.85,0.6999999999999997,5.0,4.300000000000001,0.016226415094339624,-4.300000000000001,-1.0,-0.016226415094339624,True
SBIN,2017-09-21,2017-10-26,268.5,320.5,255.0,250.0,2.75,1.8,0.95,5.0,4.05,0.01588235294117647,0.95,0.2345679012345679,0.0037254901960784314,False
SBIN,2017-10-26,2017-11-30,320.5,320.35,300.0,285.0,10.2,6.0,4.199999999999999,15.0,10.8,0.036000000000000004,4.199999999999999,0.3888888888888888,0.013999999999999997,False
SBIN,2017-11-23,2017-12-28,334.95,308.4,310.0,300.0,4.75,3.15,1.6,10.0,8.4,0.02709677419354839,-2.2648549702353193e-14,-2.6962559169468086e-15,-7.305983774952643e-17,True
SBIN,2017-12-21,2018-01-25,316.75,313.15,300.0,295.0,4.25,3.0,1.25,5.0,3.75,0.0125,1.25,0.3333333333333333,0.004166666666666667,False
SBIN,2018-01-18,2018-02-22,303.25,272.6,280.0,270.0,4.4,2.3,2.1000000000000005,10.0,7.8999999999999995,0.028214285714285713,-5.299999999999977,-0.6708860759493642,-0.018928571428571347,True
SBIN,2018-02-21,2018-03-28,273.3,249.9,250.0,240.0,3.7,2.3,1.4000000000000004,10.0,8.6,0.0344,1.300000000000006,0.15116279069767513,0.005200000000000024,True
SBIN,2018-03-22,2018-04-26,241.55,233.2,220.0,210.0,2.85,1.8,1.05,10.0,8.95,0.04068181818181818,1.05,0.11731843575418996,0.004772727272727273,False
SBIN,2018-04-26,2018-05-31,233.2,269.55,220.0,210.0,4.05,1.9,2.15,10.0,7.85,0.03568181818181818,2.15,0.27388535031847133,0.009772727272727271,False
SBIN,2018-05-24,2018-06-28,268.5,257.0,255.0,245.0,5.4,2.8,2.6000000000000005,10.0,7.3999999999999995,0.029019607843137254,2.6000000000000005,0.3513513513513514,0.010196078431372551,False
SBIN,2018-06-21,2018-07-26,268.65,287.7,255.0,250.0,3.45,2.6,0.8500000000000001,5.0,4.15,0.01627450980392157,0.8500000000000001,0.20481927710843373,0.0033333333333333335,False
SBIN,2018-07-26,2018-08-30,287.7,308.6,270.0,260.0,5.3,3.0,2.3,10.0,7.7,0.02851851851851852,2.3,0.2987012987012987,0.008518518518518517,False
SBIN,2018-08-23,2018-09-27,302.45,265.35,285.0,280.0,4.25,3.35,0.8999999999999999,5.0,4.1,0.0143859649122807,-4.100000000000001,-1.0000000000000004,-0.014385964912280707,True
SBIN,2018-09-21,2018-10-25,270.6,249.55,255.0,250.0,5.35,4.5,0.8499999999999996,5.0,4.15,0.01627450980392157,-4.15,-1.0,-0.01627450980392157,True
SBIN,2018-10-25,2018-11-29,249.55,286.4,235.0,225.0,6.15,4.1,2.0500000000000007,10.0,7.949999999999999,0.03382978723404255,2.0500000000000007,0.2578616352201259,0.008723404255319152,False
SBIN,2018-11-22,2018-12-27,282.7,292.15,265.0,260.0,3.6,3.1,0.5,5.0,4.5,0.016981132075471698,0.5,0.1111111111111111,0.0018867924528301887,False
SBIN,2018-12-27,2019-01-31,292.15,293.65,275.0,270.0,3.45,2.5,0.9500000000000002,5.0,4.05,0.014727272727272726,0.9500000000000002,0.23456790123456794,0.0034545454545454554,False
SBIN,2019-01-24,2019-02-28,288.05,269.05,270.0,260.0,5.2,2.75,2.45,10.0,7.55,0.027962962962962964,1.5000000000000115,0.19867549668874326,0.005555555555555598,True
SBIN,2019-02-21,2019-03-28,268.0,319.0,250.0,240.0,3.7,2.0,1.7000000000000002,10.0,8.3,0.0332,1.7000000000000002,0.20481927710843373,0.0068000000000000005,False
SBIN,2019-03-22,2019-04-25,298.05,306.2,280.0,270.0,3.65,2.0,1.65,10.0,8.35,0.02982142857142857,1.65,0.19760479041916168,0.005892857142857142,False
SBIN,2019-04-25,2019-05-30,306.2,353.55,290.0,280.0,6.1,3.65,2.4499999999999997,10.0,7.550000000000001,0.02603448275862069,2.4499999999999997,0.3245033112582781,0.008448275862068965,False
SBIN,2019-05-23,2019-06-27,342.2,362.15,325.0,310.0,6.5,3.7,2.8,15.0,12.2,0.037538461538461534,2.8,0.22950819672131148,0.008615384615384615,False
SBIN,2019-06-20,2019-07-25,345.15,341.3,325.0,310.0,4.0,1.7,2.3,15.0,12.7,0.03907692307692307,2.3,0.1811023622047244,0.007076923076923076,False
SBIN,2019-07-25,2019-08-29,341.3,274.5,320.0,305.0,4.3,2.0,2.3,15.0,12.7,0.0396875,-12.700000000000003,-1.0000000000000002,-0.03968750000000001,True
SBIN,2019-08-22,2019-09-26,268.55,281.85,255.0,250.0,7.35,5.85,1.5,5.0,3.5,0.013725490196078431,1.5,0.42857142857142855,0.0058823529411764705,False
SBIN,2019-09-26,2019-10-31,281.85,312.4,265.0,255.0,5.9,3.5,2.4000000000000004,10.0,7.6,0.028679245283018868,2.4000000000000004,0.31578947368421056,0.009056603773584908,False
SBIN,2019-10-24,2019-11-28,262.5,349.3,245.0,235.0,7.3,5.25,2.05,10.0,7.95,0.032448979591836735,2.05,0.2578616352201258,0.00836734693877551,False
SBIN,2019-11-21,2019-12-26,331.35,329.85,310.0,295.0,6.0,3.15,2.85,15.0,12.15,0.03919354838709677,2.85,0.2345679012345679,0.009193548387096774,False
SBIN,2019-12-26,2020-01-30,329.85,310.7,310.0,300.0,3.2,1.75,1.4500000000000002,10.0,8.55,0.027580645161290326,1.4500000000000002,0.16959064327485382,0.00467741935483871,False
SBIN,2020-01-23,2020-02-27,323.2,321.95,305.0,290.0,6.4,3.25,3.1500000000000004,15.0,11.85,0.03885245901639344,3.1500000000000004,0.2658227848101266,0.010327868852459017,False
SBIN,2020-02-20,2020-03-26,327.65,192.75,310.0,300.0,5.9,3.9,2.0000000000000004,10.0,8.0,0.025806451612903226,-8.0,-1.0,-0.025806451612903226,True
SBIN,2020-03-26,2020-04-30,192.75,190.5,180.0,170.0,19.2,16.05,3.1499999999999986,10.0,6.850000000000001,0.038055555555555565,3.1499999999999986,0.45985401459853986,0.01749999999999999,False
SBIN,2020-04-23,2020-05-28,186.7,158.2,170.0,160.0,8.7,5.75,2.9499999999999993,10.0,7.050000000000001,0.04147058823529412,-7.050000000000001,-1.0,-0.04147058823529412,True
SBIN,2020-05-21,2020-06-25,151.95,185.25,140.0,130.0,6.1,3.35,2.7499999999999996,10.0,7.25,0.05178571428571429,2.7499999999999996,0.37931034482758613,0.01964285714285714,False
SBIN,2020-06-25,2020-07-30,185.25,186.55,175.0,165.0,7.3,4.15,3.1499999999999995,10.0,6.8500000000000005,0.039142857142857146,3.1499999999999995,0.45985401459854003,0.018,False
SBIN,2020-07-23,2020-08-27,198.25,215.65,187.5,177.5,8.3,5.05,3.250000000000001,10.0,6.749999999999999,0.036,3.250000000000001,0.4814814814814817,0.01733333333333334,False
SBIN,2020-08-20,2020-09-24,194.75,176.35,185.0,175.0,5.75,2.85,2.9,10.0,7.1,0.038378378378378375,-5.750000000000005,-0.8098591549295783,-0.03108108108108111,True
SBIN,2020-09-24,2020-10-29,176.35,188.7,165.0,160.0,4.9,3.6,1.3000000000000003,5.0,3.6999999999999997,0.022424242424242423,1.3000000000000003,0.3513513513513514,0.007878787878787881,False
SBIN,2020-10-22,2020-11-26,203.3,245.45,190.0,180.0,5.55,2.95,2.5999999999999996,10.0,7.4,0.03894736842105263,2.5999999999999996,0.35135135135135126,0.013684210526315788,False
SBIN,2020-11-26,2020-12-31,245.45,274.95,230.0,220.0,5.8,3.35,2.4499999999999997,10.0,7.550000000000001,0.03282608695652174,2.4499999999999997,0.3245033112582781,0.010652173913043477,False
SBIN,2020-12-24,2021-01-28,266.85,282.35,250.0,240.0,5.85,3.7,2.1499999999999995,10.0,7.8500000000000005,0.031400000000000004,2.1499999999999995,0.2738853503184713,0.008599999999999998,False
SBIN,2021-01-21,2021-02-25,294.85,407.25,280.0,265.0,10.6,6.15,4.449999999999999,15.0,10.55,0.03767857142857143,4.449999999999999,0.4218009478672985,0.01589285714285714,False
SBIN,2021-02-18,2021-03-25,415.2,355.2,390.0,370.0,14.15,8.15,6.0,20.0,14.0,0.035897435897435895,-14.0,-1.0,-0.035897435897435895,True
SBIN,2021-03-25,2021-04-29,355.2,359.4,335.0,320.0,7.5,4.3,3.2,15.0,11.8,0.03522388059701493,3.2,0.2711864406779661,0.00955223880597015,False
SBIN,2021-04-22,2021-05-27,336.65,425.2,310.0,300.0,8.85,6.35,2.5,10.0,7.5,0.024193548387096774,2.5,0.3333333333333333,0.008064516129032258,False
SBIN,2021-05-20,2021-06-24,384.55,417.2,365.0,350.0,13.6,8.6,5.0,15.0,10.0,0.0273972602739726,5.0,0.5,0.0136986301369863,False
SBIN,2021-06-24,2021-07-29,417.2,441.55,395.0,380.0,6.35,3.6,2.7499999999999996,15.0,12.25,0.0310126582278481,2.7499999999999996,0.22448979591836732,0.006962025316455695,False
SBIN,2021-07-22,2021-08-26,422.05,410.75,400.0,390.0,5.4,3.4,2.0000000000000004,10.0,8.0,0.02,2.0000000000000004,0.25000000000000006,0.005000000000000001,False
SBIN,2021-08-26,2021-09-30,410.75,453.0,390.0,375.0,5.8,3.0,2.8,15.0,12.2,0.03128205128205128,2.8,0.22950819672131148,0.007179487179487179,False
SBIN,2021-09-23,2021-10-28,449.8,501.35,425.0,410.0,7.55,4.5,3.05,15.0,11.95,0.02811764705882353,3.05,0.25523012552301255,0.007176470588235294,False
SBIN,2021-10-21,2021-11-25,502.95,490.55,475.0,450.0,18.05,9.35,8.700000000000001,25.0,16.299999999999997,0.0343157894736842,8.700000000000001,0.5337423312883437,0.018315789473684212,False
SBIN,2021-11-25,2021-12-30,490.55,451.7,465.0,450.0,5.15,2.85,2.3000000000000003,15.0,12.7,0.027311827956989245,-11.00000000000001,-0.8661417322834655,-0.023655913978494647,True
SBIN,2021-12-23,2022-01-27,461.8,528.95,430.0,420.0,5.1,3.8,1.2999999999999998,10.0,8.7,0.02023255813953488,1.2999999999999998,0.14942528735632182,0.003023255813953488,False
SBIN,2022-01-20,2022-02-24,511.4,472.65,485.0,460.0,12.5,5.55,6.95,25.0,18.05,0.037216494845360826,-5.400000000000023,-0.29916897506925333,-0.011134020618556747,True
SBIN,2022-02-24,2022-03-31,472.65,493.55,445.0,425.0,12.4,8.85,3.5500000000000007,20.0,16.45,0.036966292134831456,3.5500000000000007,0.21580547112462012,0.007977528089887642,False
SBIN,2022-03-24,2022-04-28,487.1,507.5,460.0,440.0,10.75,6.0,4.75,20.0,15.25,0.03315217391304348,4.75,0.3114754098360656,0.010326086956521738,False
SBIN,2022-04-21,2022-05-26,516.3,468.9,490.0,470.0,10.0,5.3,4.7,20.0,15.3,0.03122448979591837,-15.3,-1.0,-0.03122448979591837,True
SBIN,2022-05-26,2022-06-30,468.9,465.9,440.0,420.0,7.1,4.1,3.0,20.0,17.0,0.038636363636363635,3.0,0.17647058823529413,0.006818181818181818,False
SBIN,2022-06-23,2022-07-28,451.4,532.45,420.0,400.0,6.65,3.45,3.2,20.0,16.8,0.04,3.2,0.19047619047619047,0.007619047619047619,False
SBIN,2022-07-21,2022-08-25,512.05,520.4,485.0,470.0,7.2,4.25,2.95,15.0,12.05,0.024845360824742268,2.95,0.24481327800829875,0.006082474226804124,False
SBIN,2022-08-25,2022-09-29,520.4,521.75,490.0,470.0,5.8,3.0,2.8,20.0,17.2,0.03510204081632653,2.8,0.1627906976744186,0.005714285714285714,False
SBIN,2022-09-22,2022-10-27,567.3,579.65,535.0,520.0,10.95,5.85,5.1,15.0,9.9,0.01850467289719626,5.1,0.5151515151515151,0.009532710280373832,False
SBIN,2022-10-20,2022-11-24,555.4,609.35,525.0,500.0,8.6,3.7,4.8999999999999995,25.0,20.1,0.03828571428571429,4.8999999999999995,0.24378109452736313,0.009333333333333332,False
SBIN,2022-11-24,2022-12-29,609.35,611.8,575.0,550.0,4.0,1.45,2.55,25.0,22.45,0.03904347826086956,2.55,0.11358574610244988,0.004434782608695652,False
SBIN,2022-12-21,2023-01-25,593.4,568.7,560.0,540.0,5.5,2.7,2.8,20.0,17.2,0.03071428571428571,2.8,0.1627906976744186,0.005,False
SBIN,2023-01-19,2023-02-23,589.85,521.0,560.0,540.0,6.2,3.1,3.1,20.0,16.9,0.030178571428571426,-16.9,-1.0,-0.030178571428571426,True
SBIN,2023-02-22,2023-03-29,516.35,516.5,490.0,470.0,6.9,3.65,3.2500000000000004,20.0,16.75,0.034183673469387756,3.2500000000000004,0.1940298507462687,0.00663265306122449,False
SBIN,2023-03-23,2023-04-27,512.75,564.75,485.0,465.0,7.3,3.15,4.15,20.0,15.85,0.03268041237113402,4.15,0.26182965299684546,0.008556701030927837,False
SBIN,2023-04-20,2023-05-25,544.8,581.25,510.0,490.0,3.5,1.75,1.75,20.0,18.25,0.035784313725490194,1.75,0.0958904109589041,0.003431372549019608,False
SBIN,2023-06-22,2023-07-27,562.95,616.55,530.0,510.0,3.45,1.8,1.6500000000000001,20.0,18.35,0.03462264150943396,1.6500000000000001,0.08991825613079019,0.0031132075471698114,False
SBIN,2023-07-27,2023-08-31,616.55,561.35,585.0,560.0,6.1,2.65,3.4499999999999997,25.0,21.55,0.03683760683760684,-20.199999999999978,-0.9373549883990708,-0.03452991452991449,True
SBIN,2023-08-24,2023-09-28,576.95,589.95,540.0,520.0,2.35,1.0,1.35,20.0,18.65,0.03453703703703703,1.35,0.07238605898123325,0.0025,False
SBIN,2023-09-21,2023-10-26,588.15,547.0,550.0,530.0,2.95,1.5,1.4500000000000002,20.0,18.55,0.03372727272727273,-1.5499999999999998,-0.08355795148247977,-0.0028181818181818178,True
SBIN,2023-10-26,2023-11-30,547.0,564.75,515.0,495.0,3.8,1.8,1.9999999999999998,20.0,18.0,0.03495145631067961,1.9999999999999998,0.1111111111111111,0.0038834951456310674,False
SBIN,2023-11-23,2023-12-28,559.95,651.4,530.0,510.0,3.3,1.55,1.7499999999999998,20.0,18.25,0.03443396226415094,1.7499999999999998,0.0958904109589041,0.00330188679245283,False
SBIN,2023-12-21,2024-01-25,643.75,612.75,610.0,585.0,7.0,3.1,3.9,25.0,21.1,0.03459016393442623,3.9,0.1848341232227488,0.0063934426229508194,False
SBIN,2024-01-25,2024-02-29,612.75,748.1,580.0,560.0,7.9,4.45,3.45,20.0,16.55,0.02853448275862069,3.45,0.2084592145015106,0.005948275862068966,False
SBIN,2024-02-22,2024-03-28,765.9,752.35,720.0,690.0,7.65,3.75,3.9000000000000004,30.0,26.1,0.036250000000000004,3.9000000000000004,0.14942528735632185,0.005416666666666667,False
SBIN,2024-03-21,2024-04-25,744.3,812.7,700.0,670.0,4.7,1.95,2.75,30.0,27.25,0.03892857142857143,2.75,0.10091743119266056,0.003928571428571429,False
SBIN,2024-04-25,2024-05-30,812.7,825.85,770.0,735.0,10.65,4.65,6.0,35.0,29.0,0.03766233766233766,6.0,0.20689655172413793,0.007792207792207792,False
SBIN,2024-05-23,2024-06-27,832.1,844.0,790.0,750.0,19.0,9.1,9.9,40.0,30.1,0.038101265822784815,9.9,0.3289036544850498,0.012531645569620253,False
SBIN,2024-06-20,2024-07-25,843.75,848.5,800.0,770.0,7.95,3.85,4.1,30.0,25.9,0.032375,4.1,0.1583011583011583,0.005124999999999999,False
SBIN,2024-07-25,2024-08-29,848.5,814.5,800.0,770.0,8.1,3.7,4.3999999999999995,30.0,25.6,0.032,4.3999999999999995,0.17187499999999997,0.0055,False
SBIN,2024-08-22,2024-09-26,820.3,801.85,770.0,740.0,4.8,2.1,2.6999999999999997,30.0,27.3,0.035454545454545454,2.6999999999999997,0.09890109890109888,0.0035064935064935063,False
SBIN,2024-09-26,2024-10-31,801.85,820.2,760.0,730.0,5.55,2.4,3.15,30.0,26.85,0.03532894736842106,3.15,0.11731843575418993,0.004144736842105263,False
SBIN,2024-10-24,2024-11-28,794.55,838.85,750.0,720.0,7.0,3.2,3.8,30.0,26.2,0.03493333333333333,3.8,0.1450381679389313,0.005066666666666666,False
SBIN,2024-11-21,2024-12-26,780.75,812.45,740.0,710.0,10.15,5.35,4.800000000000001,30.0,25.2,0.03405405405405405,4.800000000000001,0.19047619047619052,0.006486486486486487,False
SBIN,2024-12-26,2025-01-30,812.45,762.6,770.0,740.0,5.3,2.5,2.8,30.0,27.2,0.03532467532467532,-4.599999999999977,-0.1691176470588227,-0.005974025974025945,True
TCS,2018-05-31,2018-06-28,1741.05,1842.7,1650.0,1600.0,10.2,4.9,5.299999999999999,50.0,44.7,0.027090909090909093,5.299999999999999,0.11856823266219237,0.0032121212121212113,False
TCS,2018-06-21,2018-07-26,1819.35,1964.7,1700.0,1650.0,8.35,3.5,4.85,50.0,45.15,0.026558823529411763,4.85,0.10741971207087486,0.002852941176470588,False
TCS,2018-07-26,2018-08-30,1964.7,2082.4,1850.0,1800.0,6.75,3.8,2.95,50.0,47.05,0.02543243243243243,2.95,0.06269925611052073,0.0015945945945945947,False
TCS,2018-08-23,2018-09-27,2035.1,2188.85,1900.0,1850.0,9.0,5.5,3.5,50.0,46.5,0.024473684210526314,3.5,0.07526881720430108,0.0018421052631578947,False
TCS,2018-09-21,2018-10-25,2103.15,1853.0,1950.0,1850.0,15.1,4.95,10.149999999999999,100.0,89.85,0.04607692307692307,-86.85,-0.9666110183639399,-0.044538461538461534,True
TCS,2018-10-25,2018-11-29,1853.0,1960.55,1750.0,1700.0,23.0,13.95,9.05,50.0,40.95,0.0234,9.05,0.221001221001221,0.005171428571428572,False
TCS,2018-11-22,2018-12-27,1812.55,1908.95,1700.0,1660.0,19.6,12.0,7.600000000000001,40.0,32.4,0.019058823529411763,7.600000000000001,0.23456790123456794,0.0044705882352941186,False
TCS,2018-12-27,2019-01-31,1908.95,2014.1,1800.0,1740.0,29.55,16.9,12.650000000000002,60.0,47.349999999999994,0.02630555555555555,12.650000000000002,0.26715945089757137,0.007027777777777779,False
TCS,2019-01-24,2019-02-28,1901.55,1983.45,1800.0,1700.0,16.3,6.55,9.75,100.0,90.25,0.050138888888888886,9.75,0.10803324099722991,0.005416666666666667,False
TCS,2019-02-21,2019-03-28,1914.2,2000.3,1800.0,1750.0,19.4,11.9,7.499999999999998,50.0,42.5,0.02361111111111111,7.499999999999998,0.17647058823529407,0.004166666666666666,False
TCS,2019-03-22,2019-04-25,2005.65,2195.0,1900.0,1850.0,33.1,22.3,10.8,50.0,39.2,0.02063157894736842,10.8,0.2755102040816326,0.00568421052631579,False
TCS,2019-04-25,2019-05-30,2195.0,2146.3,2080.0,2000.0,21.2,11.7,9.5,80.0,70.5,0.03389423076923077,9.5,0.1347517730496454,0.0045673076923076926,False
TCS,2019-05-23,2019-06-27,2054.05,2252.55,1900.0,1820.0,17.0,13.5,3.5,80.0,76.5,0.04026315789473684,3.5,0.0457516339869281,0.0018421052631578947,False
TCS,2019-06-20,2019-07-25,2277.95,2127.9,2160.0,2100.0,24.0,15.15,8.85,60.0,51.15,0.023680555555555555,-23.249999999999908,-0.45454545454545275,-0.010763888888888845,True
TCS,2019-07-25,2019-08-29,2127.9,2233.45,2000.0,1900.0,10.3,4.95,5.3500000000000005,100.0,94.65,0.047325000000000006,5.3500000000000005,0.05652403592181723,0.0026750000000000003,False
TCS,2019-08-22,2019-09-26,2216.0,2087.6,2100.0,2000.0,16.15,6.0,10.149999999999999,100.0,89.85,0.04278571428571428,-2.2500000000000924,-0.025041736227046106,-0.0010714285714286155,True
TCS,2019-09-26,2019-10-31,2087.6,2269.65,1980.0,1900.0,30.75,14.55,16.2,80.0,63.8,0.03222222222222222,16.2,0.25391849529780564,0.00818181818181818,False
TCS,2019-10-24,2019-11-28,2082.0,2077.35,1960.0,1900.0,19.5,8.0,11.5,60.0,48.5,0.024744897959183672,11.5,0.23711340206185566,0.00586734693877551,False
TCS,2019-12-26,2020-01-30,2201.95,2137.85,2080.0,2000.0,16.55,10.35,6.200000000000001,80.0,73.8,0.03548076923076923,6.200000000000001,0.0840108401084011,0.0029807692307692313,False
TCS,2020-01-23,2020-02-27,2190.95,2105.5,2080.0,2000.0,18.0,9.15,8.85,80.0,71.15,0.034206730769230774,8.85,0.12438510189739985,0.004254807692307692,False
TCS,2020-03-26,2020-04-30,1790.95,2014.45,1700.0,1600.0,109.7,83.95,25.75,100.0,74.25,0.043676470588235296,25.75,0.3468013468013468,0.015147058823529411,False
TCS,2020-04-23,2020-05-28,1878.25,2004.3,1780.0,1700.0,59.4,38.3,21.1,80.0,58.9,0.033089887640449435,21.1,0.3582342954159593,0.011853932584269663,False
TCS,2020-05-21,2020-06-25,1991.2,2016.1,1850.0,1800.0,33.0,23.25,9.75,50.0,40.25,0.021756756756756757,9.75,0.2422360248447205,0.00527027027027027,False
TCS,2020-06-25,2020-07-30,2016.1,2279.5,1900.0,1820.0,38.7,11.3,27.400000000000002,80.0,52.599999999999994,0.027684210526315787,27.400000000000002,0.5209125475285172,0.014421052631578949,False
TCS,2020-07-23,2020-08-27,2171.2,2248.4,2000.0,1900.0,19.75,9.15,10.6,100.0,89.4,0.044700000000000004,10.6,0.11856823266219238,0.0053,False
TCS,2020-08-20,2020-09-24,2252.85,2332.25,2140.0,2100.0,39.0,28.9,10.100000000000001,40.0,29.9,0.01397196261682243,10.100000000000001,0.3377926421404683,0.0047196261682243,False
TCS,2020-09-24,2020-10-29,2332.25,2632.65,2200.0,2100.0,50.7,27.05,23.650000000000002,100.0,76.35,0.03470454545454545,23.650000000000002,0.30975769482645715,0.010750000000000001,False
TCS,2020-10-22,2020-11-26,2671.15,2720.6,2500.0,2400.0,24.8,12.5,12.3,100.0,87.7,0.03508,12.3,0.1402508551881414,0.00492,False
TCS,2020-11-26,2020-12-31,2720.6,2862.75,2550.0,2450.0,23.35,9.0,14.350000000000001,100.0,85.65,0.03358823529411765,14.350000000000001,0.1675423234092236,0.005627450980392157,False
TCS,2020-12-24,2021-01-28,2909.35,3196.55,2750.0,2650.0,36.65,18.15,18.5,100.0,81.5,0.029636363636363638,18.5,0.22699386503067484,0.006727272727272728,False
TCS,2021-01-21,2021-02-25,3273.85,2995.3,3100.0,3000.0,45.15,24.0,21.15,100.0,78.85,0.02543548387096774,-78.85,-1.0,-0.02543548387096774,True
TCS,2021-02-18,2021-03-25,3057.35,3064.85,2900.0,2800.0,45.25,24.3,20.95,100.0,79.05,0.02725862068965517,20.95,0.265022137887413,0.007224137931034482,False
TCS,2021-03-25,2021-04-29,3064.85,3115.25,2900.0,2800.0,39.4,20.4,19.0,100.0,81.0,0.02793103448275862,19.0,0.2345679012345679,0.006551724137931035,False
TCS,2021-04-22,2021-05-27,3118.8,3180.0,2900.0,2800.0,22.3,10.45,11.850000000000001,100.0,88.15,0.030396551724137934,11.850000000000001,0.1344299489506523,0.004086206896551725,False
TCS,2021-05-20,2021-06-24,3060.0,3373.6,2900.0,2800.0,22.6,11.25,11.350000000000001,100.0,88.65,0.03056896551724138,11.350000000000001,0.12803158488437677,0.0039137931034482765,False
TCS,2021-06-24,2021-07-29,3373.6,3195.8,3200.0,3050.0,39.4,16.25,23.15,150.0,126.85,0.039640625,18.95000000000018,0.14938904217579962,0.0059218750000000564,True
TCS,2021-07-22,2021-08-26,3216.35,3671.85,3000.0,2900.0,10.45,6.15,4.299999999999999,100.0,95.7,0.0319,4.299999999999999,0.044932079414838025,0.001433333333333333,False
TCS,2021-08-26,2021-09-30,3671.85,3775.55,3480.0,3360.0,31.25,14.5,16.75,120.0,103.25,0.029669540229885057,16.75,0.162227602905569,0.004813218390804598,False
TCS,2021-09-23,2021-10-28,3869.25,3421.65,3600.0,3500.0,40.3,22.55,17.749999999999996,100.0,82.25,0.022847222222222224,-82.25,-1.0,-0.022847222222222224,True
TCS,2021-10-21,2021-11-25,3532.5,3445.9,3300.0,3200.0,32.65,20.65,12.0,100.0,88.0,0.02666666666666667,12.0,0.13636363636363635,0.0036363636363636364,False
TCS,2021-11-25,2021-12-30,3445.9,3733.75,3220.0,3100.0,14.85,7.95,6.8999999999999995,120.0,113.1,0.03512422360248447,6.8999999999999995,0.0610079575596817,0.0021428571428571425,False
TCS,2021-12-23,2022-01-27,3662.7,3649.25,3440.0,3300.0,30.0,11.1,18.9,140.0,121.1,0.03520348837209302,18.9,0.15606936416184972,0.005494186046511628,False
TCS,2022-01-20,2022-02-24,3826.55,3401.65,3600.0,3500.0,20.55,10.4,10.15,100.0,89.85,0.024958333333333332,-89.85,-1.0,-0.024958333333333332,True
TCS,2022-02-24,2022-03-31,3401.65,3739.95,3220.0,3100.0,56.25,35.0,21.25,120.0,98.75,0.030667701863354036,21.25,0.21518987341772153,0.006599378881987578,False
TCS,2022-03-24,2022-04-28,3749.85,3584.3,3520.0,3400.0,40.0,20.8,19.2,120.0,100.8,0.028636363636363637,19.2,0.19047619047619047,0.005454545454545454,False
TCS,2022-04-21,2022-05-26,3628.65,3226.95,3440.0,3300.0,26.5,10.9,15.6,140.0,124.4,0.03616279069767442,-124.4,-1.0,-0.03616279069767442,True
TCS,2022-05-26,2022-06-30,3226.95,3267.1,3050.0,2950.0,41.4,25.2,16.2,100.0,83.8,0.027475409836065574,16.2,0.19331742243436753,0.005311475409836066,False
TCS,2022-06-23,2022-07-28,3308.8,3260.5,3100.0,3000.0,40.95,25.95,15.000000000000004,100.0,85.0,0.027419354838709678,15.000000000000004,0.17647058823529416,0.004838709677419356,False
TCS,2022-07-21,2022-08-25,3177.3,3218.2,3000.0,2900.0,23.25,12.6,10.65,100.0,89.35,0.029783333333333332,10.65,0.11919418019026302,0.00355,False
TCS,2022-08-25,2022-09-29,3218.2,2997.3,3040.0,3000.0,28.4,21.9,6.5,40.0,33.5,0.011019736842105263,-33.5,-1.0,-0.011019736842105263,True
TCS,2022-09-22,2022-10-27,3007.4,3157.4,2800.0,2700.0,35.7,21.6,14.100000000000001,100.0,85.9,0.03067857142857143,14.100000000000001,0.1641443538998836,0.005035714285714287,False
TCS,2022-10-20,2022-11-24,3157.3,3380.15,2980.0,2900.0,30.0,11.15,18.85,80.0,61.15,0.02052013422818792,18.85,0.3082583810302535,0.006325503355704699,False
TCS,2022-11-24,2022-12-29,3380.15,3268.75,3200.0,3100.0,14.85,7.6,7.25,100.0,92.75,0.028984375,7.25,0.07816711590296496,0.002265625,False
TCS,2022-12-21,2023-01-25,3268.55,3429.75,3100.0,3000.0,25.5,13.6,11.9,100.0,88.1,0.028419354838709675,11.9,0.13507377979568674,0.003838709677419355,False
TCS,2023-01-19,2023-02-23,3373.1,3413.8,3200.0,3125.0,12.05,7.7,4.3500000000000005,75.0,70.65,0.022078125,4.3500000000000005,0.06157112526539278,0.0013593750000000001,False
TCS,2023-02-22,2023-03-29,3401.55,3138.9,3200.0,3100.0,13.8,7.65,6.15,100.0,93.85,0.029328124999999997,-54.94999999999991,-0.5855087906233342,-0.017171874999999972,True
TCS,2023-03-23,2023-04-27,3124.65,3187.95,2960.0,2900.0,29.7,20.4,9.3,60.0,50.7,0.01712837837837838,9.3,0.1834319526627219,0.0031418918918918923,False
TCS,2023-04-20,2023-05-25,3104.8,3293.5,2900.0,2800.0,12.85,6.0,6.85,100.0,93.15,0.03212068965517242,6.85,0.07353730542136339,0.0023620689655172414,False
TCS,2023-06-22,2023-07-27,3238.5,3396.9,3060.0,3000.0,18.0,11.35,6.65,60.0,53.35,0.017434640522875817,6.65,0.1246485473289597,0.002173202614379085,False
TCS,2023-07-27,2023-08-31,3396.9,3356.8,3220.0,3100.0,9.85,7.65,2.1999999999999993,120.0,117.8,0.036583850931677014,2.1999999999999993,0.018675721561969436,0.000683229813664596,False
TCS,2023-08-24,2023-09-28,3387.75,3536.75,3200.0,3100.0,14.55,8.0,6.550000000000001,100.0,93.45,0.029203125,6.550000000000001,0.07009095773140718,0.002046875,False
TCS,2023-09-21,2023-10-26,3585.3,3336.75,3400.0,3300.0,23.05,13.1,9.950000000000001,100.0,90.05,0.026485294117647058,-53.3,-0.5918933925596891,-0.01567647058823529,True
TCS,2023-10-26,2023-11-30,3336.75,3487.6,3100.0,3000.0,11.5,6.4,5.1,100.0,94.9,0.030612903225806454,5.1,0.053740779768177024,0.0016451612903225804,False
TCS,2023-11-23,2023-12-28,3508.25,3799.9,3300.0,3200.0,11.0,5.95,5.05,100.0,94.95,0.028772727272727273,5.05,0.05318588730911005,0.0015303030303030303,False
TCS,2023-12-21,2024-01-25,3787.5,3810.3,3500.0,3400.0,20.55,12.55,8.0,100.0,92.0,0.026285714285714287,8.0,0.08695652173913043,0.002285714285714286,False
TCS,2024-01-25,2024-02-29,3810.3,4095.1,3600.0,3460.0,18.8,8.1,10.700000000000001,140.0,129.3,0.03591666666666667,10.700000000000001,0.08275328692962104,0.0029722222222222225,False
TCS,2024-02-22,2024-03-28,4087.1,3876.3,3860.0,3700.0,42.4,11.65,30.75,160.0,129.25,0.03348445595854922,30.75,0.2379110251450677,0.007966321243523316,False
TCS,2024-03-21,2024-04-25,3972.95,3852.2,3760.0,3600.0,31.0,11.2,19.8,160.0,140.2,0.037287234042553186,19.8,0.14122681883024252,0.005265957446808511,False
TCS,2024-04-25,2024-05-30,3852.2,3736.1,3650.0,3500.0,20.65,7.35,13.299999999999999,150.0,136.7,0.037452054794520545,13.299999999999999,0.09729334308705194,0.003643835616438356,False
TCS,2024-05-23,2024-06-27,3893.45,3934.15,3650.0,3500.0,29.75,12.0,17.75,150.0,132.25,0.03623287671232877,17.75,0.1342155009451796,0.004863013698630137,False
TCS,2024-06-20,2024-07-25,3787.25,4322.5,3500.0,3400.0,17.7,9.4,8.299999999999999,100.0,91.7,0.0262,8.299999999999999,0.09051254089422027,0.002371428571428571,False
TCS,2024-07-25,2024-08-29,4322.5,4511.8,4100.0,3950.0,23.0,11.25,11.75,150.0,138.25,0.03371951219512195,11.75,0.08499095840867993,0.0028658536585365853,False
TCS,2024-08-22,2024-09-26,4502.0,4292.5,4250.0,4100.0,20.3,9.05,11.25,150.0,138.75,0.03264705882352941,11.25,0.08108108108108109,0.0026470588235294116,False
TCS,2024-09-26,2024-10-31,4292.5,3968.45,4050.0,3900.0,38.75,17.55,21.2,150.0,128.8,0.03180246913580247,-60.35000000000018,-0.46855590062111935,-0.01490123456790128,True
TCS,2024-10-24,2024-11-28,4047.9,4244.9,3800.0,3700.0,18.25,9.55,8.7,100.0,91.3,0.024026315789473684,8.7,0.09529025191675794,0.002289473684210526,False
TCS,2024-11-21,2024-12-26,4072.85,4169.1,3850.0,3700.0,27.3,12.35,14.950000000000001,150.0,135.05,0.03507792207792208,14.950000000000001,0.11069974083672714,0.0038831168831168833,False
TCS,2024-12-26,2025-01-30,4169.1,4100.05,3950.0,3800.0,28.2,10.05,18.15,150.0,131.85,0.033379746835443036,18.15,0.13765642775881684,0.004594936708860759,False
