strategy,entry_date,expiry_date,days_to_expiry,spot_entry,spot_expiry,spot_sma20,spot_ret_20d,short_put_strike,long_put_strike,spread_width_points,short_put_close,long_put_close,net_credit,expiry_payoff,total_cost_points,net_pnl_points,margin_estimate_points,return_on_margin,total_entry_contracts,short_open_int,long_open_int
TB16_T01_real_chain_nifty_bull_put_3pct_2pct_deeper,2016-07-25,2016-07-28,3,8590.65,8638.5,8440.5625,0.061268484316898686,8300.0,8100.0,200.0,2.35,0.95,0.9050000000000002,0.0,2.0,-1.0949999999999998,199.095,-0.0054998869886235206,152832.0,3256725.0,2736600.0
TB16_T01_real_chain_nifty_bull_put_3pct_2pct_deeper,2016-08-17,2016-08-25,8,8673.25,8572.55,8620.289999999999,0.012538160252631103,8400.0,8200.0,200.0,13.05,3.15,7.4700000000000015,0.0,2.0,5.4700000000000015,192.53,0.028411156702851513,179863.0,4640325.0,2640075.0
TB16_T01_real_chain_nifty_bull_put_3pct_2pct_deeper,2016-08-18,2016-08-25,7,8666.9,8572.55,8628.130000000001,0.018425165391710907,8400.0,8200.0,200.0,6.25,2.0,3.0125,0.0,2.0,1.0125000000000002,196.9875,0.005139920045688179,124134.0,4321800.0,2556975.0
TB16_T01_real_chain_nifty_bull_put_3pct_2pct_deeper,2016-09-19,2016-09-29,10,8775.9,8611.15,8751.4075,0.012576584476571728,8500.0,8300.0,200.0,14.5,5.75,5.7124999999999995,0.0,2.0,3.7124999999999995,194.2875,0.01910828025477707,91630.0,6361425.0,2781675.0
TB16_T01_real_chain_nifty_bull_put_3pct_2pct_deeper,2016-09-20,2016-09-29,9,8777.15,8611.15,8758.8075,0.017151167843878046,8500.0,8300.0,200.0,14.05,5.0,6.192500000000001,0.0,2.0,4.192500000000001,193.8075,0.02163228977206765,108536.0,6438150.0,2739750.0
TB16_T01_real_chain_nifty_bull_put_3pct_2pct_deeper,2016-09-21,2016-09-29,8,8867.45,8611.15,8770.55,0.02720501355327487,8600.0,8400.0,200.0,23.25,7.0,11.7125,0.0,2.0,9.7125,188.2875,0.051583349930292774,214318.0,6200550.0,3272700.0
TB16_T01_real_chain_nifty_bull_put_3pct_2pct_deeper,2017-03-20,2017-03-30,10,9121.5,9173.75,8980.1475,0.033984379428001255,8800.0,8600.0,200.0,4.2,1.6,1.73,0.0,2.0,-0.27,198.27,-0.0013617793917385383,97163.0,5623350.0,2246925.0
TB16_T01_real_chain_nifty_bull_put_3pct_2pct_deeper,2017-03-22,2017-03-30,8,9086.3,9173.75,8996.6325,0.02003289233653449,8800.0,8600.0,200.0,7.45,1.95,4.09,0.0,2.0,2.09,195.91,0.010668163952835485,153122.0,5393475.0,2133900.0
TB16_T01_real_chain_nifty_bull_put_3pct_2pct_deeper,2017-03-23,2017-03-30,7,9108.0,9173.75,9005.6875,0.02028699772597431,8800.0,8600.0,200.0,2.85,1.1,1.1575,0.0,2.0,-0.8425,198.8425,-0.004237021763456002,92845.0,5544525.0,2160825.0
TB16_T01_real_chain_nifty_bull_put_3pct_2pct_deeper,2017-03-27,2017-03-30,3,9100.8,9173.75,9021.1775,0.02294109051670823,8800.0,8600.0,200.0,2.4,0.9,1.0050000000000001,0.0,2.0,-0.9949999999999999,198.995,-0.005000125631297268,123807.0,5255025.0,1905000.0
TB16_T01_real_chain_nifty_bull_put_3pct_2pct_deeper,2017-04-24,2017-04-27,3,9306.6,9304.05,9175.077500000001,0.021805006587615416,9000.0,8800.0,200.0,5.0,1.3,2.755,0.0,2.0,0.7549999999999999,197.245,0.0038277269385789243,338757.0,5446800.0,2922225.0
TB16_T01_real_chain_nifty_bull_put_3pct_2pct_deeper,2017-05-15,2017-05-25,10,9512.25,9595.1,9303.8575,0.040807282833477565,9200.0,9000.0,200.0,9.9,3.75,4.102500000000001,0.0,2.0,2.102500000000001,195.8975,0.010732653556068866,127376.0,4637025.0,4704075.0
TB16_T01_real_chain_nifty_bull_put_3pct_2pct_deeper,2017-05-16,2017-05-25,9,9525.75,9595.1,9324.8875,0.04619363766659523,9200.0,9000.0,200.0,5.65,2.95,1.4100000000000001,0.0,2.0,-0.5899999999999999,198.59,-0.0029709451634019834,160824.0,4770675.0,4680675.0
TB16_T01_real_chain_nifty_bull_put_3pct_2pct_deeper,2017-05-17,2017-05-25,8,9429.45,9595.1,9341.185,0.03580491019937404,9100.0,8900.0,200.0,3.9,2.75,0.1525000000000003,0.0,2.0,-1.8474999999999997,199.8475,-0.009244548968588548,53379.0,4342725.0,2780250.0
TB16_T01_real_chain_nifty_bull_put_3pct_2pct_deeper,2017-05-18,2017-05-25,7,9427.9,9595.1,9355.759999999998,0.03190534565036551,9100.0,8900.0,200.0,5.4,2.7,1.4849999999999999,0.0,2.0,-0.5150000000000001,198.515,-0.0025942623983074334,70308.0,4302300.0,2696850.0
TB16_T01_real_chain_nifty_bull_put_3pct_2pct_deeper,2017-05-22,2017-05-25,3,9386.15,9595.1,9380.1125,0.018247007197912612,9100.0,8900.0,200.0,1.9,0.95,0.5225000000000002,0.0,2.0,-1.4774999999999998,199.4775,-0.007406850396661277,88153.0,3907875.0,2708250.0
TB16_T01_real_chain_nifty_bull_put_3pct_2pct_deeper,2017-06-20,2017-06-29,9,9633.6,9520.9,9623.45,0.02917029448055941,9300.0,9100.0,200.0,3.55,1.8,0.9474999999999998,0.0,2.0,-1.0525000000000002,199.0525,-0.005287549767021264,53662.0,3526500.0,1496550.0
TB16_T01_real_chain_nifty_bull_put_3pct_2pct_deeper,2017-07-17,2017-07-27,10,9827.15,10014.5,9681.015,0.017561389793477655,9500.0,9300.0,200.0,5.9,3.15,1.392500000000001,0.0,2.0,-0.607499999999999,198.6075,-0.003058796873229858,78596.0,4873950.0,3160950.0
TB16_T01_real_chain_nifty_bull_put_3pct_2pct_deeper,2017-07-18,2017-07-27,9,9899.6,10014.5,9693.32,0.025493344382866434,9600.0,9400.0,200.0,11.35,4.1,4.9325,0.0,2.0,2.9325,197.99200000000002,0.014811204493110831,173018.0,5061000.0,4189050.0
TB16_T01_real_chain_nifty_bull_put_3pct_2pct_deeper,2017-07-20,2017-07-27,7,9915.25,10014.5,9719.567500000001,0.02962097611630332,9600.0,9400.0,200.0,5.05,2.35,1.5899999999999999,0.0,2.0,-0.41000000000000014,198.41,-0.0020664281034222074,117527.0,4735725.0,4338600.0
TB16_T01_real_chain_nifty_bull_put_3pct_2pct_deeper,2017-09-18,2017-09-28,10,10147.55,9788.6,9962.8825,0.04031022056825928,9800.0,9550.0,250.0,7.6,3.65,2.2625,11.399999999999636,2.0,-11.137499999999637,247.7375,-0.04495685957919022,70873.0,3753525.0,29100.0
TB16_T01_real_chain_nifty_bull_put_3pct_2pct_deeper,2017-10-16,2017-10-26,10,10234.45,10323.05,9988.7425,0.008012331209187318,9900.0,9650.0,250.0,12.75,5.7,4.282500000000001,0.0,2.0,2.2825000000000006,245.7175,0.009289122671360407,115162.0,5562750.0,156150.0
TB16_T01_real_chain_nifty_bull_put_3pct_2pct_deeper,2017-10-17,2017-10-26,9,10210.85,10323.05,9991.907500000001,0.0062379589161916105,9900.0,9650.0,250.0,12.6,5.55,4.3275,0.0,2.0,2.3274999999999997,245.6725,0.009473994850868533,52649.0,5379300.0,122625.0
TB16_T01_real_chain_nifty_bull_put_3pct_2pct_deeper,2017-10-18,2017-10-26,8,10146.55,10323.05,9992.177500000002,0.0005324839885023636,9800.0,9550.0,250.0,7.45,3.55,2.25,0.0,2.0,0.25,247.75,0.0010090817356205853,50031.0,4746900.0,75750.0
TB16_T01_real_chain_nifty_bull_put_3pct_2pct_deeper,2017-10-23,2017-10-26,3,10207.7,10323.05,10007.49,0.024416924250331373,9900.0,9650.0,250.0,5.55,1.85,2.5899999999999994,0.0,2.0,0.5899999999999994,247.41,0.0023847055494927425,185000.0,4742700.0,88650.0
TB16_T01_real_chain_nifty_bull_put_3pct_2pct_deeper,2017-11-20,2017-11-30,10,10326.9,10121.8,10318.3675,0.011677459172977134,10000.0,9750.0,250.0,10.0,2.7,5.395,0.0,2.0,3.3949999999999996,244.605,0.013879520042517527,88216.0,4958400.0,5025.0
TB16_T01_real_chain_nifty_bull_put_3pct_2pct_deeper,2017-11-21,2017-11-30,9,10342.3,10121.8,10320.715,0.004560311208458012,10000.0,9750.0,250.0,6.75,2.5,2.8625,0.0,2.0,0.8624999999999998,247.1375,0.0034899600424864695,63568.0,5028525.0,6300.0
TB16_T01_real_chain_nifty_bull_put_3pct_2pct_deeper,2017-11-22,2017-11-30,8,10348.75,10121.8,10320.9625,0.0004785475357218516,10000.0,9750.0,250.0,5.6,1.45,3.0925000000000002,0.0,2.0,1.0925000000000002,246.9075,0.004424733959073743,56537.0,4947000.0,4425.0
TB16_T01_real_chain_nifty_bull_put_3pct_2pct_deeper,2017-12-18,2017-12-28,10,10463.2,10530.7,10273.765,0.013198539736029247,10100.0,9850.0,250.0,19.75,7.75,7.874999999999998,0.0,2.0,5.874999999999998,242.125,0.02426432627774909,320962.0,4147275.0,74025.0
TB16_T01_real_chain_nifty_bull_put_3pct_2pct_deeper,2017-12-19,2017-12-28,9,10444.2,10530.7,10278.86,0.009852740686307815,10100.0,9850.0,250.0,9.75,4.0,3.6875,0.0,2.0,1.6875,246.3125,0.006851053032225323,94292.0,4283550.0,63600.0
TB16_T01_real_chain_nifty_bull_put_3pct_2pct_deeper,2017-12-20,2017-12-28,8,10440.3,10530.7,10283.4375,0.008846479043362665,10100.0,9850.0,250.0,9.75,4.95,2.5949999999999998,0.0,2.0,0.5949999999999998,247.405,0.002404963521351629,69137.0,4204350.0,64275.0
TB16_T01_real_chain_nifty_bull_put_3pct_2pct_deeper,2018-04-16,2018-04-26,10,10548.7,10692.3,10268.607500000002,0.034678253875617404,10200.0,9950.0,250.0,17.0,8.1,5.135,0.0,2.0,3.135,244.865,0.012802973066791904,134077.0,4470600.0,138450.0
TB16_T01_real_chain_nifty_bull_put_3pct_2pct_deeper,2018-04-17,2018-04-26,9,10526.2,10692.3,10290.205,0.042791688337419975,10200.0,9950.0,250.0,12.45,5.95,3.74,0.0,2.0,1.7400000000000002,246.26,0.007065702915617641,128119.0,4132425.0,126975.0
TB16_T01_real_chain_nifty_bull_put_3pct_2pct_deeper,2018-04-18,2018-04-26,8,10565.3,10692.3,10312.252499999999,0.04355341330554552,10200.0,9950.0,250.0,12.3,5.35,4.302500000000001,0.0,2.0,2.302500000000001,245.6975,0.009371279724050921,93465.0,4290675.0,112500.0
TB16_T01_real_chain_nifty_bull_put_3pct_2pct_deeper,2018-04-19,2018-04-26,7,10564.05,10692.3,10332.692500000001,0.040255040496294914,10200.0,9950.0,250.0,8.45,4.25,2.295,0.0,2.0,0.29499999999999993,247.705,0.0011909327627621562,69848.0,4662075.0,102225.0
TB16_T01_real_chain_nifty_bull_put_3pct_2pct_deeper,2018-06-19,2018-06-28,9,10772.05,10714.3,10716.227499999999,0.032760166245619615,10400.0,10150.0,250.0,14.3,4.85,6.577500000000002,0.0,2.0,4.577500000000002,243.42249999999999,0.018804753052819697,70378.0,2931075.0,36750.0
TB16_T01_real_chain_nifty_bull_put_3pct_2pct_deeper,2018-06-20,2018-06-28,8,10741.1,10714.3,10727.59,0.021614346790186367,10400.0,10150.0,250.0,7.05,3.0,2.5425,0.0,2.0,0.5425,247.4575,0.0021922956467272155,52275.0,2753250.0,27000.0
TB16_T01_real_chain_nifty_bull_put_3pct_2pct_deeper,2018-07-18,2018-07-26,8,10957.1,11278.35,10832.5375,0.020109672193723283,10600.0,10350.0,250.0,14.6,6.25,5.222500000000001,0.0,2.0,3.222500000000001,244.7775,0.013165017209506597,80804.0,3921900.0,51075.0
TB16_T01_real_chain_nifty_bull_put_3pct_2pct_deeper,2018-07-23,2018-07-26,3,11134.3,11278.35,10876.327500000001,0.03390704001708578,10800.0,10550.0,250.0,7.55,3.35,2.565,0.0,2.0,0.565,247.435,0.002283427970982278,143084.0,4262025.0,119550.0
TB16_T01_real_chain_nifty_bull_put_3pct_2pct_deeper,2018-08-20,2018-08-30,10,11570.9,11680.5,11361.7875,0.043857552042220194,11200.0,10950.0,250.0,13.75,6.2,4.5575,0.0,2.0,2.5575,245.4425,0.010419955794126934,64889.0,3841575.0,135525.0
TB16_T01_real_chain_nifty_bull_put_3pct_2pct_deeper,2018-08-23,2018-08-30,7,11557.1,11680.5,11405.465,0.038187208048868104,11200.0,10950.0,250.0,6.6,3.8,1.2400000000000002,0.0,2.0,-0.7599999999999998,248.76,-0.003055153561665862,73127.0,3847650.0,151800.0
TB16_T01_real_chain_nifty_bull_put_3pct_2pct_deeper,2018-11-19,2018-11-29,10,10656.2,10876.75,10444.6425,0.04011127107684054,10300.0,10050.0,250.0,17.5,8.65,4.9275,0.0,2.0,2.9275,245.0725,0.01194544471533934,50355.0,2232750.0,62400.0
TB16_T01_real_chain_nifty_bull_put_3pct_2pct_deeper,2018-11-21,2018-11-29,8,10526.75,10876.75,10482.404999999999,0.02953617447859358,10200.0,9950.0,250.0,10.9,4.75,3.802500000000001,0.0,2.0,1.802500000000001,246.1975,0.007321357852943272,90143.0,2664975.0,54075.0
TB16_T01_real_chain_nifty_bull_put_3pct_2pct_deeper,2018-11-26,2018-11-29,3,10685.6,10876.75,10540.369999999999,0.06536390827517446,10350.0,10100.0,250.0,7.05,2.45,3.175,0.0,2.0,1.1749999999999998,246.825,0.004760457814240859,88679.0,375900.0,1567575.0
TB16_T01_real_chain_nifty_bull_put_3pct_2pct_deeper,2018-12-18,2018-12-27,9,10967.3,10859.9,10743.6425,0.029194271879281475,10600.0,10350.0,250.0,16.3,6.9,5.920000000000001,0.0,2.0,3.920000000000001,244.08,0.016060308095706327,102202.0,2974425.0,188550.0
TB16_T01_real_chain_nifty_bull_put_3pct_2pct_deeper,2018-12-19,2018-12-27,8,10951.7,10859.9,10761.225,0.03317437181900096,10600.0,10350.0,250.0,11.5,5.45,3.5075000000000003,0.0,2.0,1.5075000000000003,246.4925,0.006115804740509347,68892.0,2936025.0,181200.0
TB16_T01_real_chain_nifty_bull_put_3pct_2pct_deeper,2019-01-23,2019-01-31,8,10849.8,10893.65,10838.1525,0.0064936269689603865,10500.0,10250.0,250.0,18.05,6.0,8.442499999999999,0.0,2.0,6.442499999999999,241.5575,0.0266706684743798,73040.0,3109800.0,40125.0
TB16_T01_real_chain_nifty_bull_put_3pct_2pct_deeper,2019-02-25,2019-02-28,3,10835.3,10863.5,10828.02,0.01718893749647954,10500.0,10250.0,250.0,4.4,1.7,1.7850000000000004,0.0,2.0,-0.21499999999999964,248.215,-0.0008661845577422783,98016.0,2560725.0,10425.0
TB16_T01_real_chain_nifty_bull_put_3pct_2pct_deeper,2019-03-11,2019-03-14,3,11301.2,11426.85,10871.954999999998,0.037873778561457794,10950.0,10700.0,250.0,7.6,2.55,3.5275000000000003,0.0,2.0,1.5275000000000003,246.4725,0.006197445962531318,69432.0,844275.0,700200.0
TB16_T01_real_chain_nifty_bull_put_3pct_2pct_deeper,2019-03-25,2019-03-28,3,11483.25,11623.9,11185.16,0.06408658546190815,11100.0,10850.0,250.0,6.8,2.35,3.0774999999999997,0.0,2.0,1.0774999999999997,246.9225,0.004363717360710343,85671.0,1997700.0,150750.0
TB16_T01_real_chain_nifty_bull_put_3pct_2pct_deeper,2019-05-23,2019-05-30,7,11844.1,11922.8,11529.289999999999,0.010058714923482981,11450.0,11200.0,250.0,53.9,21.7,20.86,0.0,2.0,18.86,236.882,0.07961769995187477,58561.0,33975.0,1200075.0
TB16_T01_real_chain_nifty_bull_put_3pct_2pct_deeper,2019-06-10,2019-06-13,3,11965.6,11823.3,11755.795,0.07332125365529851,11600.0,11350.0,250.0,4.35,1.45,2.0300000000000002,0.0,2.0,0.03000000000000025,247.97,0.00012098237690043251,77883.0,634425.0,13425.0
TB16_T01_real_chain_nifty_bull_put_3pct_2pct_deeper,2019-09-19,2019-09-26,7,11274.2,11512.4,10946.32,0.032558821105076685,10900.0,10650.0,250.0,210.7,63.3,106.30000000000001,0.0,2.0,104.30000000000001,225.484,0.462560536446045,75757.0,1027725.0,350400.0
TB16_T01_real_chain_nifty_bull_put_3pct_2pct_deeper,2019-09-23,2019-09-26,3,11588.2,11512.4,11027.204999999998,0.07007345777909113,11200.0,10950.0,250.0,14.05,8.45,2.225000000000003,0.0,2.0,0.2250000000000032,247.775,0.0009080819291696224,330815.0,2092200.0,292575.0
TB16_T01_real_chain_nifty_bull_put_3pct_2pct_deeper,2019-09-30,2019-10-03,3,11359.9,11174.75,11136.07,0.03053999501054583,11000.0,10750.0,250.0,2.25,0.85,0.9349999999999999,0.0,2.0,-1.065,249.065,-0.004275992210868648,63476.0,1080075.0,28425.0
TB16_T01_real_chain_nifty_bull_put_3pct_2pct_deeper,2019-10-14,2019-10-17,3,11428.3,11661.85,11271.240000000002,0.031816827526431224,11050.0,10800.0,250.0,13.3,3.75,6.9925,0.0,2.0,4.9925,243.0075,0.0205446333960886,90996.0,198525.0,671700.0
TB16_T01_real_chain_nifty_bull_put_3pct_2pct_deeper,2019-10-17,2019-10-24,7,11661.85,11583.9,11373.7625,0.07575191524493463,11300.0,11050.0,250.0,14.6,5.05,6.602500000000001,0.0,2.0,4.602500000000001,243.3975,0.018909397179510887,63735.0,841050.0,24750.0
TB16_T01_real_chain_nifty_bull_put_3pct_2pct_deeper,2019-12-16,2019-12-19,3,12165.0,12271.8,12015.432499999999,0.018835688143315377,11800.0,11550.0,250.0,4.75,2.15,1.565,0.0,2.0,-0.43500000000000005,248.435,-0.0017509610159599093,76460.0,1370175.0,24075.0
TB16_T01_real_chain_nifty_bull_put_3pct_2pct_deeper,2019-12-19,2019-12-26,7,12271.8,12245.8,12058.994999999999,0.02999731417444429,11900.0,11650.0,250.0,8.35,5.3,1.0024999999999995,0.0,2.0,-0.9975000000000005,248.9975,-0.0040060643179148404,78484.0,2522850.0,74550.0
TB16_T01_real_chain_nifty_bull_put_3pct_2pct_deeper,2019-12-23,2019-12-26,3,12214.55,12245.8,12077.2875,0.014691344692092212,11800.0,11550.0,250.0,2.25,1.6,0.07250000000000001,0.0,2.0,-1.9275,249.9275,-0.007712236548599093,60422.0,3165750.0,49875.0
TB16_T01_real_chain_nifty_bull_put_3pct_2pct_deeper,2020-01-13,2020-01-16,3,12362.3,12352.35,12205.967499999999,0.02558082620219926,11950.0,11700.0,250.0,4.3,2.3,1.0100000000000002,0.0,2.0,-0.9899999999999998,248.99,-0.003976063295714686,52851.0,258450.0,836925.0
TB16_T01_real_chain_nifty_bull_put_3pct_2pct_deeper,2020-04-20,2020-04-23,3,8981.45,9154.4,8616.551000000001,0.06053521223220781,8700.0,8500.0,200.0,19.55,9.5,5.692500000000001,0.0,2.0,3.692500000000001,194.3075,0.0190033838117417,163616.0,765300.0,1081350.0
TB16_T01_real_chain_nifty_bull_put_3pct_2pct_deeper,2020-05-04,2020-05-07,3,9205.6,9251.5,9082.177500000002,0.07069872931871712,8900.0,8700.0,200.0,61.9,34.0,13.515,0.0,2.0,11.515,186.485,0.06174759364023916,184997.0,443400.0,425925.0
TB16_T01_real_chain_nifty_bull_put_3pct_2pct_deeper,2020-05-27,2020-06-04,8,9490.1,10142.15,9224.057499999999,0.011640674135743989,9200.0,9000.0,200.0,106.45,54.15,28.210000000000008,0.0,2.0,26.210000000000008,189.80200000000002,0.13809127406455152,77266.0,256050.0,585150.0
TB16_T01_real_chain_nifty_bull_put_3pct_2pct_deeper,2020-06-01,2020-06-04,3,9979.1,10142.15,9257.997,0.0737719911766288,9650.0,9450.0,200.0,56.65,23.0,21.702499999999997,0.0,2.0,19.702499999999997,199.58200000000002,0.09871882233868783,117347.0,259500.0,260250.0
TB16_T01_real_chain_nifty_bull_put_3pct_2pct_deeper,2020-06-04,2020-06-11,7,10142.15,9972.9,9385.8595,0.10252265453786458,9800.0,9550.0,250.0,73.45,29.2,28.8525,0.0,2.0,26.8525,221.1475,0.12142348432607196,68771.0,1057650.0,36450.0
TB16_T01_real_chain_nifty_bull_put_3pct_2pct_deeper,2020-06-08,2020-06-11,3,10046.65,9972.9,9472.0295,0.08739393021040764,9700.0,9450.0,250.0,11.85,4.25,5.1850000000000005,0.0,2.0,3.1850000000000005,244.815,0.013009823744460105,136936.0,1237350.0,55125.0
TB16_T01_real_chain_nifty_bull_put_3pct_2pct_deeper,2020-06-15,2020-06-18,3,9914.0,10244.4,9673.8205,0.1236222480378546,9600.0,9400.0,200.0,53.65,25.35,16.45,0.0,2.0,14.45,198.28,0.07287673996368771,689172.0,1566000.0,1586550.0
TB16_T01_real_chain_nifty_bull_put_3pct_2pct_deeper,2020-06-17,2020-06-25,8,10091.65,10383.0,9775.1785,0.11306518252828512,9750.0,9500.0,250.0,160.65,91.4,31.44250000000001,0.0,2.0,29.44250000000001,218.5575,0.1347128330073322,84269.0,60750.0,2934450.0
TB16_T01_real_chain_nifty_bull_put_3pct_2pct_deeper,2020-06-18,2020-06-25,7,10244.4,10383.0,9832.086,0.12498558682223737,9900.0,9650.0,250.0,107.4,56.75,26.027500000000018,0.0,2.0,24.027500000000018,223.97249999999997,0.10727879538782673,131381.0,3052875.0,59475.0
TB16_T01_real_chain_nifty_bull_put_3pct_2pct_deeper,2020-06-22,2020-06-25,3,10471.0,10383.0,9967.781500000001,0.15970247113757385,10150.0,9900.0,250.0,60.35,26.1,21.2825,0.0,2.0,19.2825,228.7175,0.08430706001945631,297050.0,335550.0,3645975.0
TB16_T01_real_chain_nifty_bull_put_3pct_2pct_deeper,2020-06-25,2020-07-02,7,10383.0,10607.35,10097.374,0.08378765152203105,10050.0,9800.0,250.0,78.9,34.75,27.1025,0.0,2.0,25.1025,222.8975,0.11261902892585156,60417.0,58050.0,752250.0
TB16_T01_real_chain_nifty_bull_put_3pct_2pct_deeper,2020-06-29,2020-07-02,3,10302.1,10607.35,10137.836500000001,0.03236764838512496,9950.0,9700.0,250.0,23.5,7.5,11.349999999999998,0.0,2.0,9.349999999999998,238.65,0.03917871359731824,137340.0,155400.0,931800.0
TB16_T01_real_chain_nifty_bull_put_3pct_2pct_deeper,2020-07-02,2020-07-09,7,10607.35,10768.05,10205.6515,0.04586798657089486,10250.0,10000.0,250.0,40.15,16.75,14.864999999999998,0.0,2.0,12.864999999999998,235.135,0.05471324983520105,76149.0,129375.0,1504875.0
TB16_T01_real_chain_nifty_bull_put_3pct_2pct_deeper,2020-07-06,2020-07-09,3,10799.65,10768.05,10273.111499999999,0.07495035658652394,10450.0,10200.0,250.0,17.95,6.05,8.299999999999999,0.0,2.0,6.299999999999999,241.7,0.026065370293752582,174339.0,457950.0,1771425.0
TB16_T01_real_chain_nifty_bull_put_3pct_2pct_deeper,2020-07-13,2020-07-16,3,10607.35,10901.7,10472.039,0.0699364535001008,10250.0,10000.0,250.0,4.05,2.1,1.0274999999999999,0.0,2.0,-0.9725000000000001,248.9725,-0.0039060538814527715,72513.0,267675.0,1981575.0
TB16_T01_real_chain_nifty_bull_put_3pct_2pct_deeper,2020-07-16,2020-07-23,7,10901.7,11194.15,10574.1715,0.06416188356565544,10550.0,10300.0,250.0,62.75,21.4,28.727500000000003,0.0,2.0,26.727500000000003,221.2725,0.12078997616061644,51464.0,171975.0,707100.0
TB16_T01_real_chain_nifty_bull_put_3pct_2pct_deeper,2020-07-20,2020-07-23,3,11162.25,11194.15,10644.284,0.06601566230541489,10800.0,10550.0,250.0,34.05,12.5,14.567499999999997,0.0,2.0,12.567499999999997,235.4325,0.053380480604844266,395672.0,2640675.0,327675.0
TB16_T01_real_chain_nifty_bull_put_3pct_2pct_deeper,2020-07-21,2020-07-30,9,11132.6,11073.45,10685.6495,0.0802801279731089,10750.0,10500.0,250.0,36.7,19.45,8.827500000000004,0.0,2.0,6.827500000000004,241.17249999999999,0.028309612414350743,61829.0,119700.0,2533200.0
TB16_T01_real_chain_nifty_bull_put_3pct_2pct_deeper,2020-07-23,2020-07-30,7,11194.15,11073.45,10772.5345,0.07812289319079269,10850.0,10600.0,250.0,30.5,14.6,9.135000000000002,0.0,2.0,7.135000000000002,240.865,0.029622402590662823,67558.0,195975.0,1913250.0
TB16_T01_real_chain_nifty_bull_put_3pct_2pct_deeper,2020-07-27,2020-07-30,3,11300.55,11073.45,10863.427,0.09691713339998631,10950.0,10700.0,250.0,35.3,8.85,19.827499999999997,0.0,2.0,17.827499999999997,230.1725,0.0774527799802322,223118.0,465525.0,1942725.0
TB16_T01_real_chain_nifty_bull_put_3pct_2pct_deeper,2020-08-03,2020-08-06,3,11095.25,11214.05,10974.0725,0.027371257401860305,10750.0,10500.0,250.0,33.9,6.1,21.799999999999997,0.0,2.0,19.799999999999997,228.2,0.08676599474145485,213467.0,474225.0,1670025.0
TB16_T01_real_chain_nifty_bull_put_3pct_2pct_deeper,2020-08-10,2020-08-13,3,11322.5,11178.4,11094.6325,0.06742023219748572,10950.0,10700.0,250.0,9.45,3.2,4.352499999999999,0.0,2.0,2.352499999999999,245.6475,0.009576730884702669,130144.0,732225.0,1516275.0
TB16_T01_real_chain_nifty_bull_put_3pct_2pct_deeper,2020-08-17,2020-08-20,3,11385.35,11371.6,11193.4025,0.01998700978745327,11000.0,10750.0,250.0,18.3,5.95,8.7125,0.0,2.0,6.7125,241.2875,0.02781950992073771,469721.0,2675025.0,421875.0
TB16_T01_real_chain_nifty_bull_put_3pct_2pct_deeper,2020-08-20,2020-08-27,7,11371.6,11647.6,11220.9025,0.015852029854879657,11000.0,10750.0,250.0,33.35,13.4,12.937500000000002,0.0,2.0,10.937500000000002,237.0625,0.046137621935143695,113278.0,3903225.0,175800.0
TB16_T01_real_chain_nifty_bull_put_3pct_2pct_deeper,2020-08-24,2020-08-27,3,11472.25,11647.6,11246.22,0.01519395073691121,11100.0,10850.0,250.0,8.45,3.75,2.869999999999999,0.0,2.0,0.8699999999999992,247.13,0.0035204143568162475,159583.0,2506650.0,150600.0
TB16_T01_real_chain_nifty_bull_put_3pct_2pct_deeper,2020-08-27,2020-09-03,7,11647.6,11333.85,11315.12,0.05184924300917948,11250.0,11000.0,250.0,25.45,10.45,9.615000000000002,0.0,2.0,7.615000000000002,240.385,0.031678349314641106,55497.0,209625.0,1104675.0
TB16_T01_real_chain_nifty_bull_put_3pct_2pct_deeper,2020-08-31,2020-09-03,3,11470.25,11333.85,11358.665,0.03379824699758904,11100.0,10850.0,250.0,31.3,14.15,10.3325,0.0,2.0,8.3325,239.6675,0.034766916665797405,235946.0,1052850.0,62625.0
TB16_T01_real_chain_nifty_bull_put_3pct_2pct_deeper,2020-09-10,2020-09-17,7,11464.45,11504.95,11426.897500000001,0.025589529807485967,11100.0,10850.0,250.0,27.5,11.75,9.8625,0.0,2.0,7.862500000000001,240.1375,0.032741658424860764,68196.0,774525.0,83925.0
TB16_T01_real_chain_nifty_bull_put_3pct_2pct_deeper,2020-09-14,2020-09-17,3,11521.8,11504.95,11443.3675,0.011984699635935625,11150.0,10900.0,250.0,14.0,4.45,6.782500000000001,0.0,2.0,4.782500000000001,243.2175,0.019663469939457483,132667.0,443175.0,1055325.0
TB16_T01_real_chain_nifty_bull_put_3pct_2pct_deeper,2020-10-05,2020-10-08,3,11662.4,11914.2,11338.427500000002,0.02706725201562299,11300.0,11050.0,250.0,24.1,5.85,13.7575,0.0,2.0,11.7575,236.2425,0.04976877572833,395804.0,1663875.0,536475.0
TB16_T01_real_chain_nifty_bull_put_3pct_2pct_deeper,2020-10-12,2020-10-15,3,11934.5,11762.45,11458.6275,0.04322096494333505,11550.0,11300.0,250.0,12.45,4.15,5.81,0.0,2.0,3.8099999999999996,244.19,0.015602604529260001,138221.0,412425.0,1413900.0
TB16_T01_real_chain_nifty_bull_put_3pct_2pct_deeper,2020-10-15,2020-10-22,7,11762.45,11930.35,11497.197499999998,0.02139179062356189,11400.0,11150.0,250.0,45.55,20.2,15.487499999999997,0.0,2.0,13.487499999999997,235.24900000000002,0.057332868577549725,65088.0,907650.0,14175.0
TB16_T01_real_chain_nifty_bull_put_3pct_2pct_deeper,2020-10-19,2020-10-22,3,11896.8,11930.35,11547.914999999999,0.057441636186675415,11500.0,11250.0,250.0,8.25,3.8,2.642500000000001,0.0,2.0,0.642500000000001,247.3575,0.002597455100411352,265809.0,2003850.0,127500.0
TB16_T01_real_chain_nifty_bull_put_3pct_2pct_deeper,2020-10-21,2020-10-29,8,11896.45,11642.4,11625.345,0.06868579795811125,11500.0,11250.0,250.0,31.15,14.85,9.400000000000002,0.0,2.0,7.400000000000002,240.6,0.030756442227763935,84648.0,2340075.0,66300.0
TB16_T01_real_chain_nifty_bull_put_3pct_2pct_deeper,2020-10-22,2020-10-29,7,11930.35,11642.4,11681.585000000001,0.10409465506151938,11550.0,11300.0,250.0,27.6,11.55,10.1775,0.0,2.0,8.1775,239.8225,0.0340981350790689,61396.0,207225.0,1870425.0
TB16_T01_real_chain_nifty_bull_put_3pct_2pct_deeper,2020-10-26,2020-10-29,3,11889.4,11642.4,11750.5525,0.05894874660990168,11500.0,11250.0,250.0,20.35,4.9,11.6625,0.0,2.0,9.6625,238.3375,0.04054124927885876,376352.0,3039900.0,294075.0
TB16_T01_real_chain_nifty_bull_put_3pct_2pct_deeper,2020-11-09,2020-11-12,3,12631.1,12719.95,11925.7625,0.05836859524906779,12250.0,11950.0,300.0,27.15,8.7,13.072499999999998,0.0,2.0,11.072499999999998,286.9275,0.03858988768939888,153010.0,659250.0,335325.0
TB16_T01_real_chain_nifty_bull_put_3pct_2pct_deeper,2020-11-12,2020-11-19,7,12719.95,12859.05,12063.065,0.08140310904615955,12300.0,12000.0,300.0,20.05,6.0,10.142500000000002,0.0,2.0,8.142500000000002,289.8575,0.028091389734610978,71840.0,837075.0,1085775.0
TB16_T01_real_chain_nifty_bull_put_3pct_2pct_deeper,2020-11-13,2020-11-19,6,12780.25,12859.05,12108.425,0.0764083365268402,12350.0,12050.0,300.0,12.25,4.1,5.697500000000001,0.0,2.0,3.6975000000000007,294.3025,0.012563603775027398,59157.0,453300.0,144375.0
TB16_T01_real_chain_nifty_bull_put_3pct_2pct_deeper,2020-11-23,2020-11-26,3,13055.15,12968.95,12413.744999999999,0.09804952310461412,12650.0,12350.0,300.0,18.95,4.7,10.702499999999999,0.0,2.0,8.702499999999999,289.2975,0.030081490507176862,125179.0,620325.0,329100.0
TB16_T01_real_chain_nifty_bull_put_3pct_2pct_deeper,2020-12-07,2020-12-10,3,13392.95,13513.85,12958.717499999999,0.07478503015395987,12950.0,12650.0,300.0,9.3,3.7,3.6500000000000004,0.0,2.0,1.6500000000000004,296.35,0.005567740846971488,73244.0,517875.0,160800.0
TB16_T01_real_chain_nifty_bull_put_3pct_2pct_deeper,2020-12-10,2020-12-17,7,13513.85,13760.55,13081.227499999999,0.06485406751347433,13100.0,12800.0,300.0,15.1,4.6,7.545,0.0,2.0,5.545,292.455,0.018960181908327777,75517.0,631800.0,728400.0
TB16_T01_real_chain_nifty_bull_put_3pct_2pct_deeper,2020-12-14,2020-12-17,3,13567.85,13760.55,13162.517499999998,0.06162633751295954,13150.0,12850.0,300.0,7.3,2.45,3.3875,0.0,2.0,1.3875000000000002,296.6125,0.00467782038855409,55453.0,442500.0,169650.0
TB16_T01_real_chain_nifty_bull_put_3pct_2pct_deeper,2020-12-23,2020-12-31,8,13749.25,14018.5,13414.8075,0.06928155913643996,13300.0,13000.0,300.0,41.8,18.95,13.737499999999997,0.0,2.0,11.737499999999997,286.2625,0.04100257630671149,150766.0,1729425.0,4794975.0
TB16_T01_real_chain_nifty_bull_put_3pct_2pct_deeper,2020-12-28,2020-12-31,3,13932.6,14018.5,13507.3,0.07430439626955154,13500.0,13200.0,300.0,14.7,6.95,4.5024999999999995,0.0,2.0,2.5024999999999995,295.4975,0.0084687687713094,321873.0,4175025.0,2973075.0
TB16_T01_real_chain_nifty_bull_put_3pct_2pct_deeper,2021-01-04,2021-01-07,3,14199.5,14347.25,13724.48,0.06317503696909577,13750.0,13450.0,300.0,12.3,4.55,5.222500000000001,0.0,2.0,3.222500000000001,294.7775,0.0109319741160706,133775.0,573450.0,211875.0
TB16_T01_real_chain_nifty_bull_put_3pct_2pct_deeper,2021-01-07,2021-01-14,7,14347.25,14433.7,13836.005000000001,0.06447029669913862,13900.0,13600.0,300.0,46.45,16.1,20.9675,0.0,2.0,18.9675,286.945,0.06610151771245361,92864.0,873675.0,945600.0
TB16_T01_real_chain_nifty_bull_put_3pct_2pct_deeper,2021-01-11,2021-01-14,3,14563.45,14433.7,13934.815000000002,0.0741472841058699,14100.0,13800.0,300.0,23.15,10.3,7.832499999999998,0.0,2.0,5.832499999999998,292.1675,0.01996286376821514,336948.0,2082900.0,1947300.0
TB16_T01_real_chain_nifty_bull_put_3pct_2pct_deeper,2021-01-14,2021-01-21,7,14433.7,14371.9,14064.960000000001,0.05043411179925328,14000.0,13700.0,300.0,16.25,8.7,3.807500000000001,0.0,2.0,1.807500000000001,296.1925,0.006102450264608324,80167.0,1399725.0,542700.0
TB16_T01_real_chain_nifty_bull_put_3pct_2pct_deeper,2021-01-18,2021-01-21,3,14521.15,14371.9,14150.635,0.08948936106359362,14050.0,13750.0,300.0,41.3,11.9,21.419999999999998,0.0,2.0,19.419999999999998,290.423,0.06686798221903911,119090.0,204000.0,171450.0
TB16_T01_real_chain_nifty_bull_put_3pct_2pct_deeper,2021-01-19,2021-01-28,9,14644.7,13634.6,14209.555000000002,0.08750733312045633,14200.0,13900.0,300.0,59.2,27.8,18.35,300.0,2.0,-283.65,292.894,-0.9684390940067054,96578.0,1552200.0,1742550.0
TB16_T01_real_chain_nifty_bull_put_3pct_2pct_deeper,2021-01-21,2021-01-28,7,14371.9,13634.6,14290.15,0.04528610651490084,13900.0,13600.0,300.0,22.1,11.25,5.847500000000002,265.39999999999964,2.0,-261.5524999999996,294.1525,-0.8891731329837402,65170.0,1773225.0,1587075.0
TB16_T01_real_chain_nifty_bull_put_3pct_2pct_deeper,2021-02-01,2021-02-04,3,14647.85,14924.25,14323.485,0.03643625865887401,14200.0,13900.0,300.0,90.25,24.95,48.019999999999996,0.0,2.0,46.019999999999996,292.957,0.15708790027205358,519861.0,1894500.0,1709025.0
TB16_T01_real_chain_nifty_bull_put_3pct_2pct_deeper,2021-02-08,2021-02-11,3,15109.3,15163.3,14499.477499999999,0.04311776178394511,14650.0,14300.0,350.0,20.3,7.2,8.975,0.0,2.0,6.975,341.025,0.020453045964372113,142044.0,336900.0,1188900.0
TB16_T01_real_chain_nifty_bull_put_3pct_2pct_deeper,2021-02-15,2021-02-18,3,15313.45,14981.75,14681.095000000001,0.07227283230518244,14850.0,14500.0,350.0,11.85,4.7,4.6675,0.0,2.0,2.6675000000000004,345.3325,0.0077244394894775345,141140.0,470850.0,2248950.0
TB16_T01_real_chain_nifty_bull_put_3pct_2pct_deeper,2021-02-18,2021-02-25,7,14981.75,14529.15,14758.765,0.026825950028614765,14500.0,14200.0,300.0,18.15,8.15,6.054999999999998,0.0,2.0,4.054999999999998,299.635,0.013533131977238967,86321.0,2182125.0,1439175.0
TB16_T01_real_chain_nifty_bull_put_3pct_2pct_deeper,2021-02-23,2021-03-04,9,14982.0,14938.1,14848.125,0.07263289779846072,14500.0,14200.0,300.0,102.95,42.4,38.747499999999995,0.0,2.0,36.747499999999995,299.64,0.12263883326658656,62014.0,601950.0,395325.0
TB16_T01_real_chain_nifty_bull_put_3pct_2pct_deeper,2021-04-26,2021-04-29,3,14653.05,14631.1,14582.032499999998,0.007124005113612997,14200.0,13900.0,300.0,50.15,17.6,22.3875,0.0,2.0,20.3875,293.061,0.06956742794162307,436875.0,3125850.0,2077275.0
TB16_T01_real_chain_nifty_bull_put_3pct_2pct_deeper,2021-05-17,2021-05-20,3,15108.1,15175.3,14671.352499999999,0.033537763761428696,14650.0,14300.0,350.0,24.15,6.25,13.34,0.0,2.0,11.34,336.66,0.03368383532347175,414175.0,977475.0,2082600.0
TB16_T01_real_chain_nifty_bull_put_3pct_2pct_deeper,2021-05-20,2021-05-27,7,15175.3,15435.65,14773.8275,0.0533903922977339,14700.0,14350.0,350.0,64.6,17.8,34.44,0.0,2.0,32.44,315.56,0.10280136899480288,94821.0,2217075.0,185400.0
TB16_T01_real_chain_nifty_bull_put_3pct_2pct_deeper,2021-05-24,2021-05-27,3,15208.45,15435.65,14852.817500000001,0.04994477045219203,14750.0,14400.0,350.0,9.2,3.35,3.9675,0.0,2.0,1.9674999999999998,346.0325,0.005685882106449537,159960.0,663750.0,1858275.0
TB16_T01_real_chain_nifty_bull_put_3pct_2pct_deeper,2021-05-31,2021-06-03,3,15574.85,15670.25,15030.560000000001,0.06428115059637918,15100.0,14750.0,350.0,9.85,4.3,3.4274999999999993,0.0,2.0,1.4274999999999993,346.5725,0.004118907299338521,219386.0,1774350.0,135975.0
TB16_T01_real_chain_nifty_bull_put_3pct_2pct_deeper,2021-06-07,2021-06-10,3,15740.1,15799.35,15271.755,0.05338852322425858,15250.0,14900.0,350.0,5.05,2.65,1.2449999999999997,0.0,2.0,-0.7550000000000003,348.755,-0.0021648435147883192,112488.0,472725.0,1421175.0
TB16_T01_real_chain_nifty_bull_put_3pct_2pct_deeper,2021-06-14,2021-06-17,3,15869.25,15683.35,15501.617499999998,0.05038025959584602,15350.0,15000.0,350.0,7.85,3.4,2.7624999999999997,0.0,2.0,0.7624999999999997,347.2375,0.002195903380251268,289542.0,359850.0,4154700.0
TB16_T01_real_chain_nifty_bull_put_3pct_2pct_deeper,2021-06-17,2021-06-24,7,15683.35,15860.35,15603.157500000001,0.03347874506599546,15200.0,14850.0,350.0,17.55,7.15,6.695,0.0,2.0,4.695,343.305,0.013675885874076988,67057.0,1616625.0,122925.0
TB16_T01_real_chain_nifty_bull_put_3pct_2pct_deeper,2021-06-21,2021-06-24,3,15772.75,15860.35,15658.8125,0.0371043728979612,15250.0,14900.0,350.0,8.35,3.55,3.0149999999999997,0.0,2.0,1.0149999999999997,346.985,0.0029251984956122014,234475.0,549000.0,2239275.0
TB16_T01_real_chain_nifty_bull_put_3pct_2pct_deeper,2021-06-24,2021-07-01,7,15860.35,15722.2,15721.952500000003,0.027514228425754794,15350.0,15000.0,350.0,16.6,5.35,7.957500000000002,0.0,2.0,5.957500000000002,342.0425,0.017417426197036925,56506.0,258075.0,1350525.0
TB16_T01_real_chain_nifty_bull_put_3pct_2pct_deeper,2021-07-05,2021-07-08,3,15818.25,15689.8,15759.615,0.004965025635161213,15300.0,14950.0,350.0,2.9,1.3,0.97,0.0,2.0,-1.03,349.03,-0.002951035727587887,138544.0,2300100.0,62550.0
TB16_T01_real_chain_nifty_bull_put_3pct_2pct_deeper,2021-07-22,2021-07-29,7,15856.05,15763.05,15788.4125,0.004154409785661395,15350.0,15000.0,350.0,7.15,3.75,1.7650000000000006,0.0,2.0,-0.23499999999999943,348.235,-0.0006748316510402442,150593.0,253700.0,4311350.0
TB16_T01_real_chain_nifty_bull_put_3pct_2pct_deeper,2021-08-02,2021-08-05,3,16130.75,16238.2,15811.220000000001,0.018718798056124752,15600.0,15250.0,350.0,9.5,2.85,4.797499999999999,0.0,2.0,2.7974999999999994,345.2025,0.008103938992330587,367998.0,2194850.0,431700.0
TB16_T01_real_chain_nifty_bull_put_3pct_2pct_deeper,2021-08-04,2021-08-12,8,16294.6,16529.09,15853.995,0.026130928578400603,15800.0,15450.0,350.0,23.1,8.95,9.342500000000003,0.0,2.0,7.342500000000003,340.65749999999997,0.021553906783206015,54627.0,957100.0,29100.0
TB16_T01_real_chain_nifty_bull_put_3pct_2pct_deeper,2021-08-05,2021-08-12,7,16238.2,16529.09,15879.509999999998,0.032445526739107056,15750.0,15400.0,350.0,11.7,5.5,3.619999999999999,0.0,2.0,1.6199999999999992,346.38,0.004676944396327731,54653.0,352400.0,765700.0
TB16_T01_real_chain_nifty_bull_put_3pct_2pct_deeper,2021-08-09,2021-08-12,3,16280.1,16529.09,15937.3075,0.0374380281151625,15750.0,15400.0,350.0,4.15,1.8,1.4575000000000005,0.0,2.0,-0.5424999999999995,348.5425,-0.0015564816342339873,162054.0,484300.0,1182400.0
TB16_T01_real_chain_nifty_bull_put_3pct_2pct_deeper,2021-08-23,2021-08-26,3,16624.59,16705.2,16241.848000000002,0.05056352669445063,16100.0,15750.0,350.0,7.05,2.5,3.1174999999999997,0.0,2.0,1.1174999999999997,346.8825,0.003221551966443968,414360.0,2498350.0,295600.0
TB16_T01_real_chain_nifty_bull_put_3pct_2pct_deeper,2021-08-26,2021-09-02,7,16705.2,17323.59,16378.970500000001,0.05873517360704006,16200.0,15850.0,350.0,12.25,3.9,5.9275,0.0,2.0,3.9275,344.0725,0.011414745438824668,52356.0,1005300.0,63350.0
TB16_T01_real_chain_nifty_bull_put_3pct_2pct_deeper,2021-08-30,2021-09-02,3,17132.2,17323.59,16499.723,0.07850413751207896,16600.0,16250.0,350.0,13.5,4.9,5.84,0.0,2.0,3.84,344.16,0.011157601115760111,742625.0,4221350.0,480850.0
TB16_T01_real_chain_nifty_bull_put_3pct_2pct_deeper,2021-09-13,2021-09-16,3,17380.0,17585.15,16959.4975,0.051479543035944486,16850.0,16500.0,350.0,4.7,2.85,0.7175000000000002,0.0,2.0,-1.2824999999999998,349.2825,-0.003671812930793841,277833.0,345800.0,4138350.0
TB16_T01_real_chain_nifty_bull_put_3pct_2pct_deeper,2021-09-15,2021-09-23,8,17629.5,17853.2,17058.063000000002,0.06108546765222611,17100.0,16700.0,400.0,19.3,7.7,7.5500000000000025,0.0,2.0,5.5500000000000025,392.45,0.014141928908141171,63292.0,544950.0,352900.0
TB16_T01_real_chain_nifty_bull_put_3pct_2pct_deeper,2021-09-20,2021-09-23,3,17562.0,17853.2,17209.476000000002,0.06459268509285332,17000.0,16600.0,400.0,26.1,7.5,13.560000000000002,0.0,2.0,11.560000000000002,386.44,0.029914087568574686,624776.0,3811950.0,1036750.0
TB16_T01_real_chain_nifty_bull_put_3pct_2pct_deeper,2021-09-21,2021-09-30,9,17546.65,17532.05,17255.579,0.05546362346379685,17000.0,16600.0,400.0,34.15,16.2,10.397499999999997,0.0,2.0,8.397499999999997,389.6025,0.02155401980223432,136266.0,3237000.0,1099200.0
TB16_T01_real_chain_nifty_bull_put_3pct_2pct_deeper,2021-09-23,2021-09-30,7,17853.2,17532.05,17375.809,0.07310857190943021,17300.0,16900.0,400.0,20.4,9.65,6.2425,0.0,2.0,4.2425,393.7575,0.010774397947975594,164259.0,2135950.0,1154000.0
TB16_T01_real_chain_nifty_bull_put_3pct_2pct_deeper,2021-09-27,2021-09-30,3,17748.59,17532.05,17474.1805,0.04828643232404373,17200.0,16800.0,400.0,5.1,2.3,1.6900000000000004,0.0,2.0,-0.3099999999999996,398.31,-0.0007782882679320118,255249.0,2081800.0,1972400.0
TB16_T01_real_chain_nifty_bull_put_3pct_2pct_deeper,2021-10-04,2021-10-07,3,17822.3,17895.2,17585.733500000002,0.02557861179205645,17250.0,16850.0,400.0,8.1,2.9,3.5500000000000003,0.0,2.0,1.5500000000000003,396.45,0.003909698574851811,191560.0,1117400.0,135100.0
TB16_T01_real_chain_nifty_bull_put_3pct_2pct_deeper,2021-10-19,2021-10-28,9,18266.59,17671.65,17906.682999999997,0.040120145769274584,17700.0,17300.0,400.0,30.8,17.95,5.537500000000001,28.349999999998545,2.0,-24.812499999998543,394.4625,-0.06290205025825914,54157.0,1349100.0,737250.0
TB16_T01_real_chain_nifty_bull_put_3pct_2pct_deeper,2021-10-20,2021-10-28,8,18178.09,17671.65,17938.254999999997,0.035986356370019346,17600.0,17200.0,400.0,30.55,14.2,9.637500000000003,0.0,2.0,7.637500000000003,390.3625,0.019565147779307703,64516.0,1065350.0,1138900.0
TB16_T01_real_chain_nifty_bull_put_3pct_2pct_deeper,2021-10-25,2021-10-28,3,18268.4,17671.65,17987.128,0.023148021096505378,17700.0,17300.0,400.0,15.15,3.0,9.4275,28.349999999998545,2.0,-20.922499999998543,390.5725,-0.05356879964666878,613135.0,1709200.0,1783050.0
TB16_T01_real_chain_nifty_bull_put_3pct_2pct_deeper,2021-12-27,2021-12-30,3,17233.25,17354.05,17161.8285,0.014723373686937657,16700.0,16350.0,350.0,23.15,7.6,10.9375,0.0,2.0,8.9375,344.665,0.02593097645539872,793862.0,3812550.0,470250.0
TB16_T01_real_chain_nifty_bull_put_3pct_2pct_deeper,2021-12-30,2022-01-06,7,17354.05,17812.7,17162.145500000002,0.009150011339384756,16800.0,16450.0,350.0,37.1,12.4,17.275,0.0,2.0,15.274999999999999,347.081,0.04400989970640858,94942.0,1183650.0,185650.0
TB16_T01_real_chain_nifty_bull_put_3pct_2pct_deeper,2022-01-03,2022-01-06,3,17805.25,17812.7,17229.2455,0.03659317563909248,17250.0,16850.0,400.0,15.4,4.55,7.857500000000001,0.0,2.0,5.857500000000001,392.1425,0.01493717207392721,347947.0,1274950.0,334800.0
TB16_T01_real_chain_nifty_bull_put_3pct_2pct_deeper,2022-01-10,2022-01-13,3,18055.75,18255.75,17346.8385,0.04218494767646552,17500.0,17100.0,400.0,9.85,3.2,4.692499999999999,0.0,2.0,2.692499999999999,395.3075,0.006811153342650971,765502.0,4516900.0,2353450.0
TB16_T01_real_chain_nifty_bull_put_3pct_2pct_deeper,2022-01-12,2022-01-20,8,18257.8,17617.15,17446.855499999998,0.05852137009809599,17700.0,17300.0,400.0,26.7,8.0,13.495000000000001,82.84999999999854,2.0,-71.35499999999854,386.505,-0.18461598168199259,57085.0,429700.0,403750.0
TB16_T01_real_chain_nifty_bull_put_3pct_2pct_deeper,2022-01-13,2022-01-20,7,18255.75,17617.15,17510.383,0.07480335821774253,17700.0,17300.0,400.0,16.0,5.3,7.505,82.84999999999854,2.0,-77.34499999999855,392.495,-0.19705983515713207,110291.0,940950.0,832650.0
TB16_T01_real_chain_nifty_bull_put_3pct_2pct_deeper,2022-01-18,2022-01-27,9,17938.4,17101.95,17711.335499999997,0.05797251031379291,17400.0,17000.0,400.0,24.0,10.3,8.554999999999998,298.0499999999993,2.0,-291.49499999999927,391.445,-0.7446640013284095,74978.0,1123850.0,3082550.0
TB16_T01_real_chain_nifty_bull_put_3pct_2pct_deeper,2022-01-19,2022-01-27,8,17757.0,17101.95,17745.556,0.04008823500125058,17200.0,16800.0,400.0,13.9,5.3,5.72,98.04999999999927,2.0,-94.32999999999927,394.28,-0.23924622095972223,67957.0,1806400.0,1651300.0
TB16_T01_real_chain_nifty_bull_put_3pct_2pct_deeper,2022-03-21,2022-03-24,3,17315.5,17153.0,16704.440000000002,0.0022690043585722464,16750.0,16400.0,350.0,64.5,20.9,30.79,0.0,2.0,28.79,346.31,0.08313360861655741,361828.0,327550.0,1638300.0
TB16_T01_real_chain_nifty_bull_put_3pct_2pct_deeper,2022-03-24,2022-03-31,7,17153.0,17670.45,16717.405,0.005259842058224606,16600.0,16250.0,350.0,44.05,17.15,17.72,0.0,2.0,15.719999999999999,343.06,0.04582288812452632,96362.0,1888900.0,161450.0
TB16_T01_real_chain_nifty_bull_put_3pct_2pct_deeper,2022-03-28,2022-03-31,3,17325.3,17670.45,16799.452500000003,0.040033856792969225,16800.0,16450.0,350.0,22.2,5.3,12.774999999999999,0.0,2.0,10.774999999999999,346.506,0.03109614263533676,997393.0,3206800.0,429150.0
TB16_T01_real_chain_nifty_bull_put_3pct_2pct_deeper,2022-03-30,2022-04-07,8,17464.75,17784.35,16877.609999999997,0.05171640285560297,16900.0,16550.0,350.0,35.2,14.8,12.900000000000002,0.0,2.0,10.900000000000002,349.295,0.031205714367511708,54376.0,418950.0,1020600.0
TB16_T01_real_chain_nifty_bull_put_3pct_2pct_deeper,2022-03-31,2022-04-07,7,17670.45,17784.35,16936.23,0.07106294380244949,17100.0,16700.0,400.0,54.45,16.1,27.7675,0.0,2.0,25.7675,372.2325,0.06922420798828688,113074.0,999100.0,774350.0
TB16_T01_real_chain_nifty_bull_put_3pct_2pct_deeper,2022-04-04,2022-04-07,3,17957.4,17784.35,17131.345,0.1320198069109857,17400.0,17000.0,400.0,10.5,4.5,3.749999999999999,0.0,2.0,1.7499999999999991,396.25,0.004416403785488957,1300519.0,4358750.0,5644800.0
TB16_T01_real_chain_nifty_bull_put_3pct_2pct_deeper,2022-06-02,2022-06-09,7,16584.3,16201.8,16229.292500000001,0.010544595932667988,16050.0,15700.0,350.0,28.35,8.35,14.495000000000001,0.0,2.0,12.495000000000001,335.505,0.03724236598560379,87044.0,219500.0,1285800.0
TB16_T01_real_chain_nifty_bull_put_3pct_2pct_deeper,2022-06-06,2022-06-09,3,16416.35,16201.8,16251.492499999998,0.010855877906779776,15900.0,15550.0,350.0,5.65,1.7,2.8475,0.0,2.0,0.8475000000000001,347.1525,0.002441290211074384,390093.0,2012150.0,349900.0
TB16_T01_real_chain_nifty_bull_put_3pct_2pct_deeper,2022-06-08,2022-06-16,8,16478.1,15293.5,16294.455000000002,0.042389929149797556,15950.0,15600.0,350.0,52.05,15.15,26.82,350.0,2.0,-325.18,329.56199999999995,-0.9867035641245048,65029.0,83650.0,671900.0
TB16_T01_real_chain_nifty_bull_put_3pct_2pct_deeper,2022-07-07,2022-07-14,7,16220.6,16049.2,15725.7025,0.0011603648977274172,15700.0,15350.0,350.0,33.6,9.45,17.692500000000003,0.0,2.0,15.692500000000003,332.3075,0.04722282825395154,173534.0,1737950.0,233100.0
TB16_T01_real_chain_nifty_bull_put_3pct_2pct_deeper,2022-07-11,2022-07-14,3,16058.3,16049.2,15764.092499999999,0.02073467623521319,15550.0,15200.0,350.0,4.55,1.85,1.7399999999999998,0.0,2.0,-0.26000000000000023,348.26,-0.000746568655602137,482827.0,761850.0,2111950.0
TB16_T01_real_chain_nifty_bull_put_3pct_2pct_deeper,2022-07-14,2022-07-21,7,16049.2,16719.45,15844.505,0.04941314937718633,15550.0,15200.0,350.0,37.75,9.35,21.335,0.0,2.0,19.335,328.665,0.05882889872666697,152319.0,250550.0,1448100.0
TB16_T01_real_chain_nifty_bull_put_3pct_2pct_deeper,2022-07-18,2022-07-21,3,16340.55,16719.45,15926.009999999998,0.04487236872394296,15850.0,15500.0,350.0,8.9,2.45,4.7475000000000005,0.0,2.0,2.7475000000000005,345.2525,0.007957943823723218,1180426.0,2489050.0,4604600.0
TB16_T01_real_chain_nifty_bull_put_3pct_2pct_deeper,2022-07-19,2022-07-28,9,16520.85,17158.25,15981.3875,0.07185677304665439,16000.0,15650.0,350.0,55.8,18.4,26.270000000000003,0.0,2.0,24.270000000000003,330.417,0.07345263712218199,145693.0,3295400.0,173800.0
TB16_T01_real_chain_nifty_bull_put_3pct_2pct_deeper,2022-07-20,2022-07-28,8,16605.25,17158.25,16033.817500000001,0.06740525755866456,16100.0,15750.0,350.0,35.75,12.85,15.610000000000001,0.0,2.0,13.610000000000001,334.39,0.04070097790005683,97204.0,1123700.0,135400.0
TB16_T01_real_chain_nifty_bull_put_3pct_2pct_deeper,2022-07-21,2022-07-28,7,16719.45,17158.25,16084.827500000003,0.06498399605076677,16200.0,15850.0,350.0,31.6,9.25,16.2225,0.0,2.0,14.2225,334.389,0.04253279862674909,191088.0,2865350.0,268900.0
TB16_T01_real_chain_nifty_bull_put_3pct_2pct_deeper,2022-07-25,2022-07-28,3,16483.85,17158.25,16156.4575,0.03997741353421391,15950.0,15600.0,350.0,3.25,1.6,0.9224999999999999,0.0,2.0,-1.0775000000000001,349.0775,-0.0030867071065880792,277613.0,1414300.0,1551000.0
TB16_T01_real_chain_nifty_bull_put_3pct_2pct_deeper,2022-07-27,2022-08-04,8,16929.6,17397.5,16256.059999999998,0.07283471427892452,16400.0,16050.0,350.0,85.3,29.4,38.695,0.0,2.0,36.695,338.592,0.10837527171344864,116455.0,977800.0,140550.0
TB16_T01_real_chain_nifty_bull_put_3pct_2pct_deeper,2022-07-28,2022-08-04,7,17158.25,17397.5,16326.37,0.08927092029291428,16600.0,16250.0,350.0,41.55,11.85,21.689999999999998,0.0,2.0,19.689999999999998,343.165,0.057377646321740264,401392.0,2045700.0,351100.0
TB16_T01_real_chain_nifty_bull_put_3pct_2pct_deeper,2022-08-01,2022-08-04,3,17345.45,17397.5,16478.335,0.09705993036427518,16800.0,16450.0,350.0,9.5,3.85,3.6475,0.0,2.0,1.6475,346.90900000000005,0.0047490840537432,867562.0,4948150.0,937100.0
TB16_T01_real_chain_nifty_bull_put_3pct_2pct_deeper,2022-08-04,2022-08-11,7,17397.5,17698.15,16669.552499999998,0.07255588572555882,16850.0,16500.0,350.0,36.4,12.95,16.0475,0.0,2.0,14.0475,347.95,0.04037217991090674,252202.0,300550.0,2146700.0
TB16_T01_real_chain_nifty_bull_put_3pct_2pct_deeper,2022-08-10,2022-08-18,8,17659.0,17758.45,16893.4475,0.10599280375031706,17100.0,16700.0,400.0,44.95,13.2,23.027500000000003,0.0,2.0,21.027500000000003,376.97249999999997,0.05577993089681609,63323.0,340000.0,504700.0
TB16_T01_real_chain_nifty_bull_put_3pct_2pct_deeper,2022-08-11,2022-08-18,7,17698.15,17758.45,16981.4225,0.11039203445712165,17150.0,16750.0,400.0,15.5,4.85,7.5975,0.0,2.0,5.5975,392.4025,0.014264689954829544,63097.0,345800.0,700150.0
TB16_T01_real_chain_nifty_bull_put_3pct_2pct_deeper,2022-08-16,2022-08-25,9,17944.25,17558.9,17153.5125,0.102328224344995,17400.0,17000.0,400.0,38.55,12.5,18.3925,0.0,2.0,16.3925,381.6075,0.04295644084563327,162832.0,1541150.0,2383900.0
TB16_T01_real_chain_nifty_bull_put_3pct_2pct_deeper,2022-08-17,2022-08-25,8,17956.5,17558.9,17234.31,0.09889202015844023,17400.0,17000.0,400.0,23.0,8.55,9.717500000000001,0.0,2.0,7.717500000000001,390.2825,0.019774137964166983,152046.0,1670400.0,2283350.0
TB16_T01_real_chain_nifty_bull_put_3pct_2pct_deeper,2022-08-18,2022-08-25,7,17758.45,17558.9,17296.19,0.07491139983717554,17200.0,16800.0,400.0,7.6,3.4,2.5500000000000003,0.0,2.0,0.5500000000000003,397.45,0.001383821864385458,241366.0,2504000.0,1879550.0
TB16_T01_real_chain_nifty_bull_put_3pct_2pct_deeper,2022-08-22,2022-08-25,3,17577.5,17558.9,17383.364999999998,0.05132046807759827,17050.0,16650.0,400.0,11.9,2.35,7.4125000000000005,0.0,2.0,5.4125000000000005,392.5875,0.013786735441143696,305173.0,1135500.0,213800.0
TB16_T01_real_chain_nifty_bull_put_3pct_2pct_deeper,2022-08-25,2022-09-01,7,17558.9,17539.45,17529.8475,0.05510822146642802,17000.0,16600.0,400.0,31.55,8.55,16.985,0.0,2.0,14.985,383.015,0.039123794107280396,384509.0,3590150.0,1099450.0
TB16_T01_real_chain_nifty_bull_put_3pct_2pct_deeper,2022-08-29,2022-09-01,3,17759.3,17539.45,17579.065,0.035029796162195925,17200.0,16800.0,400.0,75.05,11.4,50.6825,0.0,2.0,48.6825,355.186,0.13706199005591438,3468469.0,5453050.0,3942300.0
TB16_T01_real_chain_nifty_bull_put_3pct_2pct_deeper,2022-09-05,2022-09-08,3,17655.6,17833.35,17626.465,0.01574042112530205,17100.0,16700.0,400.0,11.8,3.35,6.177500000000002,0.0,2.0,4.177500000000002,393.8225,0.01060757066952752,861036.0,2851600.0,2848850.0
TB16_T01_real_chain_nifty_bull_put_3pct_2pct_deeper,2022-09-08,2022-09-15,7,17833.35,17530.85,17666.422499999997,0.01702904233022995,17250.0,16850.0,400.0,20.0,5.7,10.445,0.0,2.0,8.445,389.555,0.02167858197173698,82026.0,505600.0,457000.0
TB16_T01_real_chain_nifty_bull_put_3pct_2pct_deeper,2022-09-12,2022-09-15,3,18070.05,17530.85,17698.885000000002,0.021013495760856316,17500.0,17100.0,400.0,15.25,3.5,8.9375,0.0,2.0,6.9375,391.0625,0.017740131053220393,968365.0,4592550.0,2911700.0
TB16_T01_real_chain_nifty_bull_put_3pct_2pct_deeper,2022-09-19,2022-09-22,3,17816.25,17327.35,17692.6525,0.01861274848919714,17250.0,16850.0,400.0,35.7,6.65,22.6975,0.0,2.0,20.6975,377.3025,0.05485651433531451,535903.0,717850.0,633850.0
TB16_T01_real_chain_nifty_bull_put_3pct_2pct_deeper,2022-10-24,2022-10-27,3,17656.35,17786.8,17248.655,0.03761393487420883,17100.0,16700.0,400.0,4.3,1.7,1.7,0.0,2.0,-0.30000000000000004,398.3,-0.0007532011046949537,378103.0,3240800.0,3667550.0
TB16_T01_real_chain_nifty_bull_put_3pct_2pct_deeper,2022-10-27,2022-11-03,7,17786.8,18117.15,17331.5425,0.055057952617655115,17250.0,16850.0,400.0,20.9,4.25,12.877499999999998,0.0,2.0,10.877499999999998,387.1225,0.0280983409644234,73839.0,503500.0,535050.0
TB16_T01_real_chain_nifty_bull_put_3pct_2pct_deeper,2022-10-31,2022-11-03,3,18145.4,18117.15,17443.8,0.061485227575193147,17600.0,17200.0,400.0,13.7,2.75,8.4825,0.0,2.0,6.4825,391.5175,0.016557369721659953,1148343.0,3798450.0,2983850.0
TB16_T01_real_chain_nifty_bull_put_3pct_2pct_deeper,2022-11-01,2022-11-10,9,18082.85,18349.7,17503.575,0.07079263472362451,17500.0,17100.0,400.0,21.85,7.8,9.602500000000003,0.0,2.0,7.602500000000003,390.3975,0.019473741507053718,62116.0,745850.0,212350.0
TB16_T01_real_chain_nifty_bull_put_3pct_2pct_deeper,2022-11-02,2022-11-10,8,18052.7,18349.7,17542.495000000003,0.045061160220674745,17500.0,17100.0,400.0,24.5,7.15,12.6025,0.0,2.0,10.6025,387.3975,0.027368529740124808,70092.0,1133400.0,252550.0
TB16_T01_real_chain_nifty_bull_put_3pct_2pct_deeper,2022-11-03,2022-11-10,7,18117.15,18349.7,17581.7625,0.04531266227397057,17550.0,17150.0,400.0,16.1,4.5,8.510000000000002,0.0,2.0,6.510000000000002,391.49,0.016628777235689292,50142.0,456800.0,163650.0
TB16_T01_real_chain_nifty_bull_put_3pct_2pct_deeper,2022-11-10,2022-11-17,7,18349.7,18307.65,17785.5075,0.07160293396248463,17750.0,17350.0,400.0,35.55,6.35,22.915,0.0,2.0,20.915,377.085,0.05546494822122333,111337.0,768250.0,516650.0
TB16_T01_real_chain_nifty_bull_put_3pct_2pct_deeper,2022-11-14,2022-11-17,3,18403.4,18307.65,17912.1325,0.07085542049494631,17850.0,17450.0,400.0,4.55,1.25,2.4299999999999997,0.0,2.0,0.4299999999999997,397.57,0.0010815705410367978,290610.0,1610700.0,303200.0
TB16_T01_real_chain_nifty_bull_put_3pct_2pct_deeper,2022-11-17,2022-11-24,7,18307.65,18512.75,18049.642499999998,0.04541963482704969,17750.0,17350.0,400.0,8.9,3.05,4.057500000000001,0.0,2.0,2.057500000000001,395.9425,0.0051964616074303745,58923.0,556500.0,234550.0
TB16_T01_real_chain_nifty_bull_put_3pct_2pct_deeper,2022-11-21,2022-11-24,3,18244.2,18512.75,18112.8375,0.03800003413687758,17650.0,17250.0,400.0,2.5,1.05,0.9175,0.0,2.0,-1.0825,399.0825,-0.002712471732035356,113360.0,814750.0,103300.0
TB16_T01_real_chain_nifty_bull_put_3pct_2pct_deeper,2022-11-22,2022-12-01,9,18267.25,18696.1,18139.6625,0.030258167308207407,17700.0,17300.0,400.0,8.45,3.7,2.9274999999999993,0.0,2.0,0.9274999999999993,397.0725,0.0023358454690264358,52229.0,646200.0,240350.0
TB16_T01_real_chain_nifty_bull_put_3pct_2pct_deeper,2022-11-23,2022-12-01,8,18484.1,18696.1,18181.05,0.046881150407643624,17900.0,17500.0,400.0,15.85,4.35,8.47,0.0,2.0,6.470000000000001,391.53,0.016524915076750187,100850.0,1033400.0,759800.0
TB16_T01_real_chain_nifty_bull_put_3pct_2pct_deeper,2022-11-24,2022-12-01,7,18512.75,18696.1,18219.840000000004,0.04373919980605456,17950.0,17550.0,400.0,8.95,3.85,3.1799999999999997,0.0,2.0,1.1799999999999997,396.82,0.002973640441510004,77012.0,556850.0,127300.0
TB16_T01_real_chain_nifty_bull_put_3pct_2pct_deeper,2022-11-28,2022-12-01,3,18618.05,18696.1,18288.93,0.03363553591454682,18050.0,17650.0,400.0,5.2,2.25,1.8325,0.0,2.0,-0.16749999999999998,398.1675,-0.00042067722754870747,260033.0,901200.0,328800.0
TB16_T01_real_chain_nifty_bull_put_3pct_2pct_deeper,2022-11-30,2022-12-08,8,18812.5,18496.6,18356.06,0.04035038724537343,18200.0,17800.0,400.0,15.0,6.05,5.7925,0.0,2.0,3.7925000000000004,394.2075,0.009620567848151039,93515.0,986300.0,324000.0
TB16_T01_real_chain_nifty_bull_put_3pct_2pct_deeper,2022-12-01,2022-12-08,7,18696.1,18496.6,18388.23,0.03564009815706215,18100.0,17700.0,400.0,6.4,3.4,1.5300000000000007,0.0,2.0,-0.4699999999999993,398.47,-0.001179511631992369,165011.0,1503400.0,1204300.0
TB16_T01_real_chain_nifty_bull_put_3pct_2pct_deeper,2022-12-05,2022-12-08,3,18642.75,18496.6,18439.4225,0.02416935856022162,18050.0,17650.0,400.0,2.05,1.1,0.4774999999999998,0.0,2.0,-1.5225000000000002,399.5225,-0.0038107991414751364,125256.0,729400.0,96250.0
TB16_T01_real_chain_nifty_bull_put_3pct_2pct_deeper,2022-12-08,2022-12-15,7,18496.6,18269.0,18496.0,0.008005580472705054,17900.0,17500.0,400.0,4.05,2.05,1.0850000000000004,0.0,2.0,-0.9149999999999996,398.915,-0.002293721720165949,167397.0,2118450.0,1670650.0
TB16_T01_real_chain_nifty_bull_put_3pct_2pct_deeper,2022-12-12,2022-12-15,3,18608.0,18269.0,18514.629999999997,0.011117510894725902,18000.0,17600.0,400.0,3.75,1.6,1.3475000000000001,0.0,2.0,-0.6524999999999999,398.6525,-0.0016367638482136695,853087.0,5059600.0,898800.0
TB16_T01_real_chain_nifty_bull_put_3pct_2pct_deeper,2023-02-13,2023-02-16,3,17929.85,17944.2,17864.3825,0.0019558699849397954,17350.0,16950.0,400.0,4.1,1.2,2.1049999999999995,0.0,2.0,0.10499999999999954,397.895,0.00026388871435931475,497821.0,2118450.0,160200.0
TB16_T01_real_chain_nifty_bull_put_3pct_2pct_deeper,2023-04-17,2023-04-20,3,17660.15,17624.05,17332.0625,0.040536997375111516,17100.0,16700.0,400.0,2.35,1.25,0.56,0.0,2.0,-1.44,399.44,-0.0036050470658922492,753342.0,3222300.0,581750.0
TB16_T01_real_chain_nifty_bull_put_3pct_2pct_deeper,2023-04-24,2023-04-27,3,17769.25,18065.0,17484.385000000002,0.03599309697467912,17200.0,16800.0,400.0,3.2,1.85,0.5925000000000002,0.0,2.0,-1.4074999999999998,399.4075,-0.00352396988038532,1009923.0,5871150.0,3515550.0
TB16_T01_real_chain_nifty_bull_put_3pct_2pct_deeper,2023-04-27,2023-05-04,7,18065.0,18069.0,17623.685,0.06354168506449542,17500.0,17100.0,400.0,8.2,2.55,4.0375,0.0,2.0,2.0374999999999996,395.9625,0.005145689301385863,324137.0,3078300.0,844700.0
TB16_T01_real_chain_nifty_bull_put_3pct_2pct_deeper,2023-05-03,2023-05-11,8,18255.8,18314.8,17778.7425,0.051616526735696056,17700.0,17300.0,400.0,13.6,3.8,7.1899999999999995,0.0,2.0,5.1899999999999995,392.81,0.01321249459025992,81714.0,1038800.0,220150.0
TB16_T01_real_chain_nifty_bull_put_3pct_2pct_deeper,2023-05-04,2023-05-11,7,18069.0,18314.8,17812.29,0.03856466672989223,17500.0,17100.0,400.0,3.15,1.8,0.6074999999999999,0.0,2.0,-1.3925,399.3925,-0.0034865451905080843,222600.0,4123000.0,386950.0
TB16_T01_real_chain_nifty_bull_put_3pct_2pct_deeper,2023-05-08,2023-05-11,3,18265.95,18314.8,17880.9975,0.03788819346388883,17700.0,17300.0,400.0,3.3,1.6,0.9649999999999999,0.0,2.0,-1.0350000000000001,399.035,-0.0025937574398235746,948922.0,3329350.0,2069300.0
TB16_T01_real_chain_nifty_bull_put_3pct_2pct_deeper,2023-05-11,2023-05-18,7,18314.8,18203.4,17969.405,0.028205070624957695,17750.0,17350.0,400.0,6.85,3.05,2.3150000000000004,0.0,2.0,0.3150000000000004,397.685,0.0007920841872336155,68190.0,854600.0,120400.0
TB16_T01_real_chain_nifty_bull_put_3pct_2pct_deeper,2023-05-15,2023-05-18,3,18286.5,18203.4,18026.93,0.032735918585180324,17700.0,17300.0,400.0,3.85,2.35,0.5700000000000003,0.0,2.0,-1.4299999999999997,399.43,-0.003580101644843902,673082.0,4500850.0,1865100.0
TB16_T01_real_chain_nifty_bull_put_3pct_2pct_deeper,2023-05-18,2023-05-25,7,18203.4,18499.35,18107.517499999998,0.032849252033396725,17650.0,17250.0,400.0,6.15,2.05,2.8700000000000006,0.0,2.0,0.8700000000000006,397.13,0.002190718404552667,62928.0,518850.0,111450.0
TB16_T01_real_chain_nifty_bull_put_3pct_2pct_deeper,2023-05-22,2023-05-25,3,18348.0,18499.35,18172.265,0.034074641838655495,17750.0,17350.0,400.0,3.75,2.15,0.7150000000000003,0.0,2.0,-1.2849999999999997,399.285,-0.003218252626569993,592995.0,2227600.0,296050.0
TB16_T01_real_chain_nifty_bull_put_3pct_2pct_deeper,2023-05-25,2023-06-01,7,18499.35,18534.1,18252.665,0.032615035961384375,17900.0,17500.0,400.0,9.55,2.4,5.3575,0.0,2.0,3.3575,394.6425,0.008507700006968332,333695.0,1654850.0,2808850.0
TB16_T01_real_chain_nifty_bull_put_3pct_2pct_deeper,2023-05-29,2023-06-01,3,18633.85,18534.1,18303.657499999998,0.02679134764005231,18050.0,17650.0,400.0,4.85,2.45,1.3049999999999997,0.0,2.0,-0.6950000000000003,398.695,-0.001743187148070581,476714.0,1257300.0,600850.0
TB16_T01_real_chain_nifty_bull_put_3pct_2pct_deeper,2023-06-05,2023-06-08,3,18599.0,18563.4,18393.8625,0.018233379594272403,18000.0,17600.0,400.0,2.1,1.55,0.0024999999999999467,0.0,2.0,-1.9975,399.9975,-0.00499378121113257,668029.0,5552900.0,2407700.0
TB16_T01_real_chain_nifty_bull_put_3pct_2pct_deeper,2023-06-08,2023-06-15,7,18563.4,18826.0,18443.735,0.013573721798763927,18000.0,17600.0,400.0,4.2,2.35,0.8675000000000002,0.0,2.0,-1.1324999999999998,399.1325,-0.0028374036190989206,223901.0,3376150.0,1195050.0
TB16_T01_real_chain_nifty_bull_put_3pct_2pct_deeper,2023-06-12,2023-06-15,3,18716.15,18826.0,18475.35,0.023495474803817196,18150.0,17750.0,400.0,2.85,1.9,0.23750000000000027,0.0,2.0,-1.7624999999999997,399.7625,-0.004408867765235608,407695.0,2094300.0,298300.0
TB16_T01_real_chain_nifty_bull_put_3pct_2pct_deeper,2023-06-15,2023-06-22,7,18826.0,18665.5,18563.095,0.03420240174912381,18250.0,17850.0,400.0,7.8,3.2,2.95,0.0,2.0,0.9500000000000002,397.05,0.0023926457624984265,62581.0,566800.0,116650.0
TB16_T01_real_chain_nifty_bull_put_3pct_2pct_deeper,2023-06-19,2023-06-22,3,18816.7,18665.5,18608.5825,0.02554501853063007,18250.0,17850.0,400.0,2.45,1.55,0.30000000000000004,0.0,2.0,-1.7,399.7,-0.004253189892419315,341865.0,1212800.0,257250.0
TB16_T01_real_chain_nifty_bull_put_3pct_2pct_deeper,2023-06-21,2023-06-29,8,18771.25,19189.05,18659.66,0.024567235135348975,18200.0,17800.0,400.0,6.95,3.8,1.5375000000000005,0.0,2.0,-0.46249999999999947,398.4625,-0.0011607114847695817,59724.0,2699950.0,1221100.0
TB16_T01_real_chain_nifty_bull_put_3pct_2pct_deeper,2023-06-26,2023-06-29,3,18817.4,19189.05,18681.7725,0.009850352986634725,18250.0,17850.0,400.0,2.3,1.55,0.17249999999999988,0.0,2.0,-1.8275000000000001,399.8275,-0.004570721123484503,360445.0,1432150.0,242400.0
TB16_T01_real_chain_nifty_bull_put_3pct_2pct_deeper,2023-06-27,2023-07-06,9,18972.1,19331.8,18703.6575,0.023615547306629736,18400.0,18000.0,400.0,10.45,4.35,3.879999999999999,0.0,2.0,1.879999999999999,396.12,0.0047460365545794175,121087.0,1230350.0,844900.0
TB16_T01_real_chain_nifty_bull_put_3pct_2pct_deeper,2023-07-03,2023-07-06,3,19389.0,19331.8,18817.9025,0.04276413975588711,18800.0,18400.0,400.0,8.9,4.7,2.160000000000001,0.0,2.0,0.16000000000000103,397.84,0.0004021717273275715,1112891.0,6659100.0,2573050.0
TB16_T01_real_chain_nifty_bull_put_3pct_2pct_deeper,2023-07-05,2023-07-13,8,19497.3,19564.5,18896.4225,0.04116648154477098,18900.0,18500.0,400.0,15.8,7.0,5.380000000000001,0.0,2.0,3.380000000000001,394.62,0.008565201966448737,68300.0,1172500.0,1002150.0
TB16_T01_real_chain_nifty_bull_put_3pct_2pct_deeper,2023-07-06,2023-07-13,7,19331.8,19564.5,18931.284999999996,0.03741705595251821,18750.0,18350.0,400.0,4.9,3.0,0.7150000000000003,0.0,2.0,-1.2849999999999997,399.285,-0.003218252626569993,69456.0,667150.0,102350.0
TB16_T01_real_chain_nifty_bull_put_3pct_2pct_deeper,2023-07-10,2023-07-13,3,19439.4,19564.5,19012.805,0.045044754455285885,18850.0,18450.0,400.0,3.1,1.75,0.6225,0.0,2.0,-1.3775,399.3775,-0.003449117689404135,392351.0,1468500.0,217950.0
TB16_T01_real_chain_nifty_bull_put_3pct_2pct_deeper,2023-07-17,2023-07-20,3,19749.25,19745.0,19216.8875,0.052987265034963205,19150.0,18750.0,400.0,7.85,4.65,1.3249999999999993,0.0,2.0,-0.6750000000000007,398.675,-0.0016931084216467065,464707.0,1172150.0,715900.0
TB16_T01_real_chain_nifty_bull_put_3pct_2pct_deeper,2023-07-18,2023-07-27,9,19833.15,19646.05,19267.71,0.054018504838786896,19200.0,18800.0,400.0,17.95,9.15,4.734999999999999,0.0,2.0,2.7349999999999994,396.663,0.0068950217186881544,109197.0,2640650.0,1679300.0
TB16_T01_real_chain_nifty_bull_put_3pct_2pct_deeper,2023-07-20,2023-07-27,7,19745.0,19646.05,19372.5125,0.05187454218552312,19150.0,18750.0,400.0,7.9,4.9,1.08,0.0,2.0,-0.9199999999999999,398.92,-0.002306226812393462,51876.0,361150.0,466700.0
TB16_T01_real_chain_nifty_bull_put_3pct_2pct_deeper,2023-07-24,2023-07-27,3,19680.6,19646.05,19472.325,0.052934001027221234,19050.0,18650.0,400.0,2.65,1.25,0.815,0.0,2.0,-1.185,399.185,-0.0029685484174004537,239003.0,576300.0,462700.0
TB16_T01_real_chain_nifty_bull_put_3pct_2pct_deeper,2023-07-31,2023-08-03,3,19733.55,19517.0,19616.4,0.017770385269998412,19100.0,18700.0,400.0,3.0,1.7,0.595,0.0,2.0,-1.405,399.405,-0.003517732627283084,717987.0,3690350.0,845950.0
TB16_T01_real_chain_nifty_bull_put_3pct_2pct_deeper,2023-08-31,2023-09-07,7,19435.3,19819.95,19421.7925,0.0027680821808255818,18850.0,18450.0,400.0,8.95,2.35,4.904999999999999,0.0,2.0,2.9049999999999994,395.095,0.0073526620179956695,87100.0,727250.0,290950.0
TB16_T01_real_chain_nifty_bull_put_3pct_2pct_deeper,2023-09-05,2023-09-14,9,19611.05,20192.35,19423.2725,0.002054075321204829,19000.0,18600.0,400.0,7.35,3.65,2.05,0.0,2.0,0.04999999999999982,397.95,0.0001256439251162202,50652.0,825450.0,186900.0
TB16_T01_real_chain_nifty_bull_put_3pct_2pct_deeper,2023-09-06,2023-09-14,8,19727.05,20192.35,19427.997499999998,0.004813434831440588,19100.0,18700.0,400.0,7.35,2.85,2.9699999999999998,0.0,2.0,0.9699999999999998,397.03,0.0024431403168526304,86887.0,805750.0,655450.0
TB16_T01_real_chain_nifty_bull_put_3pct_2pct_deeper,2023-09-07,2023-09-14,7,19819.95,20192.35,19441.84,0.01416612512856208,19200.0,18800.0,400.0,6.6,3.1,2.0449999999999995,0.0,2.0,0.044999999999999485,397.955,0.00011307811184681556,334825.0,2404500.0,1307300.0
TB16_T01_real_chain_nifty_bull_put_3pct_2pct_deeper,2023-09-11,2023-09-14,3,19993.2,20192.35,19498.175,0.02874519862821634,19350.0,18950.0,400.0,5.35,3.05,1.04,0.0,2.0,-0.96,399.86400000000003,-0.0024008162775343614,334888.0,2147200.0,440000.0
TB16_T01_real_chain_nifty_bull_put_3pct_2pct_deeper,2023-09-13,2023-09-21,8,20103.1,19674.25,19565.3175,0.03810175443126207,19500.0,19050.0,450.0,15.2,6.7,5.215000000000001,0.0,2.0,3.2150000000000007,444.785,0.007228211383027756,79507.0,1200200.0,34350.0
TB16_T01_real_chain_nifty_bull_put_3pct_2pct_deeper,2023-09-14,2023-09-21,7,20192.35,19674.25,19609.427499999998,0.045685818080128726,19550.0,19100.0,450.0,7.75,3.5,2.5625,0.0,2.0,0.5625,447.4375,0.0012571588210643944,108604.0,605350.0,886400.0
TB16_T01_real_chain_nifty_bull_put_3pct_2pct_deeper,2023-11-16,2023-11-23,7,19731.8,19794.7,19332.435,0.005457408266113628,19100.0,18700.0,400.0,4.15,2.3,0.8825000000000007,0.0,2.0,-1.1174999999999993,399.1175,-0.002799927339693196,212400.0,1672850.0,1169750.0
TB16_T01_real_chain_nifty_bull_put_3pct_2pct_deeper,2023-11-20,2023-11-23,3,19783.4,19794.7,19365.085,0.02601682938529959,19150.0,18750.0,400.0,2.5,1.15,0.8025000000000002,0.0,2.0,-1.1974999999999998,399.1975,-0.0029997682851220257,215693.0,826750.0,446050.0
TB16_T01_real_chain_nifty_bull_put_3pct_2pct_deeper,2023-11-21,2023-11-30,9,19811.85,20267.9,19399.57,0.036068119955130484,19200.0,18800.0,400.0,9.2,3.8,3.45,0.0,2.0,1.4500000000000002,396.55,0.003656537637120162,71581.0,1990000.0,1199200.0
TB16_T01_real_chain_nifty_bull_put_3pct_2pct_deeper,2023-11-22,2023-11-30,8,19802.0,20267.9,19446.8075,0.050100094128253,19200.0,18800.0,400.0,5.65,2.7,1.6975000000000002,0.0,2.0,-0.30249999999999977,398.3025,-0.0007594730136014706,91254.0,2182200.0,1213500.0
TB16_T01_real_chain_nifty_bull_put_3pct_2pct_deeper,2023-11-23,2023-11-30,7,19794.7,20267.9,19484.18,0.039241885311527946,19200.0,18800.0,400.0,4.4,2.15,1.2675000000000005,0.0,2.0,-0.7324999999999995,398.7325,-0.0018370712194265566,193090.0,3507200.0,1917000.0
TB16_T01_real_chain_nifty_bull_put_3pct_2pct_deeper,2023-11-29,2023-12-07,8,20133.15,20969.4,19629.670000000002,0.06024492934122905,19500.0,19050.0,450.0,13.85,5.25,5.734999999999999,0.0,2.0,3.7349999999999994,444.265,0.008407144384545259,103042.0,1561900.0,172950.0
TB16_T01_real_chain_nifty_bull_put_3pct_2pct_deeper,2023-11-30,2023-12-07,7,20267.9,20969.4,19686.4025,0.059302523094612924,19650.0,19200.0,450.0,18.1,5.65,8.887500000000003,0.0,2.0,6.887500000000003,441.1125,0.015613930686616232,166115.0,933200.0,1199000.0
TB16_T01_real_chain_nifty_bull_put_3pct_2pct_deeper,2023-12-04,2023-12-07,3,20855.1,20969.4,19831.379999999997,0.07435445026852294,20200.0,19750.0,450.0,12.15,5.4,4.117500000000001,0.0,2.0,2.1175000000000006,445.8825,0.004749008987793871,1120561.0,4747100.0,854300.0
TB16_T01_real_chain_nifty_bull_put_3pct_2pct_deeper,2023-12-05,2023-12-14,9,20937.7,21456.65,19907.93,0.07889028016097543,20300.0,19850.0,450.0,24.2,11.4,7.460000000000001,0.0,2.0,5.460000000000001,442.54,0.012337867763366026,50734.0,665650.0,121200.0
TB16_T01_real_chain_nifty_bull_put_3pct_2pct_deeper,2023-12-07,2023-12-14,7,20969.4,21456.65,20059.517499999998,0.08115883745031027,20300.0,19850.0,450.0,7.35,3.4,2.3375,0.0,2.0,0.3374999999999999,447.6625,0.0007539161756903915,119107.0,1352850.0,249400.0
TB16_T01_real_chain_nifty_bull_put_3pct_2pct_deeper,2023-12-11,2023-12-14,3,20906.4,21456.65,20207.1475,0.07072015897119432,20250.0,19800.0,450.0,2.95,1.7,0.5525000000000004,0.0,2.0,-1.4474999999999996,449.4475,-0.0032206208734056807,339120.0,1005500.0,1063600.0
TB16_T01_real_chain_nifty_bull_put_3pct_2pct_deeper,2023-12-13,2023-12-21,8,21182.7,21349.4,20356.65,0.07660561766058716,20500.0,20050.0,450.0,13.25,3.8,6.8925,0.0,2.0,4.8925,443.1075,0.011041338727058331,137482.0,1289750.0,55600.0
TB16_T01_real_chain_nifty_bull_put_3pct_2pct_deeper,2023-12-14,2023-12-21,7,21456.65,21349.4,20441.2225,0.08557717604678938,20800.0,20350.0,450.0,13.05,5.0,5.342500000000001,0.0,2.0,3.342500000000001,444.6575,0.007517021527805111,409277.0,4037300.0,251550.0
TB16_T01_real_chain_nifty_bull_put_3pct_2pct_deeper,2023-12-18,2023-12-21,3,21453.1,21349.4,20613.52,0.0893216207982126,20800.0,20350.0,450.0,5.25,2.25,1.8749999999999996,0.0,2.0,-0.12500000000000044,448.125,-0.00027894002789400377,429720.0,3930200.0,286550.0
TB16_T01_real_chain_nifty_bull_put_3pct_2pct_deeper,2023-12-19,2023-12-28,9,21150.15,21731.4,20681.857500000002,0.06908569811053722,20500.0,20050.0,450.0,7.05,5.2,0.012500000000000178,0.0,2.0,-1.9874999999999998,449.9875,-0.0044167893552598675,61739.0,2664550.0,75750.0
TB16_T01_real_chain_nifty_bull_put_3pct_2pct_deeper,2023-12-20,2023-12-28,8,21255.05,21731.4,20754.0175,0.07284529208529245,20600.0,20150.0,450.0,20.2,7.35,8.7175,0.0,2.0,6.717499999999999,441.2825,0.015222674817152275,78237.0,1111150.0,98100.0
TB16_T01_real_chain_nifty_bull_put_3pct_2pct_deeper,2023-12-21,2023-12-28,7,21349.4,21731.4,20831.3875,0.07814362185637824,20700.0,20250.0,450.0,14.45,5.65,5.784999999999999,0.0,2.0,3.7849999999999993,444.215,0.008520648784935221,253318.0,1843750.0,366800.0
TB16_T01_real_chain_nifty_bull_put_3pct_2pct_deeper,2023-12-26,2024-01-04,9,21654.75,21710.8,21001.9725,0.0887419116427095,21000.0,20550.0,450.0,43.85,14.8,20.2525,0.0,2.0,18.2525,433.095,0.04214433322943003,78730.0,1252800.0,62600.0
TB16_T01_real_chain_nifty_bull_put_3pct_2pct_deeper,2023-12-27,2024-01-04,8,21778.7,21710.8,21086.077500000003,0.08370072549585506,21100.0,20650.0,450.0,27.65,9.0,13.152499999999998,0.0,2.0,11.152499999999998,436.8475,0.02552950400311321,68328.0,694900.0,117150.0
TB16_T01_real_chain_nifty_bull_put_3pct_2pct_deeper,2023-12-28,2024-01-04,7,21731.4,21710.8,21165.989999999998,0.07938400101325427,21050.0,20600.0,450.0,9.7,3.6,4.1049999999999995,0.0,2.0,2.1049999999999995,445.895,0.0047208423507776485,166009.0,803350.0,1292050.0
TB16_T01_real_chain_nifty_bull_put_3pct_2pct_deeper,2024-01-01,2024-01-04,3,21665.8,21710.8,21288.64,0.04732486416458803,21000.0,20550.0,450.0,3.65,1.85,0.9750000000000001,0.0,2.0,-1.025,449.025,-0.0022827236790824565,675973.0,6693350.0,169000.0
TB16_T01_real_chain_nifty_bull_put_3pct_2pct_deeper,2024-01-03,2024-01-11,8,21658.6,21894.55,21357.7975,0.034430715885698904,21000.0,20550.0,450.0,24.5,4.75,15.3625,0.0,2.0,13.3625,434.6375,0.030744010813609043,93659.0,1640300.0,141350.0
TB16_T01_real_chain_nifty_bull_put_3pct_2pct_deeper,2024-01-04,2024-01-11,7,21710.8,21894.55,21398.280000000002,0.03873710298237176,21050.0,20600.0,450.0,6.95,2.6,2.9175,0.0,2.0,0.9175,447.0825,0.002052193946307449,110563.0,411250.0,922550.0
TB16_T01_real_chain_nifty_bull_put_3pct_2pct_deeper,2024-01-08,2024-01-11,3,21544.85,21894.55,21452.8475,0.02608693581494581,20850.0,20400.0,450.0,1.9,1.0,0.4650000000000001,0.0,2.0,-1.535,449.535,-0.0034146395720021797,183854.0,815700.0,378750.0
TB16_T01_real_chain_nifty_bull_put_3pct_2pct_deeper,2024-01-10,2024-01-18,8,21647.2,21622.4,21524.505,0.03444700102980214,20950.0,20500.0,450.0,10.1,3.05,5.0775,0.0,2.0,3.0774999999999997,444.9225,0.006916934971820934,52972.0,139150.0,893050.0
TB16_T01_real_chain_nifty_bull_put_3pct_2pct_deeper,2024-01-11,2024-01-18,7,21894.55,21622.4,21560.0975,0.03360525334353026,21200.0,20750.0,450.0,21.15,3.65,13.78,0.0,2.0,11.78,437.891,0.026901671877247988,147253.0,1669500.0,199700.0
TB16_T01_real_chain_nifty_bull_put_3pct_2pct_deeper,2024-01-15,2024-01-18,3,22032.3,21622.4,21622.82,0.028650265072728498,21350.0,20900.0,450.0,7.55,3.6,2.2775,0.0,2.0,0.27749999999999986,447.7225,0.0006198035613577603,541874.0,1434550.0,2625900.0
TB16_T01_real_chain_nifty_bull_put_3pct_2pct_deeper,2024-01-31,2024-02-08,8,21697.45,21782.5,21633.7025,0.008369989798929778,21000.0,20550.0,450.0,47.35,15.75,22.135000000000005,0.0,2.0,20.135000000000005,433.949,0.04639946168789421,71965.0,954550.0,24750.0
TB16_T01_real_chain_nifty_bull_put_3pct_2pct_deeper,2024-02-01,2024-02-08,7,21853.8,21782.5,21643.4625,0.009012586224409702,21150.0,20700.0,450.0,27.15,6.8,15.257499999999997,0.0,2.0,13.257499999999997,437.076,0.030332253429609487,169195.0,293150.0,1179450.0
TB16_T01_real_chain_nifty_bull_put_3pct_2pct_deeper,2024-02-05,2024-02-08,3,21929.4,21782.5,21667.3275,0.019355738390740562,21250.0,20800.0,450.0,17.8,1.8,13.06,0.0,2.0,11.06,438.588,0.025217288206699683,752525.0,883450.0,2888850.0
TB16_T01_real_chain_nifty_bull_put_3pct_2pct_deeper,2024-02-08,2024-02-15,7,21782.5,22040.7,21698.3375,0.006250230976754478,21100.0,20650.0,450.0,21.2,4.95,12.3275,0.0,2.0,10.3275,437.6725,0.023596410558122796,168666.0,1205000.0,243300.0
TB16_T01_real_chain_nifty_bull_put_3pct_2pct_deeper,2024-02-14,2024-02-22,8,21910.75,22212.7,21674.03,0.01570558062669347,21250.0,20800.0,450.0,25.65,6.45,14.384999999999998,0.0,2.0,12.384999999999998,438.21500000000003,0.02826238262040322,85816.0,251750.0,680100.0
TB16_T01_real_chain_nifty_bull_put_3pct_2pct_deeper,2024-02-15,2024-02-22,7,22040.7,22212.7,21702.9525,0.026951973814488328,21350.0,20900.0,450.0,17.65,5.0,9.252499999999998,0.0,2.0,7.252499999999998,440.814,0.01645251738828621,210791.0,512550.0,2241400.0
TB16_T01_real_chain_nifty_bull_put_3pct_2pct_deeper,2024-02-19,2024-02-22,3,22196.95,22212.7,21759.2025,0.02897996458339125,21500.0,21050.0,450.0,11.0,2.25,6.762499999999999,0.0,2.0,4.762499999999999,443.939,0.010727825219230568,734361.0,4474850.0,641300.0
TB16_T01_real_chain_nifty_bull_put_3pct_2pct_deeper,2024-02-21,2024-02-29,8,22217.45,22338.75,21838.19,0.035587852120472,21550.0,21100.0,450.0,41.75,10.7,23.182499999999997,0.0,2.0,21.182499999999997,444.34900000000005,0.047670862317682715,67879.0,307350.0,921950.0
TB16_T01_real_chain_nifty_bull_put_3pct_2pct_deeper,2024-02-22,2024-02-29,7,22212.7,22338.75,21881.195,0.04028080889446728,21500.0,21050.0,450.0,13.9,3.85,7.3875,0.0,2.0,5.3875,444.254,0.012127071450116374,425349.0,4345500.0,412500.0
TB16_T01_real_chain_nifty_bull_put_3pct_2pct_deeper,2024-02-26,2024-02-29,3,22198.35,22338.75,21934.23,0.031421190311354374,21500.0,21050.0,450.0,6.45,1.35,3.9299999999999997,0.0,2.0,1.9299999999999997,446.07,0.004326675185509,691556.0,6869200.0,499500.0
TB16_T01_real_chain_nifty_bull_put_3pct_2pct_deeper,2024-03-06,2024-03-14,8,22493.55,22023.35,22132.81,0.032643176862160006,21800.0,21350.0,450.0,13.8,4.55,6.497500000000001,0.0,2.0,4.497500000000001,449.871,0.009997310340075269,101101.0,752350.0,84950.0
TB16_T01_real_chain_nifty_bull_put_3pct_2pct_deeper,2024-03-11,2024-03-14,3,22335.7,22023.35,22198.2625,0.02724753659181589,21650.0,21200.0,450.0,2.5,1.0,0.9750000000000001,0.0,2.0,-1.025,449.025,-0.0022827236790824565,280619.0,811150.0,815400.0
TB16_T01_real_chain_nifty_bull_put_3pct_2pct_deeper,2024-04-01,2024-04-04,3,22453.3,22513.7,22206.7725,0.005127860780034688,21750.0,21300.0,450.0,2.7,0.9,1.26,0.0,2.0,-0.74,449.066,-0.0016478646791340248,383317.0,973500.0,1845650.0
TB16_T01_real_chain_nifty_bull_put_3pct_2pct_deeper,2024-04-22,2024-04-25,3,22368.0,22419.95,22339.607500000002,0.024218030962814385,21650.0,21200.0,450.0,9.0,3.95,3.1075,0.0,2.0,1.1075,447.36,0.0024756348354792557,620267.0,966900.0,2663650.0
TB16_T01_real_chain_nifty_bull_put_3pct_2pct_deeper,2024-04-25,2024-05-02,7,22419.95,22475.85,22403.5725,0.01887096847491665,21700.0,21250.0,450.0,7.3,4.05,1.5475000000000003,0.0,2.0,-0.4524999999999997,448.4525,-0.0010090254820744665,245301.0,3142650.0,145800.0
TB16_T01_real_chain_nifty_bull_put_3pct_2pct_deeper,2024-04-29,2024-05-02,3,22604.85,22475.85,22443.457499999997,0.012449108474530624,21900.0,21400.0,500.0,5.0,2.75,1.0875000000000004,0.0,2.0,-0.9124999999999996,498.9125,-0.0018289780272091791,1342867.0,3369350.0,1245175.0
TB16_T01_real_chain_nifty_bull_put_3pct_2pct_deeper,2024-05-02,2024-05-09,7,22475.85,22055.2,22453.895,0.0010043067166072284,21800.0,21350.0,450.0,6.05,3.45,1.1750000000000003,0.0,2.0,-0.8249999999999997,449.517,-0.0018353032254619954,437519.0,2812200.0,492350.0
TB16_T01_real_chain_nifty_bull_put_3pct_2pct_deeper,2024-05-15,2024-05-23,8,22403.85,22957.1,22329.9475,0.011556400381074416,21700.0,21250.0,450.0,29.4,6.8,17.169999999999998,0.0,2.0,15.169999999999998,448.077,0.03385578817926383,123299.0,518650.0,218375.0
TB16_T01_real_chain_nifty_bull_put_3pct_2pct_deeper,2024-05-16,2024-05-23,7,22466.1,22957.1,22353.46,0.021379032863017233,21750.0,21300.0,450.0,16.4,5.55,7.557499999999998,0.0,2.0,5.557499999999998,449.322,0.01236863541068543,570423.0,347925.0,1056525.0
TB16_T01_real_chain_nifty_bull_put_3pct_2pct_deeper,2024-05-17,2024-05-23,6,22502.0,22957.1,22371.21,0.016029259041856703,21800.0,21300.0,500.0,11.7,3.45,5.977499999999999,0.0,2.0,3.977499999999999,494.0225,0.008051252726343435,1061531.0,2190900.0,1805550.0
TB16_T01_real_chain_nifty_bull_put_3pct_2pct_deeper,2024-05-21,2024-05-30,9,22597.8,22530.7,22392.332499999997,0.010273605150214582,21900.0,21400.0,500.0,26.15,8.85,12.05,0.0,2.0,10.05,487.95,0.020596372579157703,162913.0,1198900.0,782850.0
TB16_T01_real_chain_nifty_bull_put_3pct_2pct_deeper,2024-05-22,2024-05-30,8,22967.65,22530.7,22420.595,0.02523167160661366,22250.0,21750.0,500.0,45.65,10.35,26.9,0.0,2.0,24.9,473.1,0.05263157894736842,183330.0,376900.0,383775.0
TB16_T01_real_chain_nifty_bull_put_3pct_2pct_deeper,2024-05-23,2024-05-30,7,22957.1,22530.7,22439.9325,0.01713531247853939,22250.0,21750.0,500.0,19.2,7.0,8.270000000000001,0.0,2.0,6.270000000000001,491.73,0.01275089988408273,244167.0,465900.0,533275.0
TB16_T01_real_chain_nifty_bull_put_3pct_2pct_deeper,2024-05-27,2024-05-30,3,22888.15,22530.7,22477.795000000002,0.010808889124424681,22200.0,21700.0,500.0,6.3,1.55,3.5725,0.0,2.0,1.5724999999999998,496.4275,0.0031676327358979906,1072400.0,3083125.0,1900000.0
TB16_T01_real_chain_nifty_bull_put_3pct_2pct_deeper,2024-05-28,2024-06-06,9,22704.7,23290.15,22482.7875,0.004417193655343876,22000.0,21500.0,500.0,156.75,87.1,33.07249999999999,0.0,2.0,31.07249999999999,466.9275,0.06654673370062802,116352.0,1876050.0,740700.0
TB16_T01_real_chain_nifty_bull_put_3pct_2pct_deeper,2024-06-05,2024-06-13,8,22821.4,23465.6,22556.8,0.03934418763520453,22100.0,21600.0,500.0,135.0,59.2,46.67,0.0,2.0,44.67,456.42800000000005,0.09786866712822175,143345.0,165750.0,166275.0
TB16_T01_real_chain_nifty_bull_put_3pct_2pct_deeper,2024-06-06,2024-06-13,7,23290.15,23465.6,22618.5475,0.05599359788167879,22550.0,22050.0,500.0,108.75,35.1,52.0725,0.0,2.0,50.0725,465.80300000000005,0.10749716081691185,104750.0,121875.0,94300.0
TB16_T01_real_chain_nifty_bull_put_3pct_2pct_deeper,2024-06-10,2024-06-13,3,23264.85,23465.6,22728.655,0.047124271700456966,22550.0,22050.0,500.0,16.8,3.5,10.254999999999999,0.0,2.0,8.254999999999999,489.745,0.016855710624917048,453435.0,413500.0,496375.0
TB16_T01_real_chain_nifty_bull_put_3pct_2pct_deeper,2024-06-11,2024-06-20,9,23322.95,23501.1,22784.775,0.05055730601268893,22600.0,22100.0,500.0,34.7,11.25,16.557500000000005,0.0,2.0,14.557500000000005,483.4425,0.030112164321506703,60685.0,245275.0,118325.0
TB16_T01_real_chain_nifty_bull_put_3pct_2pct_deeper,2024-06-13,2024-06-20,7,23465.6,23501.1,22884.5025,0.044489252696284565,22750.0,22250.0,500.0,12.55,3.4,6.7575,0.0,2.0,4.7575,493.2425,0.009645356999853014,80916.0,487775.0,101900.0
TB16_T01_real_chain_nifty_bull_put_3pct_2pct_deeper,2024-06-18,2024-06-27,9,23516.0,24010.6,22986.645,0.04380788359917531,22800.0,22300.0,500.0,17.5,6.85,6.997500000000001,0.0,2.0,4.997500000000001,493.0025,0.010136865431716881,172701.0,1797775.0,1092175.0
TB16_T01_real_chain_nifty_bull_put_3pct_2pct_deeper,2024-06-20,2024-06-27,7,23501.1,24010.6,23061.7775,0.023226146340613818,22750.0,22250.0,500.0,7.2,3.45,2.1525000000000003,0.0,2.0,0.1525000000000003,497.8475,0.00030631870201216295,85460.0,480275.0,110100.0
TB16_T01_real_chain_nifty_bull_put_3pct_2pct_deeper,2024-06-24,2024-06-27,3,23721.3,24010.6,23130.2575,0.03439885402562748,23000.0,22500.0,500.0,11.6,2.85,6.5825,0.0,2.0,4.5825,493.4175,0.00928726686832145,2706512.0,13164875.0,7479600.0
TB16_T01_real_chain_nifty_bull_put_3pct_2pct_deeper,2024-06-26,2024-07-04,8,24044.5,24323.85,23246.280000000002,0.05900980854184379,23300.0,22800.0,500.0,31.8,8.75,16.9675,0.0,2.0,14.967500000000001,483.0325,0.03098652782162691,169982.0,692725.0,615250.0
TB16_T01_real_chain_nifty_bull_put_3pct_2pct_deeper,2024-06-27,2024-07-04,7,24010.6,24323.85,23322.3775,0.06767636118664289,23250.0,22750.0,500.0,16.15,6.15,6.654999999999999,0.0,2.0,4.654999999999999,493.345,0.009435587671913163,137201.0,448700.0,547575.0
TB16_T01_real_chain_nifty_bull_put_3pct_2pct_deeper,2024-07-01,2024-07-04,3,24123.85,24323.85,23445.9375,0.036964997270448885,23400.0,22900.0,500.0,6.3,2.3,2.71,0.0,2.0,0.71,497.29,0.0014277383418126242,837989.0,2344425.0,1650325.0
TB16_T01_real_chain_nifty_bull_put_3pct_2pct_deeper,2024-07-04,2024-07-11,7,24323.85,24502.15,23725.25,0.0658351371957897,23550.0,23050.0,500.0,7.65,2.55,3.5700000000000007,0.0,2.0,1.5700000000000007,496.43,0.003162580827105535,117006.0,472825.0,451325.0
